MAJOR;I:MAJ,V:MAJ,I:MAJ,V:MAJ,I:MAJ,V:MAJ,I:MAJ,V:MAJ,IV:MAJ,I:MAJ,IV:MAJ,V:MAJ,I:MAJ,V:MAJ,I:MAJ,V:MAJ,IV:MAJ,I:MAJ,IV:MAJ,I:MAJ,#IV:DIM,II:MAJ,V:MAJ,I:MAJ,V:MAJ,VI:MIN,II:MAJ,V:MAJ,I:MAJ,II:MAJ,VI:MIN,II:MAJ,V:MAJ,VI:MIN,V:MAJ,I:MAJ,V:MAJ,I:MAJ,V:MAJ,VI:MIN,V:MAJ,I:MAJ,II:MAJ,VI:MIN,V:MAJ,I:MAJ,V:MAJ,IV:MAJ,V:MAJ,I:MAJ,bVII:MAJ,I:MAJ,IV:MAJ,V:MAJ,VII:DIM,III:MAJ,VI:MIN,VII:DIM,III:MAJ,IV:MAJ,II:MAJ,V:MAJ,III:MAJ,VI:MIN,VII:DIM,III:MAJ,VI:MIN,VII:DIM,VI:MAJ,II:MIN,VI:MAJ,II:MIN,#I:DIM,VII:DIM,VI:MAJ,II:MIN,VI:MAJ,VII:DIM,VI:MAJ,#I:DIM,II:MIN,#I:DIM,II:MIN,bVII:MAJ,V:MIN,II:MIN,VI:MAJ,II:MIN,VI:MAJ,II:MIN,II:MAJ,V:MIN,VI:MAJ,III:DIM,II:MIN,V:MIN,VI:MAJ,#I:DIM,II:MAJ,V:MAJ,II:MAJ,V:MAJ,#IV:DIM,V:MAJ,VI:MIN,II:MIN,V:MAJ,I:MAJ,#IV:DIM,II:MAJ,V:MAJ,II:MAJ,V:MAJ,II:MAJ,V:MAJ,I:MAJ,V:MAJ,I:MAJ,V:MAJ,I:MAJ,V:MAJ,I:MAJ,IV:MAJ,I:MAJ,IV:MAJ,I:MAJ,IV:MAJ,I:MAJ,IV:MAJ,II:MIN,V:MAJ,IV:MAJ,III:DIM,bVII:MAJ,III:DIM,I:MAJ,IV:MAJ,II:MIN,V:MAJ,I:MAJ,IV:MAJ,VII:DIM,I:MAJ,III:DIM,I:MAJ,IV:MAJ,II:MAJ,V:MAJ,VII:DIM,I:MAJ,V:MAJ,I:MAJ,VII:DIM,VI:MIN,V:MAJ,VI:MIN,V:MAJ,VI:MIN,V:MAJ,VII:DIM,I:MAJ,VII:DIM,V:MAJ,I:MAJ,III:DIM,IV:MAJ,II:DIM,V:MAJ,I:MAJ,IV:MAJ,I:MAJ,II:MIN,I:MAJ,IV:MAJ,I:MAJ,II:MIN,I:MAJ,IV:MAJ,I:MAJ,IV:MAJ,V:MAJ,IV:MAJ,I:MAJ,II:MIN,I:MAJ
MAJOR;I:MAJ,VII:DIM,V:MAJ,I:MAJ,IV:MAJ,VII:DIM,I:MAJ,IV:MAJ,IV:MIN,VII:DIM,I:MAJ,VI:MIN,II:MAJ,V:MAJ,VI:MIN,II:MAJ,V:MAJ,I:MAJ,V:MAJ,I:MAJ,IV:MAJ,I:MAJ,IV:MAJ,II:MIN,V:MAJ,I:MAJ,V:MAJ,I:MAJ,V:MAJ,I:MAJ,VI:MIN,#I:DIM,VI:MAJ,II:MAJ,VII:DIM,V:MAJ,I:MAJ,VI:MIN,V:MAJ,#IV:DIM,II:MAJ,V:MAJ,I:MAJ,VI:MIN,#I:DIM,VI:MAJ,II:MAJ,I:DIM,VI:MAJ,II:MAJ,V:MAJ,#IV:DIM,II:MAJ,V:MAJ,V:MIN,#IV:DIM,V:MAJ,II:MAJ,V:MAJ,I:MAJ,VI:MIN,#IV:DIM,V:MAJ,VI:MAJ,II:MIN,III:DIM,VI:MAJ,II:MIN,bVII:MAJ,III:MAJ,VI:MIN,II:MAJ,III:MAJ,VI:MIN,#V:DIM,VI:MIN,VII:DIM,III:MAJ,VI:MIN,#IV:DIM,VII:MAJ,III:MIN,I:MAJ,VI:MIN,#IV:DIM,VII:MAJ,III:MIN,VII:MAJ,III:MIN,VII:MAJ,III:MIN,#I:DIM,VI:MAJ,II:MIN,VII:DIM,V:MAJ,I:MAJ,V:MAJ,IV:MAJ,V:MIN,IV:MAJ,III:DIM,II:MIN,I:MAJ,VII:DIM,I:MAJ,V:MAJ,VII:DIM,I:MAJ,V:MAJ,I:MAJ,III:DIM,IV:MAJ,I:MAJ,IV:MAJ,II:MIN,I:MAJ,II:MIN,I:MAJ,VII:DIM,VI:MIN,V:MAJ,#IV:DIM,II:MAJ,V:MAJ,I:MAJ,#IV:DIM,V:MAJ,I:MAJ,I:MIN,#IV:DIM,V:MAJ,I:MAJ,IV:MAJ,II:MIN,VII:DIM,I:MAJ
MAJOR;I:MAJ,IV:MAJ,V:MAJ,IV:MAJ,V:MAJ,I:MAJ,III:MIN,VI:MIN,V:MAJ,IV:MAJ,II:MIN,V:MAJ,I:MAJ,VII:DIM,I:MAJ,VII:DIM,V:MAJ,I:MAJ,IV:MAJ,V:MAJ,I:MAJ,VII:DIM,VI:MIN,#V:DIM,III:MAJ,VI:MIN,II:MAJ,V:MAJ,VI:MAJ,II:MAJ,V:MAJ,#IV:DIM,V:MAJ,#IV:DIM,II:MAJ,V:MAJ,I:MAJ,II:MAJ,VII:MIN,III:MIN,II:MAJ,I:MAJ,V:MAJ,VI:MIN,V:MAJ,II:MAJ,V:MAJ,IV:MAJ,V:MAJ,I:MAJ,VI:MIN,VII:DIM,II:MIN,III:MAJ,VI:MIN,IV:MAJ,V:MAJ,I:MAJ,VI:MIN,II:MIN,#V:DIM,VI:MIN,III:MAJ,VI:MIN,V:MAJ,#I:DIM,VI:MAJ,II:MIN,V:MAJ,I:MAJ,II:MAJ,V:MAJ,VII:DIM,I:MAJ,VII:DIM,I:MAJ,VII:DIM,VI:MIN,V:MAJ,IV:MAJ,II:MIN,V:MAJ,I:MAJ,IV:MAJ,V:MAJ,III:MIN,VI:MIN,V:MAJ,IV:MAJ,I:MAJ,II:MIN,I:MAJ,V:MAJ,I:MAJ
MAJOR;I:MAJ,II:MIN,I:MAJ,IV:MAJ,I:MAJ,II:MIN,V:MAJ,I:MAJ,V:MAJ,IV:MAJ,V:MAJ,I:MAJ,VI:MIN,V:MAJ,VI:MAJ,II:MAJ,V:MAJ,I:MAJ,II:MAJ,V:MAJ,I:MAJ,VI:MIN,II:MAJ,I:MAJ,V:MAJ,II:MAJ,V:MAJ,VI:MIN,VII:DIM,I:MAJ,IV:MAJ,bVII:MAJ,III:MIN,VI:MAJ,II:MIN,#IV:DIM,II:MAJ,V:MIN,bVII:MAJ,I:MAJ,IV:MAJ,I:MAJ,V:MIN,I:MAJ,bVII:MAJ,I:MAJ,IV:MAJ,V:MIN,I:MAJ,IV:MAJ,VI:MAJ,bVII:MAJ,VI:MIN,V:MIN,IV:MAJ,III:DIM,#I:DIM,II:MIN,III:DIM,VI:MAJ,III:MIN,VI:MAJ,V:MAJ,VI:MAJ,II:MIN,bVII:MAJ,III:DIM,VI:MAJ,II:MIN,VII:DIM,V:MAJ,I:MAJ,V:MAJ,I:MAJ,IV:MAJ,V:MAJ,I:MAJ,V:MAJ,II:MIN,V:MAJ,I:MAJ,III:DIM,I:MAJ,bVII:MAJ,I:MAJ,IV:MAJ,VII:DIM,I:MAJ,IV:MAJ,V:MAJ,I:MAJ
MAJOR;I:MAJ,IV:MAJ,II:MIN,I:MAJ,IV:MAJ,I:MAJ,II:MIN,V:MAJ,I:MAJ,IV:MAJ,V:MAJ,VII:DIM,V:MAJ,I:MAJ,III:MIN,VI:MIN,V:MAJ,VI:MAJ,II:MAJ,#IV:DIM,V:MAJ,I:MAJ,II:MAJ,V:MAJ,I:MAJ,VI:MIN,II:MAJ,#IV:DIM,V:MAJ,I:MAJ,II:MAJ,V:MAJ,IV:MAJ,VII:DIM,I:MAJ,IV:MAJ,bVII:MAJ,III:MIN,VI:MAJ,II:MIN,#IV:DIM,II:MAJ,V:MIN,bVII:MAJ,VI:MIN,IV:MAJ,I:MAJ,bVII:MAJ,I:MAJ,IV:MAJ,V:MIN,I:MAJ,IV:MAJ,II:MIN,VI:MAJ,bVII:MAJ,VI:MIN,V:MIN,IV:MAJ,III:DIM,#I:DIM,II:MIN,III:DIM,VI:MAJ,V:MAJ,VI:MAJ,II:MIN,bVII:MAJ,III:DIM,VI:MAJ,II:MIN,VII:DIM,I:MAJ,V:MAJ,I:MAJ,IV:MAJ,I:MAJ,V:MAJ,I:MAJ,bVII:MAJ,I:MAJ,IV:MAJ,VII:DIM,I:MAJ,IV:MAJ,V:MAJ,I:MAJ
MAJOR;I:MAJ,IV:MAJ,II:MIN,I:MAJ,IV:MAJ,I:MAJ,II:MIN,V:MAJ,I:MAJ,V:MAJ,VII:DIM,V:MAJ,I:MAJ,VI:MIN,V:MAJ,VI:MAJ,II:MAJ,VII:MIN,I:MAJ,II:MAJ,V:MAJ,I:MAJ,VI:MIN,II:MAJ,V:MAJ,II:MAJ,V:MAJ,III:MIN,V:MAJ,IV:MAJ,VI:MIN,VII:DIM,I:MAJ,IV:MAJ,II:MIN,V:MAJ,#I:DIM,II:MIN,#IV:DIM,II:MAJ,V:MIN,III:DIM,bVII:MAJ,I:MAJ,IV:MAJ,I:MAJ,V:MIN,I:MAJ,bVII:MAJ,I:MAJ,IV:MAJ,V:MIN,I:MAJ,IV:MAJ,II:MIN,IV:MAJ,V:MIN,III:DIM,II:MIN,#I:DIM,III:DIM,V:MIN,VI:MAJ,bVII:MAJ,III:DIM,VI:MAJ,V:MAJ,II:MIN,V:MAJ,VI:MAJ,II:MIN,bVII:MAJ,III:DIM,VI:MAJ,II:MIN,V:MAJ,I:MAJ,VII:DIM,VI:MIN,IV:MAJ,V:MAJ,I:MAJ,V:MAJ,II:MIN,V:MAJ,I:MAJ,III:DIM,I:MAJ,V:MIN,I:MAJ,V:MAJ,I:MAJ,IV:MAJ,VII:DIM,I:MAJ,II:MIN,V:MAJ,I:MAJ
MAJOR;I:MAJ,IV:MAJ,V:MAJ,I:MAJ,II:MIN,V:MAJ,VII:DIM,I:MAJ,#I:DIM,VI:MAJ,II:MIN,VII:DIM,V:MAJ,I:MAJ,II:MAJ,#IV:DIM,II:MAJ,V:MAJ,I:MAJ,V:MAJ,III:DIM,#I:DIM,VI:MAJ,II:MIN,bVII:MAJ,bIII:MAJ,VI:MAJ,V:MIN,II:MIN,III:DIM,VI:MAJ,II:MIN,III:MAJ,VI:MIN,III:DIM,I:MAJ,IV:MAJ,V:MAJ,I:MAJ,III:MIN,VI:MIN,I:MAJ,II:MIN,V:MAJ,III:MIN,V:MAJ,VI:MIN,II:MAJ,V:MAJ,I:MAJ,IV:MAJ,VII:DIM,IV:MAJ,V:MAJ,I:MIN,VII:DIM,I:MIN,bVI:MAJ,V:MAJ,IV:MIN,bVI:MAJ,II:MAJ,bVI:MAJ,V:MAJ,I:MAJ
MAJOR;V:MAJ,I:MAJ,V:MAJ,I:MAJ,V:MAJ,I:MAJ,V:MAJ,I:MAJ,V:MAJ,I:MAJ,IV:MIN,I:MAJ,IV:MAJ,V:MAJ,VI:MIN,II:MAJ,V:MAJ,I:MAJ,V:MAJ,I:MAJ,VII:DIM,I:MAJ,V:MAJ,I:MAJ,V:MAJ,I:MAJ,V:MAJ,I:MAJ,V:MAJ,VI:MIN,VII:DIM,I:MAJ,VII:DIM,VI:MIN,V:MAJ,#IV:DIM,V:MAJ,#IV:DIM,V:MAJ,II:MAJ,V:MAJ,I:MAJ,V:MAJ,I:MAJ,V:MAJ,III:DIM,I:MAJ,IV:MAJ,bVII:MAJ,III:DIM,VI:MAJ,II:MIN,V:MIN,II:MIN,V:MIN,VI:MAJ,II:MIN,V:MAJ,#IV:DIM,II:MAJ,V:MAJ,I:MAJ,VII:DIM,V:MAJ,I:MAJ,V:MAJ,I:MAJ,II:MIN,I:MAJ,II:MIN,I:MAJ,IV:MAJ,I:MAJ,IV:MAJ,I:MAJ,IV:MAJ,III:DIM,IV:MAJ,III:DIM,IV:MAJ,III:DIM,II:MAJ,V:MAJ,II:MAJ,V:MAJ,II:MAJ,V:MAJ,#IV:DIM,V:MAJ,II:MIN,IV:MAJ,I:MAJ,II:MIN,V:MAJ,I:MAJ,VI:MIN,II:MIN,V:MAJ,I:MAJ,IV:MAJ,I:MAJ,II:MIN,V:MAJ,I:MAJ,V:MAJ,VI:MIN,VII:DIM,I:MAJ,II:MIN,I:MAJ,VI:MIN,II:MIN,V:MAJ,I:MAJ,IV:MAJ,I:MAJ,II:MIN,V:MAJ,I:MAJ
MINOR;I:MIN,VI:MAJ,I:MIN,II:DIM,I:MIN,V:MAJ,I:MIN,VI:MAJ,I:MIN,II:DIM,I:MIN,V:MAJ,I:MIN,VI:MAJ,I:MIN,II:DIM,I:MIN,VI:MAJ,I:MIN,V:MAJ,II:DIM,#VII:DIM,I:MIN,V:MAJ,I:MIN,IV:MIN,I:MIN,II:DIM,I:MIN,II:DIM,III:MAJ,IV:MIN,V:MIN,VI:MAJ,V:MIN,IV:MIN,V:MIN,I:MIN,III:MAJ,IV:MAJ,V:MIN,#VI:DIM,VII:MAJ,I:MIN,V:MIN,#VI:DIM,V:MIN,III:MAJ,#VI:DIM,V:MIN,II:MAJ,V:MIN,#III:DIM,V:MIN,#III:DIM,IV:MIN,V:DIM,VII:MIN,I:MAJ,IV:MIN,bII:MAJ,VII:MAJ,I:MAJ,IV:MIN,II:DIM,IV:MIN,VII:MAJ,III:MAJ,I:MIN,VI:MAJ,VII:MAJ,III:MAJ,IV:MIN,III:MAJ,II:DIM,I:MIN,VI:MAJ,#VII:DIM,V:MIN,#VI:DIM,VI:MAJ,IV:MIN,V:MAJ,I:MIN,#VII:DIM,I:MIN,#VII:DIM,I:MIN,V:MAJ,#VII:DIM,I:MIN,#VII:DIM,I:MIN,#VII:DIM,V:MAJ,#VII:DIM,I:MIN,III:MAJ,II:DIM,I:MIN,#VII:DIM,I:MIN,IV:MIN,II:DIM,V:MAJ,I:MIN,V:MAJ,I:MIN
MAJOR;V:MAJ,I:MAJ,V:MAJ,I:MAJ,IV:MAJ,V:MAJ,I:MAJ,IV:MAJ,II:MIN,V:MAJ,I:MAJ,VII:DIM,I:MAJ,II:MIN,V:MAJ,I:MAJ,IV:MAJ,V:MAJ,I:MAJ,IV:MAJ,I:MAJ,IV:MAJ,I:MAJ,IV:MAJ,V:MAJ,II:MIN,V:MAJ,VI:MIN,V:MAJ,I:MAJ,VI:MIN,VII:MIN,V:MAJ,VI:MIN,#IV:DIM,II:MAJ,V:MAJ,#IV:DIM,V:MAJ,I:MAJ,II:MAJ,V:MAJ,VII:DIM,I:MAJ,II:MAJ,#IV:DIM,II:MAJ,V:MAJ,I:MAJ,VI:MIN,II:MAJ,III:MIN,VI:MIN,II:MAJ,V:MAJ,II:MAJ,V:MAJ,I:MAJ,IV:MAJ,V:MAJ,VI:MAJ,II:MIN,#I:DIM,II:MIN,VI:MAJ,II:MIN,VI:MAJ,II:MAJ,V:MIN,I:MIN,II:MAJ,#IV:DIM,V:MIN,#IV:DIM,V:MIN,II:MAJ,V:MIN,II:MAJ,V:MAJ,I:MAJ,II:MIN,I:MAJ,IV:MAJ,V:MAJ,IV:MAJ,II:MIN,VII:DIM,V:MAJ,I:MAJ,IV:MAJ,VII:DIM,III:MIN,VI:MIN,II:MIN,V:MAJ,I:MAJ,V:MAJ,VII:DIM,I:MAJ,IV:MAJ,I:MAJ,III:DIM,IV:MAJ,V:MIN,VI:MIN,bVII:MAJ,I:MAJ,VII:DIM,IV:MAJ,I:MAJ,V:MAJ,I:MAJ,II:MIN,I:MAJ,IV:MAJ,II:MIN,V:MAJ,I:MAJ,V:MAJ,I:MAJ,VI:MIN,IV:MAJ,V:MAJ,III:MIN,IV:MAJ,II:MIN,VII:DIM,VI:MIN,V:MAJ,VI:MIN,II:MIN,V:MAJ,I:MAJ
MINOR;V:MAJ,I:MIN,V:MIN,IV:MIN,V:MAJ,I:MIN,VI:MAJ,V:MIN,IV:MIN,V:MAJ,#VII:DIM,V:MAJ,I:MIN,V:MAJ,I:MIN,VI:MAJ,V:MIN,II:DIM,V:MAJ,#VII:DIM,V:MAJ,I:MAJ,#III:DIM,I:MAJ,IV:MAJ,#VI:DIM,IV:MAJ,VII:MAJ,II:DIM,VII:MAJ,III:MAJ,VII:MAJ,I:MIN,IV:MAJ,VII:MAJ,#VI:DIM,VII:MAJ,VI:MAJ,V:DIM,VII:MIN,V:DIM,III:MAJ,VI:MAJ,V:MIN,IV:MIN,VI:MAJ,IV:MIN,II:DIM,V:MIN,VII:MAJ,#III:DIM,V:MIN,#III:DIM,I:MAJ,IV:MIN,VI:MAJ,II:DIM,IV:MIN,II:DIM,VII:MAJ,III:MAJ,VII:MAJ,III:MAJ,I:MIN,#VII:DIM,#VI:DIM,V:MAJ,#VII:DIM,V:MAJ,I:MIN,I:MAJ,#III:DIM,I:MAJ,IV:MIN,#IV:DIM,II:MAJ,V:MAJ,#VII:DIM,V:MAJ,I:MIN,I:MAJ,IV:MIN,#VII:DIM,V:MAJ,I:MIN,II:DIM,VI:MAJ,#VII:DIM,VI:MAJ,II:DIM,VI:MAJ,V:MAJ,I:MIN,V:MAJ,I:MIN,VI:MAJ,III:MAJ,IV:MIN,III:MAJ,IV:MIN,VII:MAJ,V:MIN,II:DIM,III:MAJ,II:DIM,III:MAJ,VI:MAJ,IV:MIN,#VII:DIM,#VI:DIM,#VII:DIM,V:MAJ,II:DIM,V:MAJ,I:MIN,IV:MIN,I:MIN,II:DIM,I:MIN,V:MAJ,#VI:DIM,#VII:DIM,I:MIN,V:MAJ,I:MIN,IV:MIN,I:MIN,#VII:DIM,I:MIN,II:DIM,I:MIN,#VII:DIM,I:MIN,II:DIM,I:MIN,#VII:DIM,I:MIN,#VII:DIM,I:MIN,#VII:DIM,I:MIN,II:DIM,#VII:DIM,V:MAJ,I:MIN,#VII:DIM,I:MIN,#VII:DIM,I:MIN,II:DIM,#VII:DIM,V:MAJ,I:MIN,#VII:DIM,I:MIN,#VII:DIM,I:MIN,II:DIM,V:MAJ,#VII:DIM,#VI:DIM,II:DIM,I:MIN,#VII:DIM,I:MIN,#VII:DIM,#VI:DIM,#VII:DIM,#VI:DIM,V:MAJ,II:DIM,I:MIN,#VII:DIM,#VI:DIM,#VII:DIM,V:MAJ,IV:MIN,II:DIM,#VII:DIM,V:MAJ,II:DIM,#VII:DIM,II:DIM,V:MAJ,II:DIM,V:MAJ,#VII:DIM,V:MAJ,I:MIN,VII:MAJ,III:MAJ,I:MIN,IV:MIN,I:MIN,#VII:DIM,I:MIN,#VII:DIM,I:MIN,V:MAJ,VI:MAJ,II:DIM,V:MAJ,I:MIN,V:MAJ,I:MIN,VI:MAJ,III:MAJ,II:DIM,III:MAJ,II:DIM,I:MIN,V:MAJ,I:MIN,IV:MIN,I:MIN,#VII:DIM,I:MIN,V:MAJ,I:MIN,#VII:DIM,#VI:DIM,#VII:DIM,VI:MAJ,V:MAJ,I:MIN,IV:MIN,V:MAJ,I:MIN,IV:MIN,II:DIM,VII:MAJ,III:MAJ,#VI:DIM,#IV:DIM,II:MAJ,V:MIN,VII:MAJ,#VI:DIM,V:MIN,II:MAJ,V:MIN,III:MAJ,II:MIN,I:MIN,II:MAJ,#IV:DIM,II:MAJ,V:MIN,I:MIN,#VI:DIM,IV:MAJ,VII:MAJ,#III:DIM,#I:DIM,#VI:MAJ,II:MIN,#VII:DIM,V:MAJ,#VII:DIM,V:MAJ,I:MIN,IV:MAJ,#VI:DIM,IV:MAJ,VII:MAJ,#VI:DIM,VII:MAJ,III:MAJ,I:MIN,IV:MAJ,VII:MAJ,IV:MAJ,II:DIM,IV:MIN,II:DIM,VII:MAJ,III:MAJ,I:MIN,III:MAJ,I:MIN,#VI:DIM,II:MIN,V:MAJ,II:MIN,V:MAJ,I:MIN,IV:MAJ,I:MIN,IV:MAJ,VII:MAJ,II:MAJ,V:MIN,III:MAJ,II:MIN,I:MIN,II:MAJ,#IV:DIM,II:MAJ,V:MIN,IV:MAJ,VII:MAJ,V:MIN,I:MIN,V:MIN,#IV:DIM,V:MIN,#IV:DIM,V:MIN,II:MAJ,III:MAJ,#VI:DIM,II:MAJ,V:MIN,II:MAJ,V:MIN,III:MAJ,VII:MAJ,#VI:DIM,VII:MAJ,#VI:DIM,V:MIN,II:MAJ,V:MIN,I:MIN,V:MIN,#IV:DIM,V:MIN,II:MAJ,V:MIN,#IV:DIM,#III:DIM,#IV:DIM,II:MAJ,V:MIN,I:MIN,II:MAJ,V:MIN,I:MAJ,#III:DIM,I:MAJ,IV:MIN,VII:MAJ,II:DIM,VII:MAJ,III:MAJ,II:DIM,III:MAJ,VI:MAJ,IV:MIN,VII:MAJ,III:MAJ,VII:MAJ,III:MAJ,#VI:DIM,VII:MAJ,III:MAJ,IV:MIN,VII:MAJ,II:DIM,VII:MAJ,III:MAJ,V:MAJ,I:MIN,V:MIN,IV:MIN,V:MAJ,I:MIN,VI:MAJ,V:MIN,IV:MIN,V:MAJ,#VII:DIM,V:MAJ,I:MIN,V:MAJ,I:MIN,VI:MAJ,V:MIN,II:DIM,V:MAJ,#VII:DIM,V:MAJ,I:MAJ,#III:DIM,I:MAJ,IV:MAJ,#VI:DIM,IV:MAJ,VII:MAJ,II:DIM,VII:MAJ,III:MAJ,VII:MAJ,I:MIN,IV:MAJ,VII:MAJ,#VI:DIM,VII:MAJ,VI:MAJ,V:DIM,VII:MIN,V:DIM,III:MAJ,VI:MAJ,V:MIN,IV:MIN,VI:MAJ,IV:MIN,II:DIM,V:MIN,VII:MAJ,#III:DIM,V:MIN,#III:DIM,I:MAJ,IV:MIN,VI:MAJ,II:DIM,IV:MIN,II:DIM,VII:MAJ,III:MAJ,VII:MAJ,III:MAJ,I:MIN,#VII:DIM,#VI:DIM,V:MAJ,#VII:DIM,V:MAJ,I:MIN,I:MAJ,#III:DIM,I:MAJ,IV:MIN,#IV:DIM,II:MAJ,V:MAJ,#VII:DIM,V:MAJ,I:MIN,I:MAJ,IV:MIN,#VII:DIM,V:MAJ,I:MIN,II:DIM,VI:MAJ,#VII:DIM,VI:MAJ,II:DIM,VI:MAJ,V:MAJ,I:MIN,V:MAJ,I:MIN,VI:MAJ,III:MAJ,IV:MIN,III:MAJ,IV:MIN,VII:MAJ,V:MIN,II:DIM,III:MAJ,II:DIM,III:MAJ,VI:MAJ,IV:MIN,#VII:DIM,#VI:DIM,#VII:DIM,V:MAJ,II:DIM,V:MAJ,I:MIN,IV:MIN,I:MIN,II:DIM,I:MIN,V:MAJ,#VI:DIM,#VII:DIM,I:MIN,V:MAJ,I:MIN,IV:MIN,I:MIN,#VII:DIM,I:MIN,II:DIM,I:MIN,#VII:DIM,I:MIN,II:DIM,I:MIN,#VII:DIM,I:MIN,#VII:DIM,I:MIN,#VII:DIM,I:MIN,II:DIM,#VII:DIM,V:MAJ,I:MIN,#VII:DIM,I:MIN,#VII:DIM,I:MIN,II:DIM,#VII:DIM,V:MAJ,I:MIN,#VII:DIM,I:MIN,#VII:DIM,I:MIN,II:DIM,V:MAJ,#VII:DIM,#VI:DIM,II:DIM,I:MIN,#VII:DIM,I:MIN,#VII:DIM,#VI:DIM,#VII:DIM,#VI:DIM,V:MAJ,II:DIM,I:MIN,#VII:DIM,#VI:DIM,#VII:DIM,V:MAJ,IV:MIN,II:DIM,#VII:DIM,V:MAJ,II:DIM,#VII:DIM,II:DIM,V:MAJ,II:DIM,V:MAJ,#VII:DIM,V:MAJ,I:MIN,VII:MAJ,III:MAJ,I:MIN,IV:MIN,I:MIN,#VII:DIM,I:MIN,#VII:DIM,I:MIN,V:MAJ,VI:MAJ,II:DIM,V:MAJ,I:MIN,V:MAJ,I:MIN,VI:MAJ,III:MAJ,II:DIM,III:MAJ,II:DIM,I:MIN,V:MAJ,I:MIN,IV:MIN,I:MIN,#VII:DIM,I:MIN,V:MAJ,I:MIN,#VII:DIM,#VI:DIM,#VII:DIM,VI:MAJ,V:MAJ,I:MIN,IV:MIN,V:MAJ,I:MIN
MINOR;V:MAJ,I:MIN,VI:MAJ,I:MIN,II:DIM,#VII:DIM,V:MAJ,I:MIN,V:MAJ,I:MIN,II:DIM,V:MAJ,#VII:DIM,I:MIN,I:MAJ,IV:MIN,IV:MAJ,#VI:DIM,VII:MAJ,III:MAJ,I:MIN,IV:MAJ,#VII:DIM,II:DIM,I:MIN,V:MIN,I:MIN,#IV:DIM,V:MIN,#VI:DIM,II:MAJ,V:MIN,I:MIN,II:MAJ,V:MIN,#III:DIM,#I:DIM,II:MAJ,V:MIN,I:MIN,#VI:DIM,#IV:DIM,V:MIN,II:MAJ,V:MAJ,I:MIN,V:MAJ,I:MIN,#IV:DIM,V:MAJ,II:MAJ,V:MAJ,#VII:DIM,I:MIN,V:MAJ,I:MIN,#VII:DIM,V:MAJ,I:MAJ,#III:DIM,I:MAJ,V:DIM,IV:MAJ,VII:MAJ,I:MIN,VII:MAJ,III:MAJ,IV:MAJ,VII:MAJ,II:DIM,III:MAJ,VII:MAJ,III:MAJ,II:DIM,V:MAJ,#VII:DIM,II:MIN,V:MAJ,I:MIN,V:MAJ,I:MAJ,VII:MIN,V:DIM,I:MAJ,VII:MIN,I:MAJ,IV:MIN,VII:MAJ,II:DIM,III:MAJ,VI:MAJ,II:DIM,V:MAJ,#VII:DIM,I:MIN,IV:MIN,V:MAJ,IV:MIN,V:MAJ,VI:MAJ,V:MAJ,I:MIN,II:DIM,I:MIN,VI:MAJ,#VII:DIM,V:MAJ,I:MIN,VI:MAJ,IV:MIN,II:DIM,#VII:DIM,II:DIM,I:MIN,II:DIM,V:MAJ,I:MAJ,IV:MIN,I:MAJ,IV:MIN,#VII:DIM,I:MAJ
MINOR;I:MIN,V:MAJ,I:MIN,V:MAJ,I:MIN,I:MAJ,IV:MIN,#VII:DIM,I:MIN,IV:MIN,V:MAJ,#VII:DIM,I:MIN,#VII:DIM,IV:MAJ,V:MAJ,I:MIN,VII:MAJ,IV:MIN,III:MAJ,VI:MAJ,III:MAJ,VII:MIN,III:MAJ,VI:MAJ,IV:MIN,II:DIM,VII:MAJ,III:MAJ,VII:MAJ,III:MAJ,IV:MIN,VII:MAJ,I:MIN,VII:MAJ,III:MAJ,II:DIM,III:MAJ,VI:MAJ,III:MAJ,V:DIM,VI:MAJ,IV:MIN,VII:MAJ,III:MAJ,IV:MAJ,II:MIN,V:MAJ,II:MIN,I:MIN,#VII:DIM,V:MAJ,I:MIN,III:MAJ,V:DIM,I:MAJ,V:DIM,IV:MIN,I:MAJ,IV:MIN,VII:MIN,IV:MIN,V:DIM,I:MAJ,IV:MIN,II:DIM,VII:MAJ,III:MAJ,II:DIM,III:MAJ,#VI:DIM,IV:MAJ,VII:MAJ,V:MIN,II:DIM,III:MAJ,I:MIN,IV:MAJ,II:DIM,I:MIN,II:DIM,I:MIN,V:MAJ,I:MIN,II:DIM,V:MAJ,VI:MAJ,#III:DIM,IV:MIN,V:MAJ,IV:MIN,V:MAJ,I:MIN
MINOR;I:MIN,II:DIM,V:MAJ,VI:MAJ,I:MIN,II:DIM,V:MAJ,I:MIN,VI:MAJ,II:DIM,VII:MAJ,III:MAJ,VII:MAJ,IV:MIN,III:MAJ,IV:MIN,VI:MAJ,VII:MAJ,V:DIM,III:MAJ,V:DIM,VI:MAJ,#VI:DIM,VII:MAJ,III:MAJ,VII:MAJ,III:MAJ,#IV:DIM,V:MIN,#I:DIM,II:MAJ,V:MIN,#I:DIM,#IV:DIM,II:MAJ,#VII:DIM,I:MIN,V:MIN,II:MAJ,V:MIN,V:DIM,VII:MIN,I:MAJ,#III:DIM,IV:MIN,VI:MAJ,VII:MAJ,II:DIM,III:MAJ,II:DIM,VI:MAJ,III:MAJ,VI:MAJ,III:MAJ,VII:MIN,I:MIN,#VII:DIM,I:MIN,#VII:DIM,I:MIN,#IV:DIM,V:MAJ,I:MIN
MINOR;I:MIN,II:DIM,V:MAJ,VI:MAJ,I:MIN,II:DIM,V:MAJ,I:MIN,VI:MAJ,VII:MAJ,II:DIM,III:MAJ,VII:MAJ,VI:MAJ,III:MAJ,IV:MIN,VI:MAJ,VII:MAJ,V:DIM,VI:MAJ,#VI:DIM,VII:MAJ,III:MAJ,VII:MAJ,III:MAJ,#IV:DIM,V:MIN,II:MAJ,V:MIN,V:DIM,#IV:DIM,II:MAJ,#VII:DIM,I:MIN,V:MIN,II:MAJ,V:MIN,VII:MAJ,I:MAJ,#III:DIM,IV:MIN,VI:MAJ,VII:MAJ,II:DIM,III:MAJ,II:DIM,VI:MAJ,III:MAJ,VI:MAJ,III:MAJ,bII:MAJ,I:MIN,#VII:DIM,I:MIN,#VII:DIM,I:MIN,#IV:DIM,V:MAJ,I:MIN
MINOR;I:MIN,IV:MIN,I:MIN,IV:MIN,I:MIN,II:DIM,I:MIN,IV:MIN,I:MIN,II:DIM,V:MAJ,II:MIN,#VII:DIM,V:MAJ,I:MIN,V:MAJ,I:MIN,V:MAJ,I:MIN,#VI:DIM,IV:MAJ,VII:MAJ,III:MAJ,#VI:DIM,#IV:DIM,II:MAJ,V:MIN,II:MAJ,V:MIN,II:MAJ,V:MIN,#IV:DIM,II:MAJ,#IV:DIM,II:MAJ,V:MIN,#IV:DIM,V:MIN,#IV:DIM,II:MAJ,V:MIN,#VI:DIM,II:MAJ,V:MIN,V:MAJ,I:MIN,V:MAJ,I:MIN,I:MAJ,IV:MIN,I:MAJ,IV:MIN,I:MAJ,IV:MIN,VII:MIN,III:MAJ,VI:MAJ,IV:MIN,VII:MIN,IV:MIN,V:MIN,I:MAJ,V:DIM,I:MAJ,bII:MAJ,V:DIM,I:MAJ,IV:MIN,I:MIN,VII:MAJ,II:DIM,VII:MAJ,III:MAJ,II:DIM,VII:MAJ,III:MAJ,II:DIM,#VII:DIM,I:MIN,V:MAJ,#VII:DIM,I:MIN,#VII:DIM,V:MAJ,I:MIN,II:DIM,V:MAJ,VI:MAJ,V:MAJ,IV:MIN,II:DIM,V:MAJ,#VII:DIM,I:MIN,I:MAJ,IV:MIN,II:MAJ,#IV:DIM,V:MIN,V:MAJ,VI:MAJ,I:MIN,II:MIN,I:MIN,VII:MAJ,II:DIM,V:MAJ,I:MIN,#VII:DIM,I:MIN,II:DIM,I:MIN,IV:MIN,V:MAJ,I:MIN
MAJOR;I:MAJ,IV:MAJ,I:MAJ,IV:MAJ,I:MAJ,II:MIN,I:MAJ,V:MAJ,I:MAJ,IV:MAJ,I:MAJ,IV:MAJ,I:MAJ,III:MIN,VI:MIN,II:MAJ,V:MAJ,I:MAJ,IV:MAJ,VI:MIN,VII:DIM,II:MIN,III:MAJ,#IV:DIM,III:MAJ,VI:MAJ,II:MIN,VI:MAJ,II:MIN,VI:MIN,VII:DIM,VI:MIN,VII:DIM,III:MAJ,VI:MIN,II:MAJ,V:MAJ,V:MIN,I:MAJ,IV:MAJ,II:MIN,V:MAJ,I:MAJ,VI:MIN,V:MAJ,I:MAJ,IV:MAJ,II:MIN,V:MAJ,I:MAJ
MINOR;V:MAJ,I:MIN,#VII:DIM,V:MAJ,I:MIN,II:DIM,V:MAJ,I:MIN,VI:MAJ,II:DIM,VII:MAJ,III:MAJ,VI:MAJ,IV:MIN,VII:MAJ,V:MIN,I:MIN,VI:MAJ,VII:MAJ,V:MIN,VI:MAJ,IV:MIN,II:DIM,VII:MAJ,II:DIM,III:MAJ,II:DIM,VII:MAJ,III:MAJ,VII:MAJ,III:MAJ,V:DIM,VI:MAJ,IV:MIN,V:MIN,III:MAJ,VII:MAJ,II:DIM,III:MAJ,IV:MAJ,VII:MAJ,III:MAJ,VII:MAJ,III:MAJ,VII:MAJ,III:MAJ,VII:MAJ,III:MAJ,VII:MAJ,III:MAJ,VI:MAJ,VII:MAJ,III:MAJ,II:DIM,VII:MAJ,III:MAJ,IV:MIN,VII:MAJ,III:MAJ,#VI:DIM,II:MAJ,V:MAJ,#VII:DIM,I:MAJ,IV:MAJ,#VI:DIM,VII:MAJ,V:MIN,#VI:DIM,#IV:DIM,V:MIN,I:MIN,II:MAJ,V:MIN,III:MAJ,#VI:DIM,IV:MAJ,VII:MAJ,V:MIN,I:MAJ,#VI:DIM,II:MAJ,#IV:DIM,V:MIN,#III:DIM,#VI:MIN,#IV:DIM,V:MIN,I:MAJ,#VI:MIN,V:MIN,II:MAJ,V:MIN,I:MIN,II:MAJ,V:MIN,V:DIM,I:MAJ,IV:MIN,VII:MAJ,III:MAJ,I:MIN,V:MAJ,#VII:DIM,I:MIN,II:DIM,V:MAJ,I:MIN,V:MAJ,I:MIN,V:MAJ,I:MIN,V:MAJ,I:MIN,V:MAJ,I:MIN,IV:MIN,V:MAJ,I:MIN
MINOR;V:MAJ,I:MIN,V:MAJ,I:MIN,V:MAJ,I:MIN,V:MAJ,I:MIN,IV:MIN,VII:MAJ,III:MAJ,VI:MAJ,II:DIM,V:MAJ,I:MIN,IV:MIN,VII:MAJ,III:MAJ,VI:MAJ,II:DIM,V:MAJ,#VII:DIM,I:MIN,V:MAJ,I:MAJ,IV:MAJ,II:MAJ,V:MAJ,I:MIN,IV:MIN,V:MAJ,II:DIM,V:MAJ,I:MIN,IV:MIN,II:DIM,V:MAJ,I:MIN,#IV:DIM,V:MIN,#I:DIM,II:MIN,VII:MAJ,I:MIN,VI:MAJ,VII:MAJ,V:MIN,#III:DIM,IV:MIN,#VII:DIM,V:MAJ,I:MIN,V:MAJ,I:MIN,#IV:DIM,V:MIN,#IV:DIM,V:MIN,#IV:DIM,V:MIN,I:MAJ,V:MIN,I:MAJ,V:MIN,I:MAJ,IV:MIN,#III:DIM,IV:MIN,#III:DIM,IV:MIN,VII:MAJ,IV:MIN,VII:MAJ,IV:MIN,VII:MAJ,III:MAJ,#VI:DIM,VII:MAJ,#VI:DIM,VII:MAJ,#VI:DIM,VII:MAJ,III:MAJ,VII:MIN,III:MAJ,VII:MIN,III:MAJ,VI:MAJ,V:DIM,VI:MAJ,V:DIM,VI:MAJ,II:DIM,VI:MAJ,II:DIM,VI:MAJ,II:DIM,V:MAJ,I:MIN,VII:MAJ,VI:MAJ,V:MIN,IV:MIN
MAJOR;I:MAJ,V:MAJ,I:MAJ,IV:MAJ,V:MAJ,I:MAJ,V:MAJ,I:MAJ,V:MAJ,I:MAJ,V:MAJ,I:MAJ,V:MAJ,I:MAJ,IV:MAJ,VII:DIM,V:MAJ,III:MIN,VI:MIN,II:MIN,V:MAJ,I:MAJ,IV:MAJ,VII:DIM,V:MAJ,III:MIN,VI:MIN,II:MIN,V:MAJ,VII:DIM,I:MAJ,V:MAJ,I:MAJ,IV:MAJ,II:MAJ,V:MAJ,I:MAJ,IV:MAJ,V:MAJ,II:MIN,V:MAJ,I:MAJ,IV:MAJ,II:MIN,V:MAJ,I:MAJ,#IV:DIM,V:MAJ,#I:DIM,II:MIN
MINOR;#III:DIM,IV:MIN,#VII:DIM,I:MIN,#IV:DIM,V:MAJ,I:MIN,V:MAJ,I:MIN,V:MAJ,I:MIN,V:MAJ,I:MIN,IV:MIN,VII:MAJ,III:MAJ,VI:MAJ,II:DIM,V:MAJ,II:DIM,V:MAJ,I:MIN,IV:MIN,II:DIM,V:MAJ,I:MIN,#IV:DIM,V:MIN,II:MIN,VII:MAJ,I:MIN,VI:MAJ,V:MIN,#III:DIM,IV:MIN,V:MAJ,#VII:DIM,V:MAJ
MAJOR;VII:DIM,#V:DIM,III:MAJ,VI:MIN,III:MAJ,VI:MIN,#II:DIM,III:MIN,#II:DIM,III:MIN,#II:DIM,III:MIN,VI:MAJ,III:MIN,VI:MAJ,III:MIN,VI:MAJ,II:MIN,#I:DIM,II:MIN,#I:DIM,II:MIN,V:MAJ,II:MIN,V:MAJ,II:MIN,V:MAJ,I:MAJ,#IV:DIM,V:MAJ,#IV:DIM,V:MAJ,#IV:DIM,V:MAJ,I:MAJ,V:MIN,I:MAJ,V:MIN,I:MAJ,IV:MAJ,III:DIM,IV:MAJ,III:DIM,IV:MAJ,VII:DIM,IV:MAJ,VII:DIM,IV:MAJ,VII:DIM,III:MAJ,VI:MIN,V:MAJ,IV:MAJ,III:MIN,II:MIN,I:MAJ,V:MAJ,I:MAJ,IV:MAJ,V:MAJ,I:MAJ
MINOR;#VI:DIM,I:DIM,#VI:DIM,IV:MAJ,VII:MIN,V:DIM,III:MAJ,VII:MIN,V:DIM,III:MAJ,VI:MAJ,IV:MIN,#VII:DIM,II:DIM,#VII:DIM,V:MAJ,I:MIN,VI:MAJ,V:MIN,IV:MIN,IV:MAJ,V:MAJ,#IV:DIM,II:MAJ,V:MAJ,I:MIN,V:MAJ,I:MIN,V:MAJ,I:MIN,V:MAJ,I:MIN,V:MAJ,I:MIN,IV:MIN,VII:MAJ,III:MAJ,VI:MAJ,II:DIM,V:MAJ,I:MIN,IV:MIN,VII:MAJ,III:MAJ,VI:MAJ,II:DIM,V:MAJ,#VII:DIM,I:MIN,V:MAJ,I:MAJ,IV:MAJ,II:MAJ,V:MAJ,I:MIN,IV:MIN,V:MAJ,II:DIM,V:MAJ,I:MIN,IV:MIN,II:DIM,V:MAJ,I:MIN
MINOR;I:MIN,#VII:DIM,II:DIM,V:MAJ,#VII:DIM,I:MIN,II:DIM,V:MAJ,I:MIN,VI:MAJ,IV:MIN,VII:MAJ,V:MIN,III:MAJ,VI:MAJ,IV:MIN,II:DIM,V:MAJ,I:MIN,V:MAJ,II:DIM,I:MAJ,#III:DIM,IV:MIN,#III:DIM,V:DIM,I:MAJ,#III:DIM,IV:MIN,II:DIM,#VII:DIM,V:MAJ,#VI:DIM,#VII:DIM,I:MIN,II:MAJ,V:MIN,#IV:DIM,#VI:DIM,II:MAJ,V:MAJ,II:DIM,I:MIN,#VII:DIM,I:MIN,V:DIM,IV:MIN,III:MAJ,#IV:DIM,II:MAJ,#IV:DIM,V:MIN,I:MIN,II:MAJ,V:MIN,I:MIN,#IV:DIM,V:MAJ,I:MIN,#III:DIM,IV:MIN,VII:MIN,I:MAJ,IV:MIN,#VI:DIM,IV:MAJ,I:MIN,IV:MAJ,VII:MAJ,III:MAJ,VI:MAJ,IV:MIN,VII:MAJ,III:MAJ,IV:MIN,VII:MAJ,III:MAJ,I:MIN,IV:MIN,V:MAJ,#VII:DIM,I:MIN,V:MAJ,#IV:DIM,V:MAJ,#VII:DIM,I:MIN,II:DIM,V:MAJ,I:MIN,VI:MAJ,III:MAJ,VI:MAJ,IV:MIN,VI:MAJ,VII:MAJ,V:DIM,I:MAJ,IV:MIN,#VII:DIM,I:MIN,II:DIM,V:MAJ,II:DIM,V:MAJ,#VII:DIM,I:MIN,#VII:DIM,IV:MAJ,#VII:DIM,II:DIM,V:MAJ,#VII:DIM,I:MIN,IV:MIN,V:MAJ,I:MIN,IV:MIN,#VII:DIM,I:MIN
MINOR;V:MAJ,I:MIN,II:DIM,V:MAJ,#VII:DIM,V:MAJ,I:MIN,#VII:DIM,V:MAJ,I:MIN,V:MAJ,VI:MAJ,II:DIM,#VII:DIM,V:MAJ,I:MIN,V:MAJ,I:MIN,VII:MAJ,III:MAJ,II:DIM,III:MAJ,VI:MAJ,IV:MIN,VII:MAJ,VI:MAJ,III:MAJ,VII:MAJ,III:MAJ,I:MIN,IV:MIN,II:DIM,V:MAJ,#VII:DIM,I:MIN,V:MAJ,I:MIN,VI:MAJ,IV:MIN,I:MAJ,IV:MIN,II:DIM,IV:MIN,V:MAJ,I:MIN,#VI:DIM,III:MAJ,#IV:DIM,II:MAJ,#IV:DIM,V:MIN,I:MIN,#VI:DIM,II:MAJ,V:MAJ,#VII:DIM,V:MAJ,I:MIN,V:MAJ,I:MIN,V:MAJ,I:MIN,IV:MAJ,VII:MAJ,IV:MAJ,VII:MAJ,III:MAJ,IV:MAJ,VII:MIN,V:DIM,#III:DIM,IV:MIN,I:MAJ,IV:MIN,bII:MAJ,V:DIM,I:MAJ,IV:MIN,V:DIM,bV:MAJ,I:DIM,IV:MAJ,VII:MIN,#III:DIM,IV:MIN,V:DIM,I:MAJ,IV:MIN,II:DIM,III:MAJ,IV:MIN,I:MIN,VII:MAJ,V:MIN,I:MIN,IV:MIN,VII:MAJ,III:MAJ,VII:MAJ,I:MIN,#VI:DIM,IV:MAJ,VII:MAJ,II:DIM,#VII:DIM,V:MAJ,I:MIN,V:MAJ,I:MIN,#IV:DIM,V:MAJ,II:DIM,I:MAJ,IV:MIN,II:DIM,I:MIN,#VII:DIM,V:MAJ,I:MIN,IV:MIN,II:DIM,V:MAJ,I:MIN
MINOR;I:MIN,II:DIM,#VII:DIM,II:DIM,#VII:DIM,V:MAJ,I:MIN,I:MAJ,IV:MAJ,V:MAJ,II:DIM,#VII:DIM,#IV:DIM,V:MAJ,III:MAJ,I:MAJ,#III:DIM,IV:MIN,#VII:DIM,VI:MAJ,VII:DIM,V:DIM,VII:DIM,VI:MAJ,#VI:DIM,#IV:DIM,#VII:DIM,V:MAJ,#VII:DIM,I:MAJ,IV:MIN,#IV:DIM,V:MAJ,I:MIN
MINOR;I:MIN,II:DIM,#VII:DIM,II:DIM,#VII:DIM,V:MAJ,I:MIN,I:MAJ,IV:MAJ,V:MAJ,II:DIM,#VII:DIM,#IV:DIM,V:MAJ,III:MAJ,I:MAJ,#III:DIM,IV:MIN,#VII:DIM,VI:MAJ,VII:DIM,V:DIM,VII:DIM,VI:MAJ,#VI:DIM,#IV:DIM,#VII:DIM,V:MAJ,#VII:DIM,I:MAJ,IV:MIN,bII:MAJ,IV:MIN,#IV:DIM,V:MAJ,I:MIN
MINOR;I:MIN,V:MAJ,I:MIN,II:DIM,V:MAJ,VI:MAJ,IV:MIN,II:DIM,I:MIN,#VII:DIM,V:MAJ,I:MIN,V:MAJ,I:MIN,II:DIM,V:MAJ,VI:MAJ,III:MAJ,II:DIM,III:MAJ,VII:MAJ,VI:MAJ,VII:MAJ,I:MIN,IV:MIN,VII:MAJ,III:MAJ,II:DIM,III:MAJ,VI:MAJ,IV:MIN,III:MAJ,I:MIN,VII:MAJ,#VI:DIM,IV:MAJ,III:MAJ,#VI:DIM,VII:MAJ,I:MIN,#VI:DIM,II:MAJ,I:MAJ,#IV:DIM,V:MIN,II:MAJ,V:MIN,I:MIN,VII:MAJ,#VI:DIM,I:MIN,II:MAJ,V:MIN,I:MAJ,V:DIM,IV:MIN,I:MIN,#VII:DIM,II:DIM,I:MIN,#VII:DIM,I:MIN,V:MAJ,#VII:DIM,I:MIN,V:MAJ,#VII:DIM,V:MAJ,I:MIN,V:MAJ,I:MIN,#VII:DIM,I:MIN,I:MAJ,IV:MIN,I:MAJ,IV:MIN,IV:MAJ,VII:MAJ,#VII:DIM,IV:MIN,V:MAJ,#VI:DIM,V:MAJ,I:MIN,#VII:DIM,I:MIN,IV:MIN,V:MAJ,I:MIN
MAJOR;I:MAJ,II:MIN,I:MAJ,II:MIN,I:MAJ,VII:DIM,I:MAJ,V:MAJ,I:MAJ,VII:DIM,I:MAJ,IV:MAJ,I:MAJ,VII:DIM,I:MAJ,II:MIN,I:MAJ,II:MIN,I:MAJ,VII:DIM,I:MAJ,V:MAJ,I:MAJ,V:MAJ,I:MAJ,V:MAJ,VII:DIM,I:MAJ,IV:MAJ,I:MAJ,IV:MAJ,I:MAJ,VII:DIM,I:MAJ,VII:DIM,I:MAJ,II:MIN,VI:MIN,V:MAJ,IV:MAJ,I:MAJ,V:MAJ,I:MAJ,II:MIN,I:MAJ,II:MIN,I:MAJ,VII:DIM,I:MAJ,III:MIN,I:MAJ,III:MIN,I:MAJ,III:MIN,I:MAJ
MINOR;V:MAJ,IV:MIN,I:MIN,V:MAJ,#VII:DIM,I:MIN,#VII:DIM,I:MIN,V:MIN,II:MAJ,#IV:DIM,V:MIN,#IV:DIM,V:MIN,#VI:DIM,IV:MAJ,II:DIM,V:MAJ,I:MIN,IV:MAJ,#VII:DIM,I:MIN,IV:MAJ,V:MAJ,VI:MAJ,IV:MIN,I:MIN,V:MAJ,#VII:DIM,I:MIN,#VII:DIM,I:MIN,V:MIN,VI:MAJ,III:MAJ,IV:MIN,I:MIN,#IV:DIM,V:MIN,II:MIN,I:MIN,II:MAJ,III:MAJ,I:MIN,V:MIN,II:MAJ,#VI:DIM,V:MIN,#IV:DIM,V:MIN,II:MAJ,#IV:DIM,V:MIN,#VI:DIM,#IV:DIM,#VI:DIM,II:MAJ,I:MAJ,II:MAJ,I:MAJ,#IV:DIM,V:MIN,#VI:DIM,V:MIN,#VI:DIM,#IV:DIM,V:MIN,I:MIN,#I:DIM,II:MAJ,V:MIN,#IV:DIM,V:MIN,II:MAJ,V:MAJ,#VII:DIM,I:MIN,IV:MIN,II:DIM,V:MAJ,IV:MAJ,#VII:DIM,#VI:DIM,#IV:DIM,V:MIN,II:MAJ,V:MIN,I:MIN,#VI:DIM,II:MAJ,V:MIN,III:MAJ,IV:MIN,V:MAJ,IV:MIN,#III:DIM,II:DIM,I:MIN,#VII:DIM,I:MIN,IV:MIN,V:MAJ,I:MIN,IV:MIN,#VII:DIM,I:MIN,VI:MAJ,II:MIN,V:MAJ,I:MIN,I:MAJ,II:DIM,#VI:DIM,VII:MAJ,VI:MAJ,I:MIN,VII:MAJ,VI:MAJ,V:DIM,IV:MIN,#III:DIM,IV:MIN,V:DIM,I:MAJ,IV:MIN,VII:MIN,#III:DIM,IV:MIN,bII:MAJ,V:MIN,I:MAJ,II:DIM,V:MAJ,I:MIN,#VII:DIM,I:MIN,VI:MAJ,V:MIN,I:MIN,IV:MIN,V:MAJ,I:MIN,IV:MAJ,V:MAJ,IV:MIN,II:DIM,I:MIN,IV:MIN,#VII:DIM,I:MIN,bII:MAJ,V:DIM,VI:MAJ,#III:DIM,IV:MIN,I:MIN,IV:MAJ,V:MAJ,#VI:DIM,#VII:DIM,I:MIN,II:DIM,V:MAJ,IV:MAJ,V:MAJ,IV:MAJ,#VII:DIM,I:MIN,II:DIM,I:MIN,II:DIM,V:MAJ,I:MIN,IV:MIN,#VII:DIM,I:MIN,VI:MAJ,II:MIN,V:MAJ,VI:MAJ,V:MAJ,#VII:DIM,I:MIN,IV:MIN,V:MAJ,I:MIN
MAJOR;V:MAJ,I:MAJ,IV:MAJ,V:MAJ,I:MAJ,IV:MAJ,V:MAJ,I:MAJ,VI:MIN,II:MAJ,V:MAJ,VI:MIN,I:MAJ,#IV:DIM,VII:MIN,III:MIN,I:MAJ,II:MAJ,V:MAJ,I:MAJ,II:MAJ,V:MAJ,III:MIN,V:MAJ,I:MAJ,II:MAJ,V:MAJ,I:MAJ,#IV:DIM,VII:MIN,III:MIN,VI:MIN,II:MAJ,V:MAJ,II:MIN,V:MAJ,I:MAJ,IV:MAJ,V:MAJ,I:MAJ,II:MAJ,V:MAJ,I:MAJ,II:MAJ,V:MAJ,II:MIN,V:MAJ,I:MAJ,II:MIN,V:MIN,I:MAJ,IV:MAJ,I:MAJ,IV:MAJ,II:MIN,V:MAJ,I:MAJ,IV:MAJ,II:MIN,VII:DIM,II:MIN,III:MIN,VI:MIN,II:MIN,V:MAJ,VI:MIN,II:MIN,V:MAJ,I:MAJ,VI:MIN,I:MAJ,II:MIN,V:MAJ,I:MAJ,VII:DIM,I:MAJ,IV:MAJ,I:MAJ,VII:DIM,I:MAJ,IV:MAJ,I:MAJ,VII:DIM,I:MAJ,VII:DIM
MAJOR;IV:MAJ,VII:DIM,I:MAJ,VII:DIM,I:MAJ,IV:MAJ,I:MAJ,VII:DIM,I:MAJ,IV:MAJ,I:MAJ,VII:DIM,I:MAJ,VII:DIM,I:MAJ,IV:MAJ,V:MAJ,II:MIN,V:MAJ,I:MAJ,IV:MAJ,V:MAJ,I:MAJ,V:MAJ,I:MAJ,V:MAJ,I:MAJ,VI:MIN,I:MAJ,V:MAJ,I:MAJ,II:MIN,V:MAJ,III:MIN,VI:MIN,#IV:DIM,II:MAJ,V:MAJ,VI:MAJ,II:MIN,V:MAJ,VI:MIN,IV:MAJ,V:MAJ,I:MAJ,VI:MIN,II:MIN,V:MAJ,I:MAJ,VII:DIM,I:MAJ,IV:MAJ,I:MAJ,VII:DIM,I:MAJ,IV:MAJ,I:MAJ,VII:DIM,I:MAJ
MINOR;I:MAJ,VII:MAJ,#III:DIM,IV:MIN,#III:DIM,IV:MIN,VII:MIN,IV:MIN,#III:DIM,IV:MIN,VII:MIN,IV:MIN,#III:DIM,IV:MIN,#III:DIM,IV:MAJ,#VII:DIM,I:MIN,V:MAJ,I:MIN,VI:MAJ,#VII:DIM,V:MAJ,I:MIN,IV:MIN,VII:MAJ,III:MAJ,I:MIN,#IV:DIM,II:MAJ,V:MIN,III:MAJ,VI:MAJ,bII:MAJ,V:MAJ,I:MIN,IV:MIN,#VII:DIM,V:MAJ,I:MIN,V:MAJ,I:MIN,IV:MAJ,V:MAJ,I:MIN
MINOR;VII:MAJ,III:MAJ,VI:MAJ,II:DIM,V:MAJ,I:MIN,#III:DIM,IV:MAJ,IV:MIN,V:MAJ,I:MIN,II:MAJ,#IV:DIM,V:MAJ,#VII:DIM,I:MAJ,VII:MAJ,IV:MIN,I:MIN,II:DIM,#VII:DIM,V:MAJ,I:MIN,IV:MIN,V:MAJ,I:MIN,VI:MAJ,#VII:DIM,V:MAJ,I:MIN,#VII:DIM,V:MAJ,I:MIN,IV:MAJ,#VII:DIM,I:MIN,#VII:DIM,I:MIN,V:MAJ,I:MIN
MINOR;III:MAJ,IV:MIN,II:DIM,V:MAJ,I:MIN,IV:MIN,#VII:DIM,I:MIN,V:MAJ,I:MIN
MINOR;#VI:DIM,II:MIN,V:MAJ,I:MIN,IV:MAJ,#VII:DIM,I:MIN,II:DIM,V:MAJ,I:MIN,VII:MAJ,III:MAJ,VI:MAJ,V:MAJ,I:MIN,IV:MIN,#VII:DIM,I:MIN,IV:MIN,V:MAJ,I:MIN
MAJOR;VII:DIM,III:MIN,VI:MIN,II:MIN,V:MAJ,I:MAJ,VI:MIN,II:MIN,II:MAJ,V:MAJ,I:MAJ,VI:MIN,IV:MIN,VII:DIM,V:MAJ,I:MAJ,VI:MIN,IV:MAJ,II:MIN,VII:DIM,V:MAJ,I:MAJ,V:MAJ,I:MAJ,II:MIN,V:MAJ,I:MAJ,IV:MAJ,VII:DIM,III:MIN,VI:MIN,II:MIN,V:MAJ,I:MAJ,IV:MAJ,II:MIN,VII:DIM,I:MAJ,VII:DIM,I:MAJ,IV:MAJ,I:MAJ,VII:DIM,IV:MAJ,I:MAJ,VII:DIM,I:MAJ,VII:DIM,I:MAJ
MAJOR;V:MAJ,I:MAJ,VII:DIM,I:MAJ,VII:DIM,I:MAJ,IV:MAJ,I:MAJ,VII:DIM,I:MAJ,IV:MAJ,I:MAJ,VII:DIM,I:MAJ,VII:DIM,I:MAJ,IV:MAJ,V:MAJ,II:MAJ,V:MAJ,VI:MIN,II:MIN,V:MAJ,I:MAJ,II:MIN,V:MIN,I:MAJ,IV:MAJ,V:MIN,I:MAJ,IV:MAJ,II:MIN,V:MAJ,I:MAJ,V:MAJ,VI:MIN,II:MIN,V:MAJ,I:MAJ,IV:MAJ,VII:DIM,I:MAJ,VI:MIN,IV:MAJ,V:MAJ,I:MAJ,V:MAJ,I:MAJ,V:MAJ,I:MAJ,V:MAJ,I:MIN,#IV:DIM,I:MIN,#IV:DIM,V:MAJ,IV:MIN,VII:DIM,V:MAJ,IV:MIN,VII:DIM,I:MAJ,V:MAJ,I:MAJ,IV:MAJ,V:MAJ,I:MAJ,IV:MAJ,V:MAJ,I:MAJ,VI:MIN,II:MAJ,V:MAJ,VI:MIN,I:MAJ,#IV:DIM,VII:MIN,III:MIN,I:MAJ,II:MAJ,V:MAJ,I:MAJ,II:MAJ,V:MAJ,III:MIN,V:MAJ,I:MAJ,II:MAJ,V:MAJ,I:MAJ,#IV:DIM,VII:MIN,III:MIN,VI:MIN,II:MAJ,V:MAJ,II:MIN,V:MAJ,I:MAJ,IV:MAJ,V:MAJ,I:MAJ,II:MAJ,V:MAJ,I:MAJ,II:MAJ,V:MAJ,II:MIN,V:MAJ,I:MAJ,II:MIN,V:MIN,I:MAJ,IV:MAJ,I:MAJ,IV:MAJ,II:MIN,V:MAJ,I:MAJ,IV:MAJ,II:MIN,VII:DIM,II:MIN,III:MIN,VI:MIN,II:MIN,V:MAJ,VI:MIN,II:MIN,V:MAJ,I:MAJ,VI:MIN,I:MAJ,II:MIN,V:MAJ,I:MAJ
MAJOR;I:MAJ,VI:MIN,V:MAJ,IV:MAJ,I:MAJ,VI:MIN,II:MIN,V:MAJ,I:MAJ,VII:DIM,I:MAJ,IV:MAJ,V:MAJ,I:MAJ,VI:MIN,VII:DIM,V:MAJ,I:MAJ
MAJOR;II:MIN,VII:DIM,I:MAJ,V:MAJ,I:MAJ,VI:MIN,IV:MAJ,VI:MIN,IV:MAJ,VII:DIM,V:MAJ,III:MIN,V:MAJ,IV:MAJ,III:MIN,VI:MIN,#IV:DIM,II:MAJ,#IV:DIM,II:MAJ,V:MAJ,bVI:MAJ,#IV:DIM,VI:DIM,#IV:DIM,II:MAJ,VII:DIM,V:MAJ,IV:MAJ,VII:DIM,I:MAJ,IV:MAJ,V:MAJ,I:MAJ,V:MAJ,VI:MIN,VII:DIM,I:MAJ,IV:MAJ,II:MIN,VII:DIM,II:MIN,I:MAJ,VII:DIM,V:MAJ,I:MAJ,#IV:DIM,II:MAJ,V:MAJ
MAJOR;#V:DIM,VI:MIN,#V:DIM,VI:MIN,VII:DIM,III:MAJ,VI:MIN,IV:MAJ,I:MAJ,IV:MAJ,V:MAJ,I:MAJ,bVII:MAJ,III:DIM,IV:MAJ,I:MAJ,IV:MAJ,V:MAJ,VI:MIN,VII:DIM,I:MAJ,IV:MAJ,II:MIN,V:MAJ,bVI:MAJ,#IV:DIM,II:MAJ,#V:DIM,VII:DIM,V:MAJ,I:MAJ,IV:MAJ,V:MAJ,I:MAJ
MAJOR;I:MAJ,IV:MAJ,I:MAJ,IV:MAJ,VII:DIM,I:MAJ,V:MAJ,VI:MIN,I:MAJ,V:MAJ,I:MAJ,IV:MAJ,#IV:DIM,II:MAJ,V:MAJ,I:MAJ,III:MAJ,VI:MIN,V:MAJ,#I:DIM,VI:MAJ,II:MAJ,V:MAJ,I:MAJ,V:MAJ,II:MAJ,V:MAJ,II:MAJ,V:MAJ,I:MAJ,II:MIN,V:MAJ,I:MAJ,II:MIN,V:MIN,I:MAJ,IV:MAJ,V:MIN,#I:DIM,VI:MAJ,II:MIN,III:DIM,VI:MAJ,II:MIN,IV:MAJ,VII:DIM,VI:MIN,V:MAJ,I:MAJ,IV:MAJ,I:MAJ,II:MIN,I:MAJ,IV:MAJ,I:MAJ,II:MIN,VII:DIM,I:MAJ,V:MAJ,I:MAJ,II:MIN,V:MAJ,IV:MAJ,VII:DIM,I:MAJ,V:MAJ,I:MAJ,II:MIN,V:MAJ,I:MAJ
MAJOR;I:MAJ,IV:MAJ,V:MAJ,I:MAJ,V:MAJ,I:MAJ,V:MAJ,I:MAJ,#IV:DIM,II:MAJ,V:MAJ,VI:MIN,II:MAJ,V:MAJ,III:MAJ,#V:DIM,III:MAJ,VI:MIN,#V:DIM,VI:MIN,III:MAJ,VI:MIN,VI:MAJ,II:MIN,#I:DIM,VI:MAJ,#IV:DIM,V:MIN,III:DIM,VI:MAJ,II:MIN,II:MAJ,V:MAJ,I:MAJ,IV:MAJ,V:MIN,I:MAJ,IV:MAJ,I:MAJ,IV:MAJ,II:MAJ,V:MAJ,#V:DIM,#IV:DIM,II:MAJ,#IV:DIM,V:MAJ,I:MAJ,IV:MAJ,V:MAJ,I:MAJ
MAJOR;I:MAJ,V:MAJ,I:MAJ,IV:MAJ,V:MAJ,VI:MAJ,II:MIN,VII:DIM,VI:MIN,I:MAJ,II:MIN,V:MAJ,VI:MIN,VII:DIM,I:MAJ,#IV:DIM,V:MAJ,VI:MIN,VII:DIM,V:MAJ,VI:MIN,V:MAJ,I:MAJ,VI:MIN,II:MAJ,III:MIN,VI:MIN,II:MAJ,V:MAJ,I:MAJ,V:MAJ,I:MAJ,II:MIN,V:MAJ,I:MAJ,VI:MIN,III:MAJ,#IV:DIM,#V:DIM,VI:MIN,III:MAJ,#IV:DIM,III:MAJ,VI:MIN,IV:MAJ,II:MIN,III:MAJ,VI:MIN,I:MAJ,III:DIM,IV:MAJ,II:MIN,II:MAJ,#IV:DIM,V:MAJ,I:MAJ,VII:DIM,I:MAJ,V:MAJ,IV:MAJ,VII:DIM,V:MAJ,I:MAJ
MINOR;I:MIN,V:MAJ,I:MIN,V:MAJ,I:MIN,V:MAJ,I:MIN,IV:MIN,I:MIN,II:DIM,V:MAJ,I:MIN,#VII:DIM,I:MIN,IV:MIN,V:MAJ,I:MIN,V:MAJ,IV:MIN,II:DIM,V:MAJ,#VII:DIM,I:MIN,VI:MAJ,VII:MAJ,III:MAJ,I:MIN,VII:MAJ,III:MAJ,VI:MAJ,IV:MAJ,VII:MAJ,VI:MAJ,III:MAJ,IV:MIN,VII:MAJ,III:MAJ,VI:MAJ,IV:MIN,VII:MAJ,III:MAJ,I:MIN,III:MAJ,IV:MAJ,VII:MAJ,IV:MAJ,VII:MAJ,#VII:DIM,I:MIN,IV:MIN,V:MAJ,I:MIN,V:MAJ,I:MIN,V:MAJ,I:MIN,V:MAJ,I:MIN,IV:MIN,I:MIN,II:DIM,V:MAJ,I:MIN,IV:MIN,bII:MAJ,V:MAJ,I:MIN,II:DIM,V:MAJ,I:MIN
MAJOR;V:MAJ,I:MAJ,V:MAJ,I:MAJ,II:MAJ,V:MAJ,II:MAJ,V:MAJ,III:MIN,II:MAJ,V:MAJ,#I:DIM,II:MIN,IV:MAJ,V:MAJ,I:MAJ,V:MAJ,I:MAJ,IV:MAJ,V:MAJ,I:MAJ,IV:MAJ,V:MAJ,I:MAJ,V:MAJ,I:MAJ,V:MAJ,VI:MAJ,II:MIN,VI:MAJ,II:MIN,VI:MAJ,II:MIN,I:MAJ,IV:MAJ,I:MAJ,V:MAJ,I:MAJ,V:MAJ,#V:DIM,VI:MIN,III:MIN,I:MAJ,IV:MAJ,I:MAJ,II:MAJ,V:MAJ,I:MAJ,II:MAJ,V:MAJ,#I:DIM,II:MAJ,V:MAJ,II:MAJ,V:MAJ,II:MAJ,I:MAJ,VII:MIN,VI:MIN,V:MAJ,VI:MIN,II:MAJ,V:MAJ,I:MAJ,VII:DIM,I:MAJ,VII:DIM,I:MAJ,IV:MAJ,I:MAJ,IV:MAJ,#I:DIM,II:MIN,#I:DIM,II:MAJ,#V:DIM,VI:MIN,#V:DIM,VI:MIN,VII:DIM,III:MAJ,VI:MIN,III:MAJ,VI:MIN,III:MAJ,VI:MIN,I:MAJ,IV:MAJ,I:MAJ,#I:DIM,II:MIN,VI:MAJ,II:MIN,VI:MAJ,II:MIN,VI:MAJ,II:MIN,V:MAJ,I:MAJ,IV:MAJ,VII:DIM,III:MIN,VI:MIN,II:MIN,V:MAJ,I:MAJ,II:MAJ,I:MAJ,#IV:DIM,V:MAJ,I:MAJ,V:MAJ,I:MAJ,V:MAJ,IV:MAJ,III:MIN,II:MIN,I:MAJ,II:MIN,V:MAJ,I:MAJ
MINOR;V:MAJ,I:MIN,IV:MIN,#VII:DIM,V:MAJ,I:MIN,#IV:DIM,II:MAJ,V:MIN,I:MIN,IV:MIN,II:DIM,#VII:DIM,V:MAJ,I:MIN,IV:MIN,#VII:DIM,II:DIM,V:MAJ,I:MIN,IV:MAJ,VII:MAJ,III:MAJ,#VI:DIM,II:MAJ,V:MIN,I:MIN,#IV:DIM,II:MAJ,V:MIN,#IV:DIM,V:MIN,#VI:DIM,#IV:DIM,V:MIN,I:MAJ,IV:MIN,VII:MAJ,III:MAJ,VI:MAJ,II:MIN,V:MAJ,I:MIN,IV:MIN,#VII:DIM,II:DIM,V:MAJ,I:MIN,IV:MIN,VII:MAJ,III:MAJ,VI:MAJ,II:DIM,V:MAJ,I:MIN,IV:MIN,#VII:DIM,II:DIM,V:MAJ,I:MIN,#VII:DIM,I:MIN,II:DIM,#VII:DIM,I:MIN,IV:MIN,VII:MAJ,III:MAJ,VI:MAJ,#VII:DIM,V:MAJ,I:MIN,#IV:DIM,II:MAJ,V:MAJ,#IV:DIM,V:MAJ,I:MIN,II:DIM,#VII:DIM,II:DIM,V:MAJ,I:MIN,I:MAJ,IV:MIN,II:DIM,V:MAJ,I:MIN,II:DIM,V:MAJ,I:MIN,II:DIM,#III:DIM,I:MAJ,IV:MIN,I:MAJ,IV:MAJ,I:DIM,#VI:DIM,IV:MAJ,VII:MAJ,I:MIN,II:DIM,IV:DIM,II:DIM,VII:MAJ,III:MAJ,VII:MAJ,III:MAJ,VII:DIM,V:DIM,III:MAJ,VI:MAJ,II:DIM,III:MAJ,#VI:DIM,IV:MAJ,VII:MAJ,III:MAJ,VI:MAJ,II:DIM,VII:MAJ,III:MAJ,VII:MAJ,III:MAJ,IV:MAJ,VII:MAJ,III:MAJ,V:DIM,VI:MAJ,#VI:DIM,VII:MAJ,II:DIM,III:MAJ,IV:MIN,III:MAJ,VI:MAJ,II:DIM,III:MAJ,VI:MAJ,II:DIM,V:MIN,I:MIN,IV:MIN,VII:MAJ,III:MAJ,VII:MAJ,III:MAJ,VI:MAJ,II:DIM,V:MIN,I:MIN,IV:MIN,VII:MAJ,III:MAJ,VI:MAJ,II:DIM,V:MIN,I:MIN,IV:MIN,VII:MAJ,III:MAJ,VII:MAJ,III:MAJ,I:MIN,#VI:DIM,II:MAJ,V:MIN,III:MAJ,I:MIN,IV:MAJ,VII:MAJ,V:MIN,#VI:DIM,#IV:DIM,V:MIN,#IV:DIM,V:MIN,#I:DIM,II:MAJ,V:MIN,I:MIN,IV:MAJ,VII:MAJ,III:MAJ,#VI:DIM,II:MAJ,#IV:DIM,II:MAJ,#VI:DIM,II:MAJ,V:MIN,#VI:DIM,#VII:DIM,II:DIM,#VII:DIM,V:MAJ,I:MIN,V:MAJ,I:MAJ,V:DIM,I:MAJ,IV:MAJ,V:MIN,#VI:DIM,I:DIM,#VI:DIM,IV:MAJ,VII:MAJ,V:MAJ,I:MIN,#III:DIM,I:MAJ,IV:MIN,VII:MIN,#III:DIM,I:MAJ,IV:MIN,II:DIM,#VII:DIM,V:MAJ,I:MAJ,#III:DIM,VII:MIN,I:MAJ,IV:MIN,#III:DIM,IV:MIN,V:MAJ,I:MIN,VI:MAJ,#IV:DIM,II:MAJ,V:MAJ,I:MIN,IV:MIN,VII:MAJ,III:MAJ,VI:MAJ,II:DIM,V:MIN,I:MIN,IV:MIN,VII:MAJ,III:MAJ,#VI:DIM,II:MAJ,V:MAJ,I:MAJ,IV:MIN,I:MAJ,IV:MIN,IV:MAJ,VII:MAJ,IV:MAJ,VII:MAJ,III:MAJ,VII:MAJ,III:MAJ,I:MIN,IV:MIN,II:DIM,V:MAJ,#VI:DIM,#VII:DIM,I:MIN,II:MAJ,V:MAJ,I:MIN,V:MAJ,I:MIN,V:MAJ,I:MIN,#IV:DIM,V:MAJ,I:MIN,IV:MIN,V:MAJ,I:MIN,#IV:DIM,II:MAJ,V:MIN,I:MIN,IV:MIN,II:DIM,#VII:DIM,V:MAJ,I:MIN,IV:MIN,#VII:DIM,II:DIM,V:MAJ,I:MIN,IV:MAJ,VII:MAJ,III:MAJ,#VI:DIM,II:MAJ,V:MIN,I:MIN,#IV:DIM,II:MAJ,V:MIN,#IV:DIM,V:MIN,#VI:DIM,#IV:DIM,V:MIN,I:MAJ,IV:MIN,VII:MAJ,III:MAJ,VI:MAJ,II:MIN,V:MAJ,I:MIN,IV:MIN,#VII:DIM,II:DIM,V:MAJ,I:MIN,IV:MIN,VII:MAJ,III:MAJ,VI:MAJ,II:DIM,V:MAJ,I:MIN,IV:MIN,#VII:DIM,II:DIM,V:MAJ,I:MIN,#VII:DIM,I:MIN,II:DIM,#VII:DIM,I:MIN,IV:MIN,VII:MAJ,III:MAJ,VI:MAJ,#VII:DIM,V:MAJ,I:MIN,#IV:DIM,II:MAJ,V:MAJ,#IV:DIM,V:MAJ,I:MIN,II:DIM,#VII:DIM,II:DIM,V:MAJ,I:MIN,I:MAJ,IV:MIN,II:DIM,V:MAJ,I:MIN,II:DIM,V:MAJ,I:MIN
MINOR;I:MIN,II:DIM,I:MIN,II:DIM,#VII:DIM,V:MAJ,I:MIN,VI:MAJ,I:MIN,II:DIM,I:MIN,II:DIM,V:MAJ,IV:MIN,#VII:DIM,I:MIN,VI:MAJ,VII:MAJ,#III:DIM,IV:MIN,II:DIM,V:MAJ,I:MIN,#VII:DIM,I:MIN,V:MAJ,I:MIN,#IV:DIM,II:MAJ,V:MIN,#IV:DIM,V:MIN,I:MIN,#VI:DIM,#IV:DIM,V:MIN,III:MAJ,IV:MAJ,#VII:DIM,I:MIN,II:MAJ,V:MIN,IV:MAJ,VII:MAJ,III:MAJ,#VI:DIM,II:MAJ,#VI:DIM,#IV:DIM,II:MAJ,V:MIN,#III:DIM,#I:DIM,II:MAJ,#I:DIM,II:MAJ,V:MIN,IV:MAJ,III:MAJ,II:MIN,I:MIN,#VI:DIM,#IV:DIM,II:MAJ,V:MIN,IV:MIN,II:MAJ,V:MAJ,I:MIN,V:MIN,#VI:DIM,#IV:DIM,V:MAJ,#VII:DIM,II:DIM,V:MAJ,I:MIN,#VII:DIM,I:MIN,I:MAJ,V:DIM,IV:MIN,#III:DIM,IV:MIN,V:DIM,IV:MAJ,#VI:DIM,bV:MAJ,IV:MAJ,I:MAJ,VII:MAJ,I:MAJ,IV:MIN,VII:MIN,I:MAJ,IV:MIN,IV:MAJ,VII:MAJ,IV:MAJ,VII:MAJ,I:MIN,II:DIM,III:MAJ,II:DIM,VII:MAJ,II:DIM,III:MAJ,I:MIN,VI:MAJ,III:MAJ,IV:MIN,V:MIN,IV:MIN,III:MAJ,II:DIM,I:MIN,#VII:DIM,I:MIN,V:MAJ,VI:MAJ,V:MAJ,II:DIM,#VII:DIM,V:MAJ,I:MIN,#VI:DIM,IV:DIM,#VII:DIM,V:MAJ,I:MIN,IV:MIN,V:MAJ,I:MIN,IV:MIN,V:MAJ,I:MIN,I:MAJ,IV:MIN,I:MIN,II:DIM,#VII:DIM,I:MAJ
MINOR;V:MAJ,I:MIN,#VII:DIM,I:MIN,II:DIM,#VII:DIM,I:MIN,V:MAJ,I:MIN,#VII:DIM,I:MIN,I:MAJ,IV:MIN,#III:DIM,IV:MIN,III:MAJ,VII:MAJ,II:DIM,III:MAJ,VII:DIM,I:MIN,VII:MAJ,IV:MIN,VII:MAJ,III:MAJ,I:MIN,#VI:DIM,II:MAJ,V:MIN,#VI:DIM,II:MAJ,V:MAJ,#VI:DIM,#VII:DIM,I:MIN,II:DIM,#VII:DIM,I:MIN,I:MAJ,II:DIM,#III:DIM,IV:MIN,#III:DIM,II:DIM,I:MAJ,IV:MIN,VII:MIN,I:MAJ,IV:MIN,#VI:DIM,VII:MAJ,I:MIN,VII:MAJ,III:MAJ,II:DIM,I:MIN,VII:MAJ,IV:MAJ,VII:MAJ,IV:MAJ,VII:MAJ,IV:MAJ,V:MIN,IV:MAJ,VII:MAJ,I:MIN,IV:MAJ,VII:MAJ,IV:MIN,III:MAJ,II:DIM,V:MAJ,VII:DIM,I:MIN,#VII:DIM,I:MIN,IV:MIN,II:DIM,V:MAJ,I:MIN,#IV:DIM,V:MAJ,#VI:DIM,#VII:DIM,I:MIN,II:DIM,IV:MIN,V:MAJ,I:MIN,II:DIM,V:MAJ,I:MIN
MINOR;I:MIN,II:DIM,IV:MIN,V:MAJ,I:MIN,III:MAJ,VI:MAJ,IV:MIN,VI:MAJ,VII:MAJ,III:MAJ,I:MIN,VII:MAJ,IV:MAJ,VII:MAJ,#VI:DIM,VII:MAJ,II:MIN,I:MIN,V:MAJ,I:MIN,#VII:DIM,I:MIN,IV:MAJ,VII:MAJ,V:MIN,I:MIN,#VI:DIM,I:MIN,II:MAJ,V:MAJ,#VI:DIM,#VII:DIM,I:MIN,#VI:DIM,IV:MAJ,#VI:DIM,IV:MAJ,V:MIN,#VI:DIM,VII:MAJ,V:MIN,#III:DIM,I:MAJ,#III:DIM,#VI:MIN,#III:DIM,#VI:MIN,#III:DIM,IV:MIN,VII:MIN,I:MAJ,V:DIM,VII:MIN,I:MAJ,IV:MIN,II:DIM,VII:MAJ,VI:MAJ,II:DIM,III:MAJ,VII:MAJ,III:MAJ,#VI:DIM,VII:MAJ,I:MAJ,VII:MAJ,#III:DIM,IV:MAJ,#VII:DIM,I:MIN,II:MAJ,I:MAJ,#IV:DIM,V:MAJ,II:DIM,I:MIN,V:MAJ,VI:MAJ,V:MAJ,IV:MIN,V:MAJ,II:DIM,IV:MIN,V:MAJ,#VII:DIM,V:MAJ,#VII:DIM,I:MIN,IV:MIN,V:MAJ,II:DIM,IV:MIN,V:MAJ,I:MIN
MINOR;I:MIN,IV:MIN,V:MAJ,I:MIN,V:MAJ,I:MIN,V:MAJ,I:MIN,IV:MIN,II:DIM,VII:MAJ,III:MAJ,I:MIN,VI:MAJ,II:DIM,I:MIN,#VII:DIM,I:MIN,#VII:DIM,I:MIN,IV:MIN,V:MAJ,I:MIN,V:MAJ,I:MIN,V:MAJ,I:MIN,VII:MAJ,II:DIM,VII:MAJ,III:MAJ,I:MIN,VI:MAJ,II:DIM,V:MAJ,I:MIN,III:MAJ,IV:MIN,III:MAJ,I:MIN,#VI:DIM,IV:MAJ,VII:MAJ,V:MIN,I:MIN,IV:MAJ,VII:MAJ,V:MIN,III:MAJ,II:MAJ,V:MIN,II:MAJ,V:MIN,#IV:DIM,V:MIN,#VI:DIM,I:MIN,#VII:DIM,I:MIN,#IV:DIM,V:MIN,II:MAJ,V:MIN,III:MAJ,I:MIN,II:MAJ,V:MIN,V:MAJ,I:MIN,IV:MIN,V:MAJ,I:MIN,V:MAJ,I:MIN,V:MAJ,I:MIN,IV:MIN,II:DIM,VII:MAJ,III:MAJ,I:MIN,VI:MAJ,II:DIM,I:MIN,#VII:DIM,I:MIN,#VII:DIM,I:MIN,IV:MIN,V:MAJ,I:MIN,V:MAJ,I:MIN,V:MAJ,I:MIN,VII:MAJ,II:DIM,VII:MAJ,III:MAJ,I:MIN,VI:MAJ,II:DIM,V:MAJ,I:MIN,V:DIM,I:MAJ,#III:DIM,V:DIM,I:MAJ,IV:MIN,VII:MIN,I:MAJ,IV:MIN,VI:MAJ,II:DIM,V:MAJ,#VII:DIM,II:DIM,V:MAJ,I:MIN,VI:MAJ,II:DIM,V:MAJ,I:MAJ,IV:MIN,VII:MAJ,III:MAJ,VII:MAJ,III:MAJ,VII:MIN,VI:MAJ,IV:MIN,III:MAJ,VII:MAJ,VI:MAJ,VII:MAJ,III:MAJ,V:MAJ,I:MIN,IV:MIN,V:MAJ,I:MIN,V:MAJ,I:MIN,V:MAJ,I:MIN,IV:MIN,II:DIM,VII:MAJ,III:MAJ,I:MIN,VI:MAJ,II:DIM,I:MIN,#VII:DIM,I:MIN,#VII:DIM,I:MIN,IV:MIN,V:MAJ,I:MIN,V:MAJ,I:MIN,V:MAJ,I:MIN,VII:MAJ,II:DIM,VII:MAJ,III:MAJ,I:MIN,VI:MAJ,II:DIM,V:MAJ,I:MIN
MAJOR;I:MAJ,IV:MAJ,I:MAJ,VII:DIM,I:MAJ,IV:MAJ,I:MAJ,VII:DIM,I:MAJ,IV:MAJ,I:MAJ,VII:DIM,I:MAJ,IV:MAJ,V:MAJ,I:MAJ,V:MAJ,I:MAJ,V:MAJ,I:MAJ,VI:MIN,II:MAJ,V:MAJ,#IV:DIM,I:MAJ,II:MAJ,VI:MIN,#IV:DIM,V:MAJ,I:MAJ,V:MAJ,VI:MIN,V:MAJ,VI:MIN,V:MAJ,II:MAJ,V:MAJ,I:MAJ,II:MIN,I:MAJ,IV:MAJ,V:MAJ,VI:MIN,#IV:DIM,V:MAJ,I:MAJ,II:MIN,V:MAJ,I:MAJ,IV:MAJ,VII:DIM,VI:MIN,VII:DIM,I:MAJ,II:MIN,V:MAJ,I:MAJ
MINOR;V:MAJ,I:MIN,#IV:DIM,I:MIN,#IV:DIM,III:MAJ,#VI:MAJ,II:MAJ,V:MAJ,I:MAJ,IV:MAJ,#IV:DIM,V:MIN,IV:MIN,VII:MAJ,III:MAJ,I:MIN,#VI:DIM,II:DIM,#VII:DIM,V:MAJ,I:MIN,VI:MAJ,V:MAJ,II:DIM,V:MAJ,IV:MAJ,#VII:DIM,VI:MAJ,II:MAJ,V:MAJ,I:MAJ,IV:MAJ,#VII:DIM,I:MIN,VII:MAJ,III:MAJ,VI:MAJ,IV:MIN,II:DIM,V:MAJ,#III:MIN,I:MAJ,IV:MAJ,II:DIM,IV:MIN,#VII:DIM,V:MAJ,I:MIN,V:MIN,VI:MAJ,II:DIM,III:MAJ,II:DIM,I:MIN,II:DIM,V:MAJ,IV:MIN,V:MAJ,#VII:DIM,I:MIN,III:MAJ,V:MIN,#IV:DIM,V:MIN,II:MAJ,#IV:DIM,V:MAJ,#VI:MAJ,II:MAJ,V:MAJ,I:MAJ,#VI:DIM,II:MAJ,III:DIM,#IV:DIM,II:MAJ,V:MAJ,#III:DIM,I:MAJ,IV:MAJ,#VII:DIM,VII:MAJ,III:MAJ,#VI:DIM,II:MAJ,V:MIN,#VII:DIM,I:MIN,I:MAJ,IV:MAJ,#IV:DIM,V:MIN,#VII:DIM,I:MIN,#IV:DIM,VII:DIM,I:MAJ,#III:DIM,#VI:DIM,#VII:DIM,II:DIM,#I:DIM,#IV:DIM,II:MAJ,V:MIN,#VI:DIM,II:MAJ,V:MAJ,I:MIN,#IV:DIM,V:MAJ,V:MIN,V:MAJ,III:MAJ,II:MAJ,I:MIN,V:MIN,III:MAJ,V:MIN,I:MAJ,IV:MAJ,I:MIN,II:MAJ,V:MIN,VI:MAJ,III:MAJ,II:DIM,VII:MAJ,#VI:DIM,III:MAJ,I:MIN,#VII:DIM,#VI:DIM,#VII:DIM,I:MIN,II:DIM,I:MIN,#VII:DIM,I:MIN,II:DIM,I:MIN,IV:MAJ,III:MAJ,IV:MIN,V:MAJ,IV:MIN,II:DIM,V:MAJ,III:MAJ,VI:MAJ,IV:MIN,VII:MAJ,V:MIN,IV:MIN,VII:MAJ,III:MAJ,V:MIN,VI:MAJ,II:DIM,III:MAJ,IV:MIN,I:MIN,IV:MIN,V:MIN,VII:MAJ,II:DIM,III:MAJ,VI:MAJ,I:MIN,II:DIM,III:MAJ,I:MIN,#VI:DIM,VII:MAJ,IV:MIN,II:DIM,V:MAJ,#VI:DIM,V:MAJ,I:MIN,V:MAJ,I:MIN,VI:MAJ,IV:MIN,#VII:DIM,I:MIN,V:MAJ,II:MAJ,I:MAJ,#IV:DIM,V:MAJ,#IV:DIM,V:MAJ,#VI:DIM,VII:MAJ,I:MAJ,IV:MAJ,VII:DIM,I:MIN,II:MAJ,V:MAJ,VI:MAJ,III:MAJ,VI:MAJ,IV:MIN,I:MIN,II:DIM,V:MAJ,I:MAJ,IV:MIN,I:MAJ,IV:MIN,#VII:DIM,I:MAJ
MINOR;I:MIN,#VII:DIM,I:MIN,II:DIM,#VII:DIM,I:MIN,I:MAJ,IV:MIN,II:DIM,#VII:DIM,I:MIN
MINOR;I:MIN,II:DIM,#VII:DIM,I:MIN,II:DIM,#VII:DIM,V:MAJ,I:MIN,III:MAJ,VI:MAJ,II:DIM,V:MAJ,I:MIN,#VII:DIM,I:MIN,II:DIM,#VII:DIM,I:MIN,I:MAJ,IV:MIN,bII:MAJ,#VII:DIM,I:MIN
MINOR;V:DIM,I:MAJ,#III:DIM,V:DIM,IV:MIN,V:DIM,#III:DIM,IV:MIN,II:DIM,#VII:DIM,II:DIM,V:MAJ,I:MIN,V:MAJ,I:MIN,IV:MIN,VII:MAJ,III:MAJ,VI:MAJ,V:MAJ,I:MIN,#IV:DIM,#VI:DIM,V:MAJ,I:MIN,#IV:DIM,V:MAJ,I:MIN,#IV:DIM,V:MAJ,I:MIN,#VII:DIM,I:MAJ,IV:MIN,#III:DIM,IV:MIN,II:DIM,#VII:DIM,I:MIN,VI:MAJ,II:DIM,IV:MIN,V:MAJ,VI:MAJ
MAJOR;V:MAJ,I:MAJ,IV:MAJ,II:MIN,IV:MAJ,V:MAJ,I:MAJ,VI:MIN,I:MAJ,V:MAJ,I:MAJ,IV:MAJ,II:MIN,I:MAJ,V:MAJ,I:MAJ,II:MIN,V:MAJ,I:MAJ,V:MAJ,I:MAJ,#IV:DIM,V:MAJ,VI:MIN,V:MAJ,VI:MIN,V:MAJ,VI:MIN,V:MAJ,I:MAJ,V:MAJ,I:MAJ,II:MIN,III:DIM,V:MIN,#I:DIM,VI:MAJ,II:MAJ,#IV:DIM,V:MAJ,II:MAJ,V:MAJ,VI:MIN,V:MAJ,I:MAJ,V:MAJ,#I:DIM,II:MAJ,#I:DIM,II:MAJ,V:MAJ,#I:DIM,II:MIN,V:MAJ,I:MAJ
MINOR;I:MIN,#VI:DIM,II:MIN,#VII:DIM,II:DIM,V:MAJ,I:MIN,V:MAJ,I:MIN,II:MIN,V:MAJ,IV:MIN,V:MAJ,I:MIN,IV:MIN,V:MAJ,I:MIN,#VII:DIM,I:MIN,I:MAJ,IV:MIN,#III:DIM,IV:MAJ,VII:MAJ,#VI:DIM,VII:MAJ,III:MAJ,II:DIM,VI:MAJ,V:MIN,IV:MIN,III:MAJ,II:DIM,I:MIN,IV:MIN,I:MIN,II:DIM,#IV:DIM,V:MAJ,I:MIN,#VII:DIM,I:MIN,IV:MIN,VII:MAJ,III:MAJ,VI:MAJ,II:DIM,V:MIN,I:MIN,IV:MIN,VII:MAJ,III:MAJ,VI:MAJ,V:MAJ,#VII:DIM,I:MIN,V:MAJ,VI:MAJ,VII:MAJ,I:MIN,#III:DIM,II:MIN,#IV:DIM,V:MAJ,#IV:DIM,#VII:DIM,#IV:DIM,#VII:DIM,V:MAJ,I:MIN,IV:MIN,I:MIN,VI:MAJ,#IV:DIM,I:MIN,#IV:DIM,#VII:DIM,I:MIN,#VI:DIM,#VII:DIM,I:MIN,VI:MAJ,I:MIN,II:DIM,V:MAJ,I:MIN,IV:MIN,V:MAJ,I:MIN,IV:MIN,VII:MAJ,II:DIM,III:MAJ,VI:MAJ,IV:MIN,II:DIM,VII:MAJ,III:MAJ,#VI:DIM,VII:MAJ,#I:DIM,II:MIN,#VI:MAJ
MINOR;#VII:DIM,I:MIN,V:MAJ,I:MIN,#VII:DIM,IV:MIN,V:MAJ,I:MIN,V:MAJ,I:MIN,#VI:DIM,II:MIN,VII:MAJ,III:MAJ,V:MAJ,I:MIN,I:MAJ,IV:MIN,bII:MAJ,#VII:DIM,V:MAJ,I:MIN,#IV:DIM,V:MAJ,I:MIN,V:MAJ,I:MIN,I:MAJ,IV:MIN,#III:DIM,II:DIM,#VII:DIM,V:MAJ,I:MIN,V:MAJ,I:MIN,VII:MAJ,V:MIN,VI:MAJ,V:MIN,III:MAJ,IV:MIN,III:MAJ,I:MIN,#IV:DIM,II:MAJ,V:MAJ,I:MIN,V:MAJ,I:MIN,I:MAJ,#III:DIM,IV:MIN,I:MAJ,IV:MIN,VII:MAJ,III:MAJ,I:MIN,#VI:DIM,II:MIN,#VII:DIM,II:DIM,V:MAJ,I:MIN,IV:MIN,II:DIM,V:MAJ,I:MIN,II:DIM,V:MAJ,I:MIN,IV:MIN,V:MAJ
MINOR;V:MAJ,I:MIN,V:MAJ,I:MIN
MINOR;V:MAJ,I:MIN,V:MAJ,I:MIN,IV:MIN,VII:MAJ,II:DIM,III:MAJ,VI:MAJ,IV:MIN,II:DIM,V:MAJ,I:MAJ,IV:MAJ
MAJOR;V:MAJ,I:MAJ,IV:MAJ,I:MAJ,II:MIN,I:MAJ,IV:MAJ,VII:DIM,V:MAJ,I:MAJ,IV:MAJ,V:MAJ,I:MAJ,IV:MAJ,V:MAJ,IV:MAJ,V:MAJ,I:MAJ,II:MIN,V:MAJ,I:MAJ,IV:MAJ,II:MIN,VII:DIM
MINOR;#VII:DIM,V:MAJ,VI:MAJ,#VII:DIM,I:MIN,II:MIN,#VII:DIM,I:MIN,II:DIM,I:MIN,V:MAJ,#VII:DIM,I:MIN,V:MAJ,#IV:DIM,#VII:DIM,#IV:DIM,#VII:DIM,V:MAJ,I:MIN,#IV:DIM,#VII:DIM,I:MIN,#VII:DIM,I:MIN,VI:MAJ,I:MIN,II:DIM,V:MAJ,VI:MAJ,IV:MIN,V:MAJ,IV:MIN,V:MAJ,I:MIN
MINOR;VII:MAJ,III:MAJ,V:MAJ,VI:MAJ,IV:MIN,II:DIM,#VII:DIM,V:MAJ,I:MIN,VI:MAJ,IV:MIN,V:MAJ,I:MIN,#VII:DIM,I:MAJ,IV:MIN,#III:DIM,IV:MIN,II:DIM,#VII:DIM,I:MIN,VI:MAJ,II:DIM,IV:MIN,V:MAJ,VI:MAJ
MAJOR;V:MAJ,I:MAJ,IV:MAJ,II:MIN,IV:MAJ,V:MAJ,I:MAJ,VI:MIN,I:MAJ,V:MAJ,I:MAJ,IV:MAJ,II:MIN,I:MAJ,V:MAJ,I:MAJ,II:MIN,V:MAJ,I:MAJ,V:MAJ,I:MAJ,#IV:DIM,V:MAJ,VI:MIN,V:MAJ,VI:MIN,V:MAJ,VI:MIN,V:MAJ,I:MAJ,V:MAJ,I:MAJ,II:MIN,III:DIM,V:MIN,#I:DIM,VI:MAJ,II:MAJ,#IV:DIM,V:MAJ,II:MAJ,V:MAJ,VI:MIN,V:MAJ,I:MAJ,V:MAJ,#I:DIM,II:MAJ,#I:DIM,II:MAJ,V:MAJ,#I:DIM,II:MIN,V:MAJ,I:MAJ
MINOR;I:MIN,#VI:DIM,II:MIN,#VII:DIM,II:DIM,V:MAJ,I:MIN,V:MAJ,I:MIN,II:MIN,V:MAJ,IV:MIN,V:MAJ,I:MIN,IV:MIN,V:MAJ,I:MIN,#VII:DIM,I:MIN,I:MAJ,IV:MIN,#III:DIM,IV:MAJ,VII:MAJ,#VI:DIM,VII:MAJ,III:MAJ,II:DIM,VI:MAJ,V:MIN,IV:MIN,III:MAJ,II:DIM,I:MIN,IV:MIN,I:MIN,II:DIM,#IV:DIM,V:MAJ,I:MIN,#VII:DIM,I:MIN,IV:MIN,VII:MAJ,III:MAJ,VI:MAJ,II:DIM,V:MIN,I:MIN,IV:MIN,VII:MAJ,III:MAJ,VI:MAJ,V:MAJ,#VII:DIM,I:MIN,V:MAJ,VI:MAJ,VII:MAJ,I:MIN,#III:DIM,II:MIN,#IV:DIM,V:MAJ,#IV:DIM,#VII:DIM,#IV:DIM,#VII:DIM,V:MAJ,I:MIN,IV:MIN,I:MIN,VI:MAJ,#IV:DIM,I:MIN,#IV:DIM,#VII:DIM,I:MIN,#VI:DIM,#VII:DIM,I:MIN,VI:MAJ,I:MIN,II:DIM,V:MAJ,I:MIN,IV:MIN,V:MAJ,I:MIN
MINOR;I:MIN,V:MAJ,#III:DIM,I:MAJ,IV:MIN,#VII:DIM,I:MIN,VI:MAJ,IV:MIN,VII:MAJ,III:MAJ,I:MIN,VI:MAJ,IV:MIN,II:DIM,V:MAJ,III:MAJ,#IV:DIM,II:MAJ,II:DIM,V:MAJ,II:DIM,V:MAJ,II:DIM,I:MIN,#VII:DIM,I:MIN,II:MAJ,#IV:DIM,I:MIN,II:MAJ,#IV:DIM,V:MAJ,#VII:DIM,V:MAJ,#VII:DIM,I:MIN,#VII:DIM,I:MIN,II:MAJ,#IV:DIM,V:MIN,#VII:DIM,I:MIN,#VI:DIM,II:MAJ,#IV:DIM,II:MAJ,V:MIN,#IV:DIM,V:MIN,I:MIN,#VI:DIM,II:MAJ,V:MAJ,#IV:DIM,V:MAJ,#VII:DIM,V:MAJ,I:MIN,#VII:DIM,I:MIN,#III:DIM,I:MAJ,IV:MIN,bII:MAJ,VII:MIN,V:DIM,bII:MAJ,III:MAJ,VI:MAJ,IV:MIN,I:MIN,bII:MAJ,#III:DIM,V:DIM,I:MAJ,IV:MIN,VII:MIN,I:MAJ,#III:DIM,IV:MAJ,#III:DIM,IV:MAJ,II:MIN,I:MIN,#VI:DIM,VII:MAJ,II:DIM,V:MAJ,IV:MIN,#VII:DIM,V:MAJ,#VII:DIM,I:MIN,IV:MIN,II:DIM,V:MAJ,VI:MAJ,IV:MIN,#VII:DIM,V:MAJ,I:MIN,#VII:DIM,I:MIN,#VII:DIM,I:MIN,#VII:DIM,IV:MIN,V:MAJ,I:MAJ,IV:MIN,#VII:DIM,I:MAJ
MINOR;I:MIN,IV:MIN,V:MAJ,I:MIN,II:DIM,IV:MIN,V:MAJ,VI:MAJ,II:DIM,V:MAJ,#VII:DIM,I:MIN,#VII:DIM,V:MAJ,I:MIN,VII:MAJ,I:MAJ,VII:MAJ,#III:DIM,IV:MIN,#III:DIM,IV:MIN,I:MIN,VII:MAJ,#VI:DIM,IV:MAJ,VII:MAJ,III:MAJ,VI:MAJ,VII:MAJ,III:MAJ,IV:MIN,VII:MAJ,III:MAJ,VI:MAJ,II:DIM,VII:MAJ,III:MAJ,VII:MAJ,III:MAJ,I:MIN,IV:MIN,V:MAJ,VI:MAJ,V:MAJ,IV:MIN,#VI:DIM,V:MIN,IV:MAJ,V:MIN,#VI:DIM,VII:MAJ,IV:MAJ,V:MIN,#IV:DIM,II:MAJ,#VI:DIM,II:MAJ,V:MIN,I:MIN,IV:MAJ,V:MAJ,II:DIM,V:MAJ,I:MIN,IV:MAJ,I:MAJ,V:MIN,#IV:DIM,II:MAJ,V:MIN,#VI:DIM,V:MIN,#VI:DIM,II:MAJ,V:MAJ,I:MIN,#VII:DIM,I:MIN,#VII:DIM,V:MAJ,I:MIN,#VII:DIM,I:MIN,VI:MAJ,IV:MIN,VII:MIN,I:MAJ,bII:MAJ,#III:DIM,IV:MIN,V:DIM,#III:DIM,I:MAJ,IV:MIN,VII:MIN,I:MAJ,V:DIM,I:MAJ,IV:MIN,II:DIM,III:MAJ,IV:MIN,I:MIN,VII:MAJ,III:MAJ,VI:MAJ,bII:MAJ,III:MAJ,bII:MAJ,VII:MIN,III:MAJ,VI:MAJ,I:DIM,bII:MAJ,VI:MAJ,VII:MIN,III:MAJ,VI:MAJ,IV:MIN,I:MAJ,#III:DIM,I:MAJ,IV:MIN,II:DIM,#VII:DIM,V:MAJ,I:MAJ,I:MIN,#VII:DIM,II:DIM,V:MAJ,I:MIN,V:MAJ,IV:MIN,I:MAJ,V:DIM,I:MAJ,IV:MIN,III:MAJ,II:DIM,I:MIN,#VII:DIM,I:MIN,#VII:DIM,I:MIN,#VII:DIM,I:MIN,II:DIM,V:MAJ,I:MIN
MINOR;I:MIN,II:DIM,V:MAJ,I:MAJ,IV:MIN,II:DIM,#IV:DIM,V:MAJ,I:MAJ,IV:MAJ,II:MAJ,V:MAJ,IV:MIN,#VII:DIM,I:MIN,#IV:DIM,V:MAJ,#VII:DIM,V:MAJ,#VII:DIM,V:MAJ,III:MAJ,I:MIN,II:DIM,III:MAJ,VII:MAJ,III:MAJ,IV:MIN,III:MAJ,II:DIM,III:MAJ,VII:MAJ,III:MAJ,I:MAJ,IV:MIN,II:DIM,V:MAJ,I:MIN,V:MAJ,I:MAJ,IV:MAJ,#VII:DIM,#IV:DIM,#VII:DIM,V:MAJ,II:DIM,V:MAJ,I:MIN
MINOR;I:MIN,II:DIM,V:MAJ,I:MAJ,IV:MIN,II:DIM,II:MAJ,V:MAJ,I:MAJ,IV:MAJ,II:MAJ,V:MAJ,#VII:DIM,V:MAJ,I:MIN,#IV:DIM,V:MAJ,#VII:DIM,V:MAJ,V:DIM,III:MAJ,VI:MAJ,IV:MIN,III:MAJ,#VI:DIM,VII:MAJ,III:MAJ,IV:MIN,VII:MAJ,III:MAJ,VI:MAJ,VII:MAJ,V:MAJ,III:MAJ,I:MAJ,IV:MIN,II:DIM,V:MAJ,IV:MIN,VI:MAJ,#VII:DIM,I:MIN,II:DIM,V:MAJ,I:MAJ,IV:MAJ,#VII:DIM,V:MAJ,II:DIM,V:MAJ,I:MIN
MINOR;I:MIN,V:MAJ,I:MIN,IV:MIN,VII:MAJ,V:MAJ,I:MIN,IV:MIN,V:MAJ,I:MIN,#VII:DIM,I:MIN,V:MAJ,I:MIN,IV:MIN,VII:MAJ,V:MIN,I:MIN,VI:MAJ,IV:MIN,V:MAJ,V:MIN,II:MAJ,V:MIN,I:MIN,IV:MAJ,II:MIN,V:MIN,IV:MAJ,VII:MAJ,III:MAJ,IV:MAJ,VII:MAJ,V:MIN,#III:DIM,I:MAJ,IV:MIN,I:MAJ,IV:MIN,I:MAJ,IV:MIN,V:MAJ,IV:MAJ,III:MAJ,IV:MAJ,VII:MIN,IV:MAJ,VII:MIN,III:MAJ,IV:MIN,I:MAJ,IV:MIN,I:MIN,II:DIM,V:MAJ,I:MIN,V:MAJ,I:MIN,III:MAJ,IV:MIN,II:DIM,V:MAJ,I:MIN,VI:MAJ,IV:MIN,VII:MAJ,#VII:DIM,I:MIN,IV:MIN,V:MAJ,I:MIN,V:MAJ,I:MIN,IV:MIN,VII:MAJ,#VII:DIM,I:MIN,#VII:DIM,I:MIN,#VII:DIM,I:MIN,V:MAJ,I:MIN
MAJOR;I:MAJ,IV:MAJ,I:MAJ,II:MIN,VII:DIM,II:MIN,I:MAJ,VII:DIM,I:MAJ,IV:MAJ,I:MAJ,II:MIN,I:MAJ,VII:DIM,I:MAJ,VII:DIM,I:MAJ,VII:DIM,I:MAJ,IV:MAJ,I:MAJ,IV:MAJ,I:MAJ,IV:MAJ,I:MAJ,IV:MAJ,I:MAJ,IV:MAJ,I:MAJ,IV:MAJ,II:MIN,I:MAJ,IV:MAJ,I:MAJ,II:MIN,IV:MAJ,I:MAJ,IV:MAJ,I:MAJ,II:MIN,I:MAJ,VI:MIN,VII:DIM,I:MAJ,IV:MAJ,I:MAJ,II:MIN,VII:DIM,II:MIN,I:MAJ,VII:DIM,I:MAJ,IV:MAJ,I:MAJ,#IV:DIM,I:MAJ,#IV:DIM,V:MAJ,IV:MAJ,V:MAJ,I:MAJ
MINOR;I:MIN,#VII:DIM,I:MIN,II:DIM,I:MIN,IV:MIN,I:MIN,#IV:DIM,V:MIN,#IV:DIM,V:MIN,#VI:DIM,V:MIN,I:MIN,V:MIN,#I:DIM,II:MIN,#III:DIM,IV:MIN,#VII:DIM,I:MIN,V:MAJ,I:MIN,V:MAJ,I:MIN,IV:MIN,I:MIN,#IV:DIM,V:MIN,II:MAJ,V:MIN,II:MAJ,V:MIN,#IV:DIM,V:MAJ,#I:DIM,II:DIM,#III:DIM,IV:MAJ,V:MAJ,I:MIN,IV:MIN,III:MAJ,II:DIM,I:MIN,I:MAJ,IV:MIN,#VII:DIM,I:MIN,V:MAJ,I:MIN,V:MAJ,I:MIN,#VII:DIM,I:MAJ,#IV:DIM,V:DIM,#VI:DIM,VII:MAJ,#III:DIM,IV:MIN,V:MAJ,I:MIN
MINOR;#VII:DIM,I:MIN,V:MAJ,I:MIN,V:MAJ,#IV:DIM,V:MAJ,I:MAJ,IV:MAJ,#VII:DIM,I:MIN,#IV:DIM,#VII:DIM,V:MIN,#VI:DIM,IV:MIN,V:MAJ,I:MIN,#IV:DIM,bII:MAJ,#III:DIM,I:MIN,II:DIM,IV:MAJ,#VII:DIM,I:MAJ,II:DIM,I:MAJ,IV:MIN,I:MAJ,#VII:DIM,I:MAJ,V:MAJ,IV:MIN,I:MIN,V:MAJ,I:MIN,#VII:DIM
MINOR;#VII:DIM,IV:MIN,I:MIN,IV:MIN,III:MAJ,II:DIM,I:MIN,#VII:DIM,I:MAJ,#III:DIM,I:MAJ,#I:DIM,#IV:DIM,V:MIN,I:MIN,V:MIN,#VI:DIM,V:MIN,#IV:DIM,V:MAJ,#VII:DIM,V:MIN,I:MAJ,IV:MIN,I:MAJ,IV:MIN,#III:DIM,#VI:DIM,#VII:DIM,#IV:DIM,#VII:DIM,I:MAJ,VII:MAJ,I:MAJ,II:DIM,I:MAJ,#VI:DIM,#VII:DIM,I:MIN,IV:MIN,I:MIN,II:DIM,I:MIN,#VII:DIM,#III:DIM,#IV:DIM,#I:DIM,#IV:DIM,V:MAJ,I:MAJ,#IV:DIM,V:MIN,I:MIN,V:MAJ,I:MIN,#VII:DIM,I:MAJ,#I:DIM,II:MIN,#IV:DIM,V:MAJ,#VII:DIM,I:MIN,I:MAJ,IV:MIN,#IV:DIM,V:MIN,V:MAJ,#VII:DIM,#VI:MAJ,V:MIN,V:MAJ,I:MIN,#III:DIM,IV:MIN,I:MIN,II:DIM,I:MIN,#VII:DIM,I:MIN,bII:MAJ,V:MAJ,#VII:DIM,I:MIN,#VII:DIM,I:MIN,#VII:DIM,I:MIN,#VI:DIM,V:MAJ,I:MIN,IV:MIN,#VII:DIM,V:MIN,#VI:DIM,IV:MIN,V:MAJ,I:MIN,#IV:DIM,bII:MAJ,#III:DIM,I:MIN,II:DIM,IV:MAJ,#VII:DIM,I:MAJ,#III:DIM,IV:MIN,#III:DIM,IV:MIN,I:MAJ,#VII:DIM,I:MAJ
MINOR;I:MIN,IV:MIN,I:MIN,#VII:DIM,V:MAJ,I:MIN,VI:MAJ,II:DIM,VII:MAJ,V:MIN,V:MAJ,VI:MAJ,IV:MIN,II:DIM,V:MAJ,#III:DIM,I:MAJ,IV:MIN,bII:MAJ,#VII:DIM,V:MAJ,I:MIN,IV:MAJ,#VII:DIM,V:MAJ,I:MIN,VI:MAJ,VII:MAJ,III:MAJ,V:DIM,III:MAJ,VI:MAJ,IV:MIN,VII:MAJ,I:MAJ,IV:MIN,#VII:DIM,I:MIN,II:MIN,V:MAJ,I:MIN,IV:MIN,VII:MAJ,III:MAJ,VI:MAJ,II:DIM,#VII:DIM,II:DIM,V:MAJ,I:MIN,II:MAJ,V:MAJ,II:DIM,I:MIN,#IV:DIM,V:MAJ,I:MIN,V:MAJ,#VII:DIM,I:MIN,VI:MAJ,IV:MIN,V:MAJ,I:MIN,VI:MAJ,VII:MIN,V:DIM,III:MAJ,V:DIM,VI:MAJ,#III:DIM,IV:MIN,bII:MAJ,V:DIM,I:MAJ,IV:MIN,VII:MAJ,I:MAJ,IV:MIN,II:DIM,VII:MAJ,III:MAJ,#VII:DIM,I:MIN,#VII:DIM,I:MIN,#VII:DIM,V:MAJ,I:MIN,II:DIM,V:MAJ,#VII:DIM,I:MIN,IV:MAJ,#VII:DIM,I:MIN,IV:MIN,VII:MIN,V:DIM,III:MAJ,VI:MAJ,II:DIM,VII:MAJ,V:MIN,#III:DIM,I:MAJ,IV:MIN,bII:MAJ,#VII:DIM,V:MAJ,I:MIN,II:DIM,V:MAJ,I:MIN,IV:MIN,I:MAJ,IV:MIN,#VII:DIM,I:MAJ
MINOR;I:MIN,IV:MIN,#VII:DIM,I:MIN,IV:MIN,II:DIM,V:MAJ,I:MIN,#IV:DIM,II:MAJ,V:MAJ,I:MAJ,IV:MIN,II:DIM,VII:MAJ,III:MAJ,I:MIN,III:MAJ,VI:MAJ,III:MAJ,VI:MAJ,VII:MAJ,III:MAJ,IV:MIN,II:DIM,VII:MAJ,III:MAJ,I:MIN,IV:MAJ,#VII:DIM,V:MAJ,I:MIN,#VII:DIM,I:MIN,IV:MIN,V:MAJ,I:MIN,I:MAJ,IV:MIN,VII:MIN,I:MIN,#VI:DIM,IV:MAJ,VII:MIN,I:MAJ,IV:MIN,#III:DIM,IV:MIN,I:MAJ,IV:MIN,VII:MAJ,V:MIN,I:MAJ,IV:MIN,II:DIM,III:MAJ,IV:MIN,VII:MAJ,III:MAJ,VII:MIN,#III:DIM,I:MAJ,IV:MAJ,#VII:DIM,II:DIM,#VII:DIM,V:MAJ,I:MIN,VI:MAJ,II:DIM,V:MAJ,#III:DIM,I:MAJ,IV:MIN,II:DIM,#VII:DIM,I:MIN,II:DIM,#VII:DIM,V:MAJ,VI:MAJ,III:MAJ,bII:MAJ,V:MAJ,I:MIN,IV:MIN,II:DIM,V:MAJ,I:MAJ
MINOR;I:MIN,II:DIM,#VII:DIM,V:MAJ,I:MAJ,IV:MIN,V:MAJ,IV:MIN,bII:MAJ,#VII:DIM,V:MAJ,#VII:DIM,V:MAJ,I:MIN,V:MAJ,#VII:DIM,#III:DIM,VII:MIN,bII:MAJ,#III:DIM,VII:MIN,#III:DIM,IV:MIN,bII:MAJ,V:DIM,IV:MIN,V:DIM,IV:MIN,bII:MAJ,I:MAJ,IV:MIN,VII:MAJ,II:DIM,III:MAJ,#IV:DIM,II:MAJ,V:MAJ,I:MIN,IV:MIN,#VII:DIM,V:MAJ,I:MIN,#VII:DIM,I:MIN,V:MAJ,I:MIN,I:MAJ
MINOR;I:MIN,II:DIM,I:MIN,IV:MIN,#VII:DIM,I:MIN,IV:MIN,II:DIM,IV:MIN,#VII:DIM,IV:MIN,II:DIM,V:MAJ,I:MIN,V:MIN,#IV:DIM,II:MAJ,#IV:DIM,V:MIN,I:MIN,II:MAJ,V:MIN,I:MIN,IV:MIN,III:MAJ,VI:MAJ,II:DIM,I:MIN,IV:MIN,#VI:DIM,VII:MAJ,III:MAJ,I:MIN,II:DIM,I:MIN,VII:MAJ,II:DIM,III:MAJ,IV:MIN,VII:MAJ,III:MAJ,IV:MIN,V:DIM,VI:MAJ,IV:MIN,VII:MAJ,#VI:DIM,VII:MAJ,V:MIN,I:MIN,#VII:DIM,I:MIN,VI:MAJ,#VII:DIM,VI:MAJ,V:MAJ,II:MIN,V:MAJ,I:MAJ,IV:MIN,I:MAJ,IV:MIN,II:DIM,I:MIN,VI:MAJ,IV:MIN,II:DIM,V:MAJ,I:MIN
MINOR;I:MIN,III:MAJ,IV:MIN,III:MAJ,VI:MAJ,VII:MAJ,II:DIM,III:MAJ,IV:MIN,III:MAJ,VI:MAJ,IV:MIN,I:MIN,II:DIM,V:MAJ,VI:MAJ,II:DIM,I:MIN,IV:MIN,V:MAJ,I:MIN,V:MAJ,I:MIN,IV:MIN,III:MAJ,VI:MAJ,IV:MIN,III:MAJ,VI:MAJ,VII:MAJ,II:DIM,III:MAJ,II:DIM,III:MAJ,II:DIM,VI:MAJ,IV:MIN,I:MIN,II:DIM,I:MIN,#VII:DIM,I:MIN,IV:MIN,V:MAJ,I:MIN,VI:MAJ,VII:MAJ,#III:DIM,I:MAJ,#III:DIM,IV:MIN,#VII:DIM,V:MAJ,#VII:DIM,I:MIN,V:MAJ,I:MIN,V:MAJ,#VI:DIM,V:MAJ,I:MIN,III:MAJ,IV:MIN,III:MAJ,VI:MAJ,VII:MAJ,II:DIM,III:MAJ,IV:MIN,III:MAJ,VI:MAJ,IV:MIN,I:MIN,II:DIM,V:MAJ,VI:MAJ,II:DIM,I:MIN,IV:MIN,V:MAJ,I:MIN,V:MAJ,I:MIN,IV:MIN,III:MAJ,VI:MAJ,IV:MIN,III:MAJ,VI:MAJ,VII:MAJ,II:DIM,III:MAJ,II:DIM,III:MAJ,II:DIM,VI:MAJ,IV:MIN,I:MIN,II:DIM,I:MIN,#VII:DIM,I:MIN,IV:MIN,V:MAJ,I:MIN
MINOR;I:MIN,VI:MAJ,II:DIM,I:MIN,V:MAJ,I:MIN,IV:MAJ,#VII:DIM,V:MAJ,I:MIN,V:MAJ,II:DIM,#VII:DIM,I:MIN,I:MAJ,IV:MIN,II:DIM,V:MAJ,I:MIN,IV:MIN,VII:MAJ,III:MAJ,II:DIM,VII:MAJ,III:MAJ,VII:MAJ,I:MAJ,IV:MIN,#III:DIM,I:MAJ,#VI:DIM,I:MIN,II:MAJ,V:MIN,#VI:DIM,II:MAJ,V:MIN,I:MAJ,#IV:DIM,II:MAJ,V:MIN,II:MAJ,#VI:DIM,#IV:DIM,#VI:DIM,II:MAJ,V:MIN,I:MIN,#VI:DIM,II:MAJ,V:MIN,I:MIN,#VI:DIM,II:MAJ,V:MAJ,V:MIN,V:MAJ,#VII:DIM,II:DIM,I:MIN,IV:MIN,#III:DIM,IV:MIN,II:DIM,V:MAJ,I:MIN,#VI:DIM,I:MIN,II:MAJ,V:MIN,I:MIN,V:MIN,IV:MAJ,VII:MAJ,#VI:DIM,III:MAJ,V:MIN,I:MIN,#IV:DIM,V:MIN,II:MAJ,V:MIN,I:MIN,II:MIN,I:MIN,#VII:DIM,V:MAJ,I:MIN,#VII:DIM,I:MIN,IV:MIN,V:MAJ,I:MIN,#VI:DIM,I:MIN,#VII:DIM,V:MAJ,#VII:DIM,I:MIN,IV:MIN,I:MIN,#VII:DIM,I:MIN,#VII:DIM,I:MIN,#VII:DIM,I:MAJ,IV:MIN,#III:DIM,IV:MIN,#III:DIM,IV:MIN,II:DIM,I:MIN,#VII:DIM,V:MAJ,I:MIN,IV:MIN,#VII:DIM,I:MIN,II:DIM,V:MAJ,I:MIN,IV:MIN,II:DIM,V:MAJ,I:MAJ,I:MIN,I:MAJ
MINOR;V:MAJ,I:MIN,V:MAJ,VI:MAJ,I:MIN,IV:MIN,II:DIM,V:MAJ,I:MIN,V:MIN,IV:MIN,I:MIN,IV:MIN,VII:MAJ,IV:MIN,III:MAJ,VII:MAJ,III:MAJ,VI:MAJ,III:MAJ,II:DIM,VI:MAJ,VII:MAJ,III:MAJ,IV:MIN,VII:MAJ,III:MAJ,I:MIN,II:MAJ,I:MIN,II:MAJ,V:MIN,I:MIN,II:MAJ,V:MAJ,I:MIN,#IV:DIM,I:MIN,V:MAJ,I:MIN,#III:DIM,I:MAJ,IV:MIN,VII:MIN,III:MAJ,VI:MAJ,bII:MAJ,V:DIM,I:MAJ,V:DIM,I:MAJ,IV:MIN,V:DIM,I:MAJ,IV:MIN,VII:MAJ,III:MAJ,VI:MAJ,II:DIM,V:MAJ,I:MIN,IV:MIN,#VII:DIM,II:DIM,#VII:DIM,V:MAJ,I:MIN,#VI:DIM,II:MAJ,V:MIN,V:DIM,I:MAJ,#III:DIM,IV:MIN,#VII:DIM,IV:MIN,V:MAJ,I:MIN,V:MAJ,I:MAJ
MINOR;I:MIN,V:MIN,IV:MIN,#VII:DIM,I:MIN,II:DIM,V:MAJ,I:MIN,#VII:DIM,#IV:DIM,V:MAJ,I:MIN,II:DIM,I:MIN,VII:MAJ,#III:DIM,IV:MIN,bII:MAJ,V:DIM,IV:MIN,VII:MAJ,III:MAJ,I:MIN,IV:MAJ,II:MIN,III:MAJ,IV:MAJ,VII:MAJ,II:MAJ,V:MIN,I:MIN,#VI:DIM,II:MAJ,V:MIN,I:MIN,II:MIN,I:MIN,#IV:DIM,V:MIN,#VI:DIM,V:MIN,II:MAJ,V:MAJ,I:MIN,V:MAJ,I:MIN,II:DIM,I:MIN,II:DIM,IV:MIN,VII:MIN,#III:DIM,IV:MIN,#III:DIM,IV:MIN,I:MAJ,IV:MIN,V:MAJ,II:DIM,#VII:DIM,II:DIM,#VII:DIM,V:MAJ,VI:MAJ,II:DIM,I:MIN,V:MAJ,I:MIN,IV:MIN,V:MAJ,I:MIN
MINOR;I:MIN,V:MIN,IV:MIN,I:MIN,IV:MIN,II:DIM,V:MAJ,#VII:DIM,V:MAJ,I:MIN,III:MAJ,IV:MIN,VII:MAJ,III:MAJ,VI:MAJ,VII:MAJ,III:MAJ,IV:MAJ,#VI:DIM,IV:MAJ,VII:MAJ,III:MAJ,IV:MAJ,VII:MAJ,V:MIN,III:MAJ,I:MIN,#VI:DIM,II:MAJ,V:MIN,#VI:DIM,II:MAJ,V:MIN,V:MAJ,I:MAJ,IV:MIN,VI:MAJ,VII:MAJ,III:MAJ,I:MIN,V:MAJ,VI:MAJ,I:MIN,II:DIM,IV:MIN,V:MAJ,#VII:DIM,I:MIN,III:MAJ,IV:MIN,VI:MAJ,#VII:DIM,II:DIM,V:MAJ,#VII:DIM,I:MIN,II:DIM,I:MIN,V:MAJ,II:DIM,V:MAJ,VI:MAJ,V:MAJ,IV:MIN,VI:MAJ,V:MAJ,#III:DIM,IV:MAJ,VII:MAJ,#VII:DIM,I:MIN,VI:MAJ,I:MIN,IV:MIN,I:MIN,II:DIM,I:MIN,V:MAJ,I:MIN
MINOR;I:MIN,#VII:DIM,I:MIN,IV:MIN,I:MIN,#VII:DIM,I:MIN,IV:MIN,II:DIM,V:MAJ,I:MIN,VI:MAJ,VII:MAJ,III:MAJ,VI:MAJ,VII:MAJ,III:MAJ,II:DIM,III:MAJ,VII:MAJ,III:MAJ,VI:MAJ,IV:MIN,VII:MAJ,I:MAJ,IV:MIN,I:MAJ,IV:MIN,II:DIM,VII:MAJ,II:DIM,III:MAJ,I:MIN,VI:MAJ,I:MIN,II:DIM,#VII:DIM,V:MAJ,#VII:DIM,I:MIN,IV:MIN,II:DIM,V:MAJ,II:DIM,IV:MIN,#VII:DIM,I:MIN,II:DIM,V:MAJ,IV:MAJ,#VII:DIM,I:MIN,#VII:DIM,I:MIN,IV:MIN,V:MAJ,I:MIN
MINOR;I:MIN,II:DIM,IV:MIN,V:MAJ,#VII:DIM,I:MIN,IV:MIN,V:MAJ,I:MIN,V:MAJ,I:MIN,I:MAJ,IV:MIN,VII:MAJ,IV:MAJ,VII:MAJ,III:MAJ,VI:MAJ,IV:MIN,II:DIM,VII:MAJ,III:MAJ,VII:MAJ,III:MAJ,I:MIN,#IV:DIM,#VI:DIM,II:MAJ,V:MIN,II:MAJ,V:MAJ,#VII:DIM,V:MAJ,I:MIN,V:DIM,#III:DIM,I:MAJ,#III:DIM,I:MAJ,IV:MIN,VII:MAJ,III:MAJ,VI:MAJ,IV:MIN,V:MAJ,I:MIN,IV:MIN,I:MIN,VI:MAJ,VII:MAJ,III:MAJ,VI:MAJ,I:MIN,I:MAJ,IV:MIN,II:DIM,I:MIN,II:DIM,V:MAJ,I:MAJ,#III:DIM,I:MAJ,IV:MIN,VII:MAJ,II:DIM,VII:MAJ,III:MAJ,I:MIN,#VI:DIM,IV:MAJ,II:MIN,#VII:DIM,V:MAJ,VI:MAJ,V:MIN,IV:MIN,III:MAJ,bII:MAJ,I:MIN,bII:MAJ,#VII:DIM,I:MIN,#VII:DIM,V:MAJ,I:MIN,VI:MAJ,IV:MIN,V:MAJ,VI:MAJ,IV:MIN,II:DIM,#VII:DIM,II:DIM,#VII:DIM,V:MAJ,I:MIN,V:MAJ,I:MIN
MINOR;V:MAJ,I:MIN,#VII:DIM,I:MIN,II:DIM,I:MIN,VI:MAJ,IV:MIN,II:DIM,V:MAJ,I:MIN,#VII:DIM,I:MIN,IV:MIN,II:DIM,I:MIN,VII:MAJ,V:MIN,II:DIM,III:MAJ,I:MIN,VII:MAJ,VI:MAJ,III:MAJ,IV:MIN,III:MAJ,VII:MAJ,I:MIN,IV:MIN,VII:MAJ,III:MAJ,I:MIN,VI:MAJ,II:DIM,I:MIN,#VI:DIM,#IV:DIM,V:MIN,#VI:DIM,V:MIN,#IV:DIM,II:MAJ,V:MIN,I:MIN,#VII:DIM,I:MIN,V:MIN,#IV:DIM,I:MIN,#VI:DIM,#IV:DIM,II:MAJ,V:MIN,I:MIN,II:MAJ,V:MIN,V:MAJ,#VI:DIM,II:MAJ,V:MIN,II:MAJ,V:MIN,V:MAJ,V:MIN,V:MAJ,II:MAJ,V:MAJ,I:MIN,#VII:DIM,I:MIN,III:MAJ,VI:MAJ,#III:DIM,IV:MIN,VI:MAJ,VII:MIN,V:DIM,I:MAJ,IV:MIN,VII:MIN,V:DIM,IV:MIN,VII:MIN,V:DIM,IV:MIN,V:DIM,#III:DIM,I:MAJ,#III:DIM,IV:MIN,#III:DIM,IV:MIN,VI:MAJ,VII:MAJ,II:DIM,III:MAJ,II:DIM,III:MAJ,V:MAJ,I:MIN,V:MAJ,VI:MAJ,I:MIN,IV:MIN,I:MIN,II:DIM,IV:MAJ,#VII:DIM,#IV:DIM,V:MAJ,#VII:DIM,I:MIN,#VII:DIM,I:MIN,III:MAJ,VI:MAJ,#III:DIM,IV:MIN,II:DIM,V:MAJ,I:MIN,IV:MIN,II:DIM,I:MIN,IV:MIN,II:DIM,I:MIN,II:DIM,#VII:DIM,V:MAJ,VI:MAJ,#III:DIM,IV:MIN,#VII:DIM,I:MIN,#IV:DIM,V:MAJ,VI:MAJ,IV:MIN,V:MAJ,I:MIN,I:MAJ,I:MIN,I:MAJ
MINOR;V:MAJ,I:MIN,V:MAJ,#VII:DIM,V:MAJ,I:MIN,IV:MIN,II:DIM,V:MAJ,I:MIN,II:DIM,V:MAJ,I:MIN,IV:MIN,V:MAJ,I:MIN,II:DIM,I:MIN,IV:MIN,I:MIN,II:DIM,I:MIN,V:MIN,I:MIN,#VI:DIM,VII:MAJ,V:MAJ,I:MIN,#VI:DIM,II:MAJ,#VI:DIM,V:MIN,#VI:DIM,V:MIN,II:MAJ,V:MIN,II:MAJ,V:MIN,#VI:DIM,V:MIN,#VI:DIM,V:MIN,I:MIN,II:MAJ,V:MAJ,II:MAJ,V:MAJ,#VII:DIM,I:MIN,#VI:DIM,IV:MAJ,VII:MAJ,III:MAJ,VI:MAJ,V:DIM,#III:DIM,IV:MIN,V:DIM,#III:DIM,IV:MIN,I:MAJ,IV:MIN,III:MAJ,bII:MAJ,V:DIM,I:MAJ,IV:MIN,II:DIM,I:MIN,VII:MAJ,III:MAJ,II:DIM,III:MAJ,V:MIN,III:MAJ,VI:MAJ,V:DIM,III:MAJ,VI:MAJ,#III:DIM,IV:MIN,I:MAJ,IV:MIN,#III:DIM,IV:MIN,VII:MAJ,II:DIM,III:MAJ,#VII:DIM,I:MIN,VI:MAJ,V:MAJ,II:DIM,V:MAJ,I:MIN,VII:MAJ,VI:MAJ,II:DIM,V:MAJ,VI:MAJ,II:DIM,I:MAJ,IV:MIN,II:DIM,V:MAJ,I:MIN,IV:MIN,V:MAJ,I:MIN
MINOR;I:MIN,#VII:DIM,I:MIN,#VII:DIM,I:MIN,VI:MAJ,VII:MAJ,V:MIN,VI:MAJ,IV:MIN,V:MAJ,I:MIN,VI:MAJ,VII:MAJ,V:MIN,VI:MAJ,IV:MIN,V:MIN,III:MAJ,IV:MIN,II:DIM,V:MIN,III:MAJ,VI:MAJ,IV:MIN,VII:MAJ,VI:MAJ,VII:MAJ,III:MAJ,II:DIM,III:MAJ,II:DIM,III:MAJ,I:MIN,VII:MAJ,VI:MAJ,VII:MAJ,V:MIN,#IV:DIM,V:MIN,II:MAJ,III:MAJ,#VI:DIM,II:MAJ,V:MIN,#III:DIM,I:MAJ,#III:DIM,IV:MIN,I:MIN,II:MAJ,I:MIN,#VI:DIM,#IV:DIM,V:MAJ,I:MIN,#VII:DIM,I:MIN,II:DIM,#VII:DIM,I:MIN,#VII:DIM,I:MIN,II:DIM,V:MAJ,I:MIN
MINOR;I:MIN,#VII:DIM,I:MIN,IV:MIN,I:MIN,II:DIM,VI:MAJ,II:DIM,V:MAJ,I:MIN,V:MAJ,I:MIN,IV:MIN,V:MAJ,I:MIN,#VII:DIM,I:MIN,IV:MIN,I:MIN,II:DIM,VII:MAJ,V:MIN,II:DIM,III:MAJ,VI:MAJ,VII:MAJ,III:MAJ,II:DIM,III:MAJ,VII:MAJ,III:MAJ,#VI:DIM,VII:MAJ,I:MIN,IV:MAJ,VII:MAJ,#IV:DIM,V:MIN,I:MIN,II:MAJ,#IV:DIM,II:MAJ,V:MIN,II:MAJ,V:MIN,#III:DIM,I:MAJ,#III:DIM,IV:MIN,VII:MAJ,II:DIM,VII:MAJ,II:DIM,III:MAJ,I:MIN,VI:MAJ,V:MAJ,IV:MIN,I:MIN,VI:MAJ,#VII:DIM,I:MIN,II:DIM,III:MAJ,IV:MAJ,#VII:DIM,I:MIN,V:MAJ,I:MIN,#VII:DIM,V:MAJ,I:MIN,II:DIM,#VII:DIM,I:MIN,II:DIM,V:MAJ,VI:MAJ,I:MIN,IV:MIN,I:MIN,V:MAJ,I:MIN,VI:MAJ,V:MAJ,IV:MIN,II:DIM,IV:MIN,V:MAJ,I:MIN,V:MAJ,I:MIN
MINOR;I:MIN,V:MAJ,I:MIN,V:MAJ,I:MIN,V:MAJ,I:MIN,V:MAJ,I:MIN,IV:MIN,VII:MAJ,III:MAJ,VI:MAJ,IV:MIN,V:MAJ,#VII:DIM,I:MIN,#VII:DIM,I:MIN,V:MAJ,I:MIN,V:MAJ,I:MIN,V:MAJ,I:MIN,V:MAJ,I:MIN,IV:MIN,VII:MAJ,III:MAJ,VII:MAJ,III:MAJ,VII:MAJ,III:MAJ,VII:MAJ,III:MAJ,VII:MAJ,III:MAJ,VII:MAJ,III:MAJ,I:MIN,#VI:DIM,II:MAJ,V:MIN,II:MAJ,V:MIN,#III:DIM,I:MAJ,IV:MIN,#IV:DIM,II:MAJ,V:MAJ,#VII:DIM,V:MAJ,#VII:DIM,I:MIN,II:DIM,I:MIN,II:DIM,I:MIN,IV:MIN,I:MIN,IV:MIN,II:DIM,I:MIN,IV:MIN,V:MAJ,I:MIN
MINOR;I:MIN,VI:MAJ,I:MAJ,IV:MIN,#III:DIM,I:MAJ,#III:DIM,IV:MIN,VII:MIN,I:MAJ,IV:MIN,#VII:DIM,VI:MAJ,#VII:DIM,V:MAJ,I:MIN,VI:MAJ,V:MAJ,V:MIN,V:DIM,IV:MIN,#III:DIM,I:MAJ,#III:DIM,IV:MIN,VII:MAJ,III:MAJ,VII:MAJ,III:MAJ,VII:MAJ,I:MIN,II:DIM,III:MAJ,VI:MAJ,VII:MAJ,III:MAJ,II:DIM,III:MAJ,IV:MIN,VII:MAJ,I:MIN,#VII:DIM,I:MIN,II:DIM,VI:MAJ,#VII:DIM,IV:MIN,V:MAJ,#VI:DIM,V:MAJ,I:MIN,V:MAJ,I:MIN,IV:MIN,#VI:DIM,#VII:DIM,I:MIN,IV:MIN,V:MAJ,I:MIN
MINOR;I:MIN,V:MAJ,I:MIN,V:MAJ,I:MIN,II:DIM,V:MAJ,I:MIN,IV:MIN,VII:MAJ,III:MAJ,VI:MAJ,III:MAJ,IV:MIN,III:MAJ,IV:MIN,III:MAJ,VI:MAJ,III:MAJ,IV:MIN,III:MAJ,IV:MIN,III:MAJ,IV:MIN,III:MAJ,II:DIM,IV:MIN,VII:MAJ,IV:MIN,VII:MAJ,IV:MIN,VII:MAJ,III:MAJ,I:MIN,#VI:DIM,IV:MAJ,VII:MAJ,III:MAJ,IV:MAJ,#VI:DIM,VII:MAJ,I:MIN,III:MAJ,I:MIN,IV:MAJ,#VI:DIM,VII:MAJ,III:MAJ,V:MIN,#IV:DIM,II:MAJ,V:MIN,I:MIN,V:MIN,#VI:DIM,V:MIN,#VI:DIM,V:MIN,I:MIN,V:MIN,#VI:DIM,V:MIN,#VI:DIM,V:MIN,#VI:DIM,V:MIN,#IV:DIM,#VI:DIM,II:MAJ,#VI:DIM,V:MIN,#VI:DIM,II:MAJ,V:MIN,V:MAJ,I:MIN,IV:MAJ,VII:MAJ,III:MAJ,VI:MAJ,IV:MAJ,VII:MAJ,V:MAJ,I:MIN,IV:MIN,VII:MIN,IV:MIN,V:DIM,IV:MIN,V:DIM,IV:MIN,VII:MIN,IV:MIN,V:DIM,IV:MIN,V:DIM,IV:MIN,V:DIM,IV:MIN,#III:DIM,V:DIM,I:MAJ,V:DIM,IV:MIN,V:DIM,I:MAJ,IV:MIN,VII:MAJ,III:MAJ,VI:MAJ,II:DIM,V:MAJ,I:MIN,VI:MAJ,IV:MIN,II:DIM,V:MAJ,IV:MAJ,I:MIN,II:MIN,I:MIN,IV:MIN,I:MIN,II:DIM,I:MIN,II:DIM,I:MIN,IV:MIN,I:MIN,II:DIM,I:MIN,II:DIM,I:MIN,II:DIM,I:MIN,#VII:DIM,II:DIM,V:MAJ,II:DIM,I:MIN,II:DIM,V:MAJ,I:MIN
MAJOR;V:MAJ,I:MAJ,IV:MAJ,VII:DIM,I:MAJ,II:MIN,V:MAJ,I:MAJ,IV:MAJ,V:MAJ,VI:MIN,II:MIN,V:MAJ,I:MAJ,III:MIN,VI:MIN,III:DIM,II:MIN,V:MAJ,I:MAJ,III:MIN,I:MAJ,IV:MAJ,V:MAJ,II:MAJ,#V:DIM,III:MAJ,VI:MIN,II:MIN,VII:DIM,V:MAJ,III:MIN,I:MAJ,IV:MAJ,VI:MIN,II:MIN,IV:MAJ,VII:DIM,III:MIN,II:MIN,VII:DIM,V:MAJ,I:MAJ,III:MIN,VI:MIN,#IV:DIM,VI:DIM,II:MAJ,V:MAJ,VI:MIN,II:MAJ,V:MAJ,I:MAJ,#IV:DIM,V:MAJ,II:MAJ,V:MAJ,#V:DIM,III:MAJ,VI:MIN,IV:MAJ,II:MIN,VII:DIM,III:MAJ,#I:DIM,VI:MAJ,II:MIN,#V:DIM,VI:MIN,III:MAJ,VI:MIN,III:MAJ,VI:MIN,III:MAJ,I:MAJ,III:DIM,I:MAJ,IV:MAJ,II:MIN,VI:MAJ,#I:DIM,VI:MAJ,II:MIN,V:MAJ,I:MAJ,IV:MAJ,VI:MIN,V:MAJ,VII:DIM,III:MIN,VI:MIN,II:MIN,V:MAJ,I:MAJ
MAJOR;V:MAJ,I:MAJ,VII:DIM,I:MAJ,II:MIN,VII:DIM,I:MAJ,IV:MAJ,V:MAJ,I:MAJ,V:MAJ,I:MAJ,VI:MIN,III:MAJ,VI:MIN,III:MAJ,VI:MIN,III:MIN,#IV:DIM,V:MAJ,II:MAJ,V:MAJ,I:MAJ,#IV:DIM,V:MAJ,VI:MIN,II:MAJ,V:MAJ,III:MIN,VI:MAJ,II:MAJ,V:MAJ,I:MAJ,II:MAJ,III:MIN,II:MAJ,V:MAJ,I:MAJ,II:MAJ,V:MAJ,II:MAJ,V:MAJ,II:MIN,#V:DIM,III:MAJ,#V:DIM,VI:MIN,VII:DIM,IV:MAJ,II:MIN,III:MAJ,VI:MIN,III:MAJ,VI:MIN,I:MAJ,IV:MAJ,III:DIM,IV:MAJ,#I:DIM,II:MIN,#I:DIM,VI:MAJ,II:MIN,II:MAJ,V:MIN,VI:MAJ,bbVII:MAJ,II:MIN,#I:DIM,II:MIN,III:MIN,#I:DIM,VI:MAJ,II:MIN,V:MIN,VI:MAJ,II:MIN,VI:MAJ,II:MIN,V:MAJ,I:MAJ,IV:MAJ,II:MIN,V:MAJ,VII:DIM,I:MAJ,VII:DIM,I:MAJ,III:DIM,IV:MAJ,II:MIN,V:MAJ,III:MIN,VI:MIN,IV:MAJ,VII:DIM,V:MAJ,I:MAJ,IV:MAJ,V:MAJ,I:MAJ
MAJOR;I:MAJ,III:DIM,I:MAJ,bVII:MAJ,I:MAJ,III:DIM,IV:MAJ,V:MAJ,I:MAJ,II:MAJ,V:MAJ,#IV:DIM,II:MAJ,#IV:DIM,V:MAJ,I:MAJ,VI:MIN,II:MAJ,V:MAJ,#I:DIM,II:MIN,#I:DIM,II:MIN,V:MIN,VI:MAJ,V:MIN,VI:MAJ,#I:DIM,VI:MAJ,#I:DIM,II:MIN,bbVII:MAJ,III:MIN,#I:DIM,II:MIN,#I:DIM,III:DIM,VI:MAJ,II:MIN,V:MAJ,I:MAJ,III:DIM,I:MAJ,IV:MAJ,III:DIM,IV:MAJ,VII:DIM,I:MAJ,VII:DIM,III:MIN,V:MAJ,VII:DIM,III:MIN,VII:DIM,V:MAJ,I:MAJ,IV:MAJ,II:MIN,V:MAJ,I:MAJ
MAJOR;I:MAJ,IV:MAJ,I:MAJ,IV:MAJ,I:MAJ,IV:MAJ,V:MAJ,I:MAJ,VII:DIM,V:MAJ,I:MAJ,IV:MAJ,II:MIN,V:MAJ,VII:DIM,V:MAJ,I:MAJ,IV:MAJ,I:MAJ,IV:MAJ,I:MAJ,#IV:DIM,V:MAJ,I:MAJ,VII:DIM,V:MAJ,#IV:DIM,V:MAJ,I:MAJ,II:MAJ,V:MAJ,II:MIN,V:MAJ,II:MIN,V:MAJ,I:MAJ,VI:MIN,IV:MAJ,II:MIN,#V:DIM,IV:MIN,#II:DIM,III:MAJ,VI:MIN,V:MIN,VI:MAJ,#I:DIM,VI:MAJ,II:MIN,VI:MAJ,II:MIN,III:MAJ,VI:MIN,III:MAJ,VI:MIN,II:MIN,VI:MAJ,II:MIN,VII:DIM,V:MAJ,I:MAJ,VI:MIN,IV:MAJ,VII:DIM,III:MIN,VI:MIN,II:MIN,V:MIN,I:MAJ,IV:MAJ,II:MIN,V:MAJ,VII:DIM,I:MAJ,V:MAJ,I:MAJ
MAJOR;I:MAJ,VII:DIM,I:MAJ,V:MAJ,I:MAJ,V:MAJ,I:MAJ,VI:MIN,II:MAJ,VII:MIN,III:MIN,I:MAJ,V:MAJ,VI:MIN,V:MAJ,#IV:DIM,V:MAJ,II:MAJ,V:MAJ,I:MAJ,III:MAJ,VI:MIN,#V:DIM,II:MIN,#V:DIM,III:MAJ,VI:MAJ,II:MIN,V:MAJ,I:MAJ,VI:MIN,II:MIN,I:MAJ,VII:DIM,I:MAJ,VII:DIM,#V:DIM,VI:MIN,#V:DIM,VI:MIN,#V:DIM,VI:MIN,IV:MAJ,VII:DIM,III:MAJ,VI:MIN,IV:MAJ,III:MIN,II:MAJ,#IV:DIM,V:MAJ,#IV:DIM,V:MAJ,I:MAJ,V:MAJ,I:MAJ,IV:MAJ,I:MAJ,IV:MAJ,II:MIN,I:MAJ,VII:DIM,I:MAJ,IV:MAJ,II:MIN,V:MAJ,I:MAJ,VII:DIM,I:MAJ,IV:MAJ,I:MAJ,IV:MAJ,I:MAJ,IV:MAJ,II:MIN,V:MAJ,III:MIN,VI:MIN,IV:MAJ,I:MAJ,II:MIN,I:MAJ,VII:DIM,I:MAJ,V:MAJ,I:MAJ
MAJOR;I:MAJ,V:MAJ,I:MAJ,IV:MAJ,I:MAJ,II:MIN,I:MAJ,IV:MAJ,I:MAJ,II:MIN,I:MAJ,V:MAJ,#IV:DIM,II:MAJ,V:MAJ,VI:MIN,II:MAJ,V:MAJ,IV:MAJ,VII:DIM,I:MAJ,VII:DIM,V:MAJ,I:MAJ,V:MIN,II:MIN,#I:DIM,II:MIN,VII:DIM,I:MAJ,VII:DIM,V:MAJ,I:MAJ,VI:MIN,I:MAJ,II:MIN,V:MAJ,I:MAJ
MAJOR;V:MAJ,I:MAJ,V:MAJ,I:MAJ,VII:DIM,I:MAJ,V:MAJ,I:MAJ,VII:DIM,V:MAJ,VI:MIN,#IV:DIM,V:MAJ,I:MAJ,V:MAJ,I:MAJ,V:MAJ,III:MIN,VII:DIM,V:MAJ,I:MAJ,IV:MAJ,VII:DIM,III:MIN,VI:MIN,II:MIN,V:MAJ,I:MAJ,VI:MIN,II:MAJ,V:MAJ,II:MIN,V:MAJ,I:MAJ,VI:MIN,II:MAJ,V:MAJ,VI:MIN,II:MAJ,V:MAJ,II:MAJ,V:MAJ,II:MAJ,V:MAJ,II:MAJ,V:MAJ,II:MAJ,V:MAJ,II:MAJ,V:MAJ,I:MAJ,VII:DIM,I:MAJ,II:MIN,III:DIM,IV:MAJ,VII:DIM,I:MAJ,II:MAJ,#IV:DIM,V:MAJ,I:MAJ,VII:DIM,V:MAJ,I:MAJ,#V:DIM,VII:DIM,III:MAJ,VI:MIN,#I:DIM,VI:MAJ,II:MIN,VI:MIN,II:MIN,III:MAJ,IV:MAJ,III:MAJ,VI:MIN,VII:DIM,III:MAJ,VI:MIN,III:MAJ,VI:MIN,V:MAJ,I:MAJ,V:MIN,III:DIM,IV:MAJ,V:MAJ,VI:MIN,VII:DIM,V:MAJ,I:MAJ,III:DIM,IV:MAJ,I:MAJ,IV:MAJ,V:MAJ,I:MAJ,V:MAJ,I:MAJ,V:MAJ,I:MAJ,V:MAJ,I:MAJ
MAJOR;I:MAJ,VII:DIM,I:MAJ,IV:MAJ,I:MAJ,VII:DIM,I:MAJ,II:MAJ,V:MAJ,VII:DIM,I:MAJ,VII:DIM,I:MAJ,II:MIN,III:MAJ,IV:MAJ,VI:MIN,VII:DIM,III:MAJ,VI:MIN,II:MAJ,V:MAJ,I:MAJ,VI:MIN,#IV:DIM,II:MAJ,V:MAJ,VI:MIN,II:MAJ,V:MAJ,I:MAJ,VI:MIN,II:MAJ,V:MIN,bIII:MAJ,V:MAJ,I:MIN,VI:MAJ,II:MAJ,V:MAJ,I:MAJ,VI:MIN,II:MAJ,V:MAJ,I:MAJ,VII:DIM,V:MAJ,I:AUG,IV:MAJ,VII:DIM,III:MAJ,VI:MIN,IV:MAJ,V:MAJ,I:MAJ,VI:MIN,II:MAJ,III:MAJ,VI:MIN,IV:MAJ,bVII:MAJ,I:MAJ,IV:MAJ,II:MAJ,V:MAJ,III:MAJ,VI:MIN,IV:MAJ,V:MAJ,I:MAJ,VI:MIN,IV:MAJ,VII:DIM,III:MAJ,VI:MIN,III:MAJ,VI:MIN,II:MAJ,#IV:DIM,V:MAJ,#IV:DIM,V:MAJ,I:MAJ,IV:MAJ,V:MAJ,I:MAJ,V:MAJ,I:MAJ,IV:MAJ,II:MIN,V:MAJ,I:MAJ,VI:MIN,V:MAJ,I:MIN,bVI:MAJ,I:MAJ,IV:MIN,II:MAJ,V:MAJ,I:MAJ,IV:MAJ,II:MIN,V:MAJ,I:MAJ
MAJOR;I:MAJ,V:MAJ,I:MAJ,VII:DIM,I:MAJ,VI:MIN,I:MAJ,VII:DIM,I:MAJ,III:DIM,I:MAJ,IV:MAJ,II:MIN,V:MAJ,VI:MIN,V:MAJ,IV:MAJ,III:MIN,V:MAJ,I:MAJ,V:MAJ,I:MAJ,II:MIN,III:DIM,IV:MAJ,III:DIM,IV:MAJ,II:MIN,I:MAJ,II:MIN,V:MAJ,VII:DIM,I:MAJ,VII:DIM,VI:MIN,V:MAJ,I:MAJ,III:MAJ,VI:MIN,III:MAJ,VI:MIN,#IV:DIM,I:MAJ,II:MAJ,V:MAJ,VII:DIM,V:MAJ,I:MAJ,VI:MIN,II:MAJ,#IV:DIM,V:MAJ,II:MAJ,V:MAJ,VI:MIN,II:MAJ,VI:MIN,I:MAJ,VI:MIN,I:MAJ,II:MAJ,#IV:DIM,V:MAJ,II:MAJ,V:MAJ,VII:DIM,I:MAJ,V:MAJ,I:MAJ,VII:DIM,I:MAJ,IV:MAJ,VII:DIM,I:MAJ,IV:MAJ,II:MIN,III:MAJ,II:MAJ,III:MAJ,#V:DIM,VI:MIN,#V:DIM,VI:MIN,#V:DIM,VI:MIN,II:MIN,VI:MIN,II:MIN,VI:MIN,II:MIN,VII:DIM,III:MAJ,#V:DIM,VI:MIN,III:MAJ,VI:MIN,VII:DIM,VI:MIN,#V:DIM,VI:MIN,#IV:DIM,VI:MIN,II:MAJ,V:MAJ,#IV:DIM,V:MAJ,VI:MIN,VII:DIM,I:MAJ,II:MIN,III:MIN,IV:MAJ,VII:DIM,I:MAJ,IV:MAJ,II:MIN,V:MAJ,VII:DIM,I:MAJ,VII:DIM,VI:MIN,V:MAJ,VII:DIM,I:MAJ,V:MAJ,I:MAJ,II:MIN,V:MAJ,II:MIN,IV:MAJ,II:MIN,IV:MAJ,V:MAJ,VII:DIM,I:MAJ,V:MAJ,I:MAJ
MAJOR;I:MAJ,II:MIN,I:MAJ,IV:MAJ,II:MIN,VII:DIM,I:MAJ,V:MAJ,VII:DIM,II:MIN,I:MAJ,IV:MAJ,V:MAJ,I:MAJ,VI:MIN,I:MAJ,VI:MIN,II:MAJ,V:MAJ,VI:MIN,I:MAJ,#IV:DIM,VI:MIN,II:MAJ,V:MAJ,#IV:DIM,II:MAJ,III:MIN,II:MAJ,V:MAJ,bVII:MAJ,II:MAJ,V:MAJ,I:MAJ,IV:MAJ,V:MAJ,III:DIM,VI:MAJ,II:MIN,VII:DIM,I:MAJ,#V:DIM,VII:DIM,III:MAJ,VI:MIN,VII:DIM,III:MAJ,VI:MIN,I:MAJ,II:MIN,I:MAJ,IV:MAJ,V:MIN,III:DIM,bVII:MAJ,V:MIN,I:MAJ,IV:MAJ,VII:DIM,V:MAJ,I:MAJ,VII:DIM,I:MAJ,IV:MAJ,II:MIN,V:MAJ,I:MAJ,VII:DIM,V:MAJ,I:MAJ,VI:MIN,II:MIN,I:MAJ,IV:MAJ,VII:DIM,V:MAJ,VII:DIM,I:MAJ,#IV:DIM,II:MAJ,V:MAJ,IV:MAJ,V:MAJ,VII:DIM,I:MAJ,V:MAJ,VII:DIM,I:MAJ,VII:DIM,I:MAJ,VII:DIM,I:MAJ,IV:MAJ,V:MAJ,I:MAJ
MAJOR;I:MAJ,V:MAJ,VI:MIN,III:MIN,IV:MAJ,II:MIN,V:MAJ,VII:DIM,V:MAJ,I:MAJ,VI:MIN,II:MAJ,V:MAJ,#IV:DIM,II:MAJ,V:MAJ,II:MAJ,V:MAJ,II:MAJ,V:MAJ,I:MAJ,IV:MAJ,VII:DIM,I:MAJ,VII:DIM,III:MAJ,#V:DIM,VI:MIN,#V:DIM,III:MAJ,#V:DIM,III:MAJ,I:MAJ,III:MAJ,VI:MIN,I:MAJ,bVII:MAJ,I:MAJ,bVII:MAJ,I:MAJ,IV:MAJ,VII:DIM,I:MAJ,VII:DIM,VI:MIN,V:MAJ,VII:DIM,I:MAJ,VII:DIM,I:MAJ,VII:DIM,I:MAJ,IV:MAJ,V:MAJ,VII:DIM,V:MAJ,VII:DIM,V:MAJ,VI:MIN,II:MIN,V:MAJ,I:MAJ
MAJOR;I:MAJ,VII:DIM,I:MAJ,IV:MAJ,II:MIN,V:MAJ,I:MAJ,V:MAJ,I:MAJ,VII:DIM,I:MAJ,#IV:DIM,V:MAJ,III:MIN,VI:MIN,II:MAJ,V:MAJ,VI:MIN,V:MAJ,II:MAJ,V:MAJ,I:MAJ,II:MIN,#V:DIM,VI:MIN,III:MAJ,II:MAJ,III:MAJ,VI:MIN,#IV:DIM,II:MAJ,#V:DIM,VI:MAJ,#I:DIM,II:MIN,VII:DIM,III:MAJ,VI:MIN,IV:MAJ,I:MAJ,IV:MAJ,bVII:MAJ,III:DIM,VI:MAJ,II:MIN,IV:MAJ,VII:DIM,V:MAJ,I:MAJ,VI:MIN,II:MIN,VII:DIM,I:MAJ,V:MAJ,IV:MAJ,I:MAJ,IV:MAJ,VII:DIM,I:MAJ,VI:MIN,II:MIN,V:MAJ,I:MAJ,V:MAJ,I:MAJ
MAJOR;I:MAJ,VII:DIM,I:MAJ,VII:DIM,V:MAJ,I:MAJ,II:MIN,I:MAJ,VI:MIN,IV:MAJ,VII:DIM,V:MAJ,I:MAJ,II:MAJ,V:MAJ,#V:DIM,III:MAJ,VI:MIN,#IV:DIM,II:MAJ,V:MAJ,II:MAJ,I:MAJ,II:MAJ,V:MAJ,VII:DIM,I:MAJ,III:DIM,VI:MAJ,bVII:MAJ,III:DIM,VI:MAJ,II:MIN,V:MAJ,IV:MAJ,V:MAJ,I:MAJ,VII:DIM,IV:MIN,#V:DIM,III:MAJ,VI:MIN,II:MIN,VII:DIM,V:MAJ,I:MAJ,IV:MAJ,V:MAJ,I:MAJ
MAJOR;I:MAJ,IV:MAJ,I:MAJ,IV:MAJ,I:MAJ,V:MAJ,I:MAJ,V:MAJ,I:MAJ,II:MAJ,V:MAJ,I:MAJ,IV:MAJ,I:MAJ,II:MIN,V:MAJ,I:MAJ,IV:MAJ,II:MIN,VII:DIM,V:MAJ,III:MIN,I:MAJ,VI:MIN,II:MAJ,VII:MIN,III:MIN,I:MAJ,II:MAJ,V:MAJ,I:MAJ,V:MAJ,VI:MIN,II:MAJ,V:MAJ,I:MAJ,#IV:DIM,II:MAJ,V:MAJ,II:MAJ,VI:MIN,III:MIN,V:MAJ,I:MAJ,V:MAJ,VI:MIN,II:MAJ,V:MAJ,VII:MIN,II:MAJ,V:MAJ,I:MAJ,II:MAJ,V:MAJ,VII:DIM,III:MIN,I:MAJ,IV:MAJ,II:MIN,V:MAJ,I:MAJ,IV:MAJ,II:MIN,V:MAJ,III:DIM,I:MAJ,IV:MAJ,VII:DIM,III:MIN,VI:MIN,II:MIN,V:MAJ,I:MAJ,VI:MIN,II:MIN,VII:DIM,V:MAJ,I:MAJ,IV:MAJ,VII:DIM,III:MAJ,VI:MIN,II:MIN,VII:DIM,III:MAJ,#IV:DIM,II:MAJ,#V:DIM,III:MAJ,VI:MIN,II:MIN,IV:MAJ,II:MIN,#V:DIM,VI:MIN,III:MAJ,VI:MIN,VI:MAJ,II:MIN,VII:DIM,III:MIN,#I:DIM,VI:MAJ,II:MIN,II:MAJ,V:MAJ,III:MIN,VI:MIN,#IV:DIM,II:MAJ,V:MAJ,I:MAJ,IV:MAJ,VII:DIM,I:MAJ,VI:MIN,II:MIN,V:MAJ,VI:MIN,VII:DIM,I:MAJ,VII:DIM,V:MAJ,I:MAJ,IV:MAJ,V:MAJ,I:MAJ
MAJOR;V:MAJ,I:MAJ,V:MAJ,I:MAJ,V:MAJ,I:MAJ,III:MIN,IV:MAJ,II:MIN,V:MAJ,I:MAJ,IV:MAJ,II:MIN,IV:MAJ,V:MAJ,I:MAJ,IV:MAJ,II:MIN,V:MAJ,III:MIN,II:MIN,V:MAJ,I:MAJ,#V:DIM,VI:MIN,II:MAJ,V:MAJ,I:MAJ,VI:MIN,VII:DIM,VI:MIN,II:MAJ,III:MIN,#IV:DIM,II:MAJ,V:MAJ,I:MAJ,II:MAJ,V:MAJ,#IV:DIM,V:MAJ,I:MAJ,VI:MIN,II:MAJ,VII:MIN,I:MAJ,#IV:DIM,V:MAJ,II:MAJ,V:MAJ,III:MIN,I:MAJ,II:MAJ,V:MAJ,II:MAJ,V:MAJ,II:MAJ,V:MAJ,II:MAJ,V:MAJ,II:MIN,V:MAJ,I:MAJ,VI:MIN,#V:DIM,III:MAJ,VI:MIN,IV:MAJ,III:DIM,I:MAJ,IV:MAJ,II:MIN,IV:MAJ,bVII:MAJ,VII:DIM,III:MAJ,II:MIN,VII:DIM,#V:DIM,III:MAJ,VI:MIN,IV:MAJ,VII:DIM,#V:DIM,III:MAJ,VI:MIN,II:MIN,III:MAJ,II:MAJ,VI:MIN,II:MIN,V:MAJ,I:MAJ,IV:MAJ,II:MIN,V:MAJ,III:MIN,IV:MAJ,VII:DIM,V:MAJ,I:MAJ,VI:MIN,II:MIN,V:MAJ,I:MAJ,IV:MAJ,VI:MIN,II:MAJ,#IV:DIM,II:MAJ,V:MAJ,VII:DIM,V:MAJ,VII:DIM,V:MAJ,VII:DIM,V:MAJ,I:MAJ,IV:MAJ,V:MAJ,I:MAJ
MAJOR;I:MAJ,V:MAJ,I:MAJ,IV:MAJ,VII:DIM,V:MAJ,I:MAJ,VI:MIN,V:MAJ,#IV:DIM,V:MAJ,II:MAJ,V:MAJ,IV:MAJ,II:MIN,V:MAJ,I:MAJ,V:MAJ,VI:MIN,II:MAJ,V:MAJ,I:MAJ,VI:MIN,II:MAJ,V:MAJ,VI:MIN,II:MAJ,V:MAJ,IV:MAJ,#IV:DIM,V:MAJ,VI:MIN,V:MAJ,IV:MAJ,#IV:DIM,V:MAJ,VI:MIN,V:MAJ,I:MAJ,VI:MIN,II:MAJ,V:MAJ,#V:DIM,III:MAJ,VI:MIN,IV:MAJ,V:MAJ,III:MIN,IV:MAJ,II:MIN,III:MAJ,#V:DIM,#I:DIM,III:DIM,VI:MAJ,#I:DIM,VI:MAJ,II:MIN,#V:DIM,II:MIN,#V:DIM,III:MAJ,VI:MIN,II:MIN,VII:DIM,III:MAJ,VI:MIN,I:MAJ,III:DIM,IV:MAJ,VI:MIN,I:MAJ,II:MIN,IV:MAJ,V:MAJ,I:MAJ,II:MIN,V:MAJ,VI:MIN,I:MAJ,IV:MAJ,VII:DIM,I:MAJ,II:MIN,I:MAJ,IV:MAJ,VII:DIM,I:MAJ,II:MIN,I:MAJ,IV:MAJ,II:MIN,V:MAJ,I:MAJ
MAJOR;I:MAJ,III:MAJ,VI:MIN,IV:MAJ,V:MAJ,I:MAJ,#IV:DIM,V:MAJ,III:MIN,IV:MAJ,VI:MIN,II:MAJ,V:MAJ,#IV:DIM,I:MAJ,II:MAJ,V:MAJ,II:MIN,III:MAJ,#V:DIM,VI:MIN,II:MIN,III:DIM,VI:MAJ,II:MIN,III:DIM,VI:MAJ,V:MIN,#I:DIM,VI:MAJ,II:MIN,VI:MAJ,II:MIN,VII:DIM,I:MAJ,#IV:DIM,V:MAJ,VI:MIN,I:MAJ,II:MAJ,V:MAJ,VI:MIN,I:MAJ,IV:MAJ,I:MAJ,IV:MAJ,II:MIN,VII:DIM,V:MAJ,I:MAJ,V:MAJ,I:MAJ
MAJOR;I:MAJ,IV:MAJ,VII:DIM,I:MAJ,VII:DIM,I:MAJ,V:MAJ,I:MAJ,V:MAJ,I:MAJ,II:MIN,V:MAJ,I:MAJ,IV:MAJ,VII:DIM,I:MAJ,VII:DIM,I:MAJ,VI:MIN,V:MAJ,II:MAJ,V:MAJ,VII:DIM,I:MAJ,V:MAJ,I:MAJ,IV:MAJ,VII:DIM,I:MAJ,VII:DIM,III:MAJ,II:MIN,III:MAJ,#I:DIM,III:DIM,VI:MAJ,II:MIN,VII:DIM,V:MAJ,VII:DIM,I:MAJ,V:MAJ,I:MAJ,IV:MAJ,I:MAJ,#I:DIM,VI:MAJ,II:MIN,I:MAJ,V:MAJ,I:MAJ
MAJOR;I:MAJ,V:MAJ,IV:MAJ,I:MAJ,VII:DIM,I:MAJ,II:MIN,I:MAJ,IV:MAJ,I:MAJ,V:MAJ,I:MAJ,V:MAJ,IV:MAJ,I:MAJ,#IV:DIM,V:MAJ,II:MAJ,V:MAJ,VII:MIN,V:MAJ,II:MAJ,#IV:DIM,V:MAJ,II:MIN,I:MAJ,VII:DIM,#V:DIM,III:MAJ,VI:MIN,#V:DIM,III:MAJ,VI:MIN,III:MAJ,#I:DIM,VI:MAJ,#I:DIM,II:MIN,VI:MIN,VII:DIM,I:MAJ,#V:DIM,VI:MIN,II:MIN,III:MAJ,VI:MIN,I:MAJ,V:MAJ,I:MAJ,IV:MAJ,VI:DIM,II:MAJ,V:MAJ,II:MIN,V:MAJ,IV:MAJ,VII:DIM,I:MAJ,VI:MIN,V:MAJ,#IV:DIM,II:MAJ,V:MAJ,I:MAJ,V:MAJ,I:MAJ
MAJOR;I:MAJ,V:MAJ,I:MAJ,VII:DIM,I:MAJ,IV:MAJ,V:MAJ,I:MAJ,V:MAJ,I:MAJ,III:MAJ,VI:MIN,III:MAJ,VI:MIN,II:MAJ,V:MAJ,II:MAJ,V:MAJ,III:MIN,VI:MIN,II:MAJ,V:MAJ,I:MAJ,VI:MIN,II:MAJ,V:MAJ,VI:MIN,II:MIN,V:MAJ,I:MAJ,II:MAJ,#IV:DIM,V:MAJ,III:MIN,III:MAJ,VI:MIN,III:MAJ,VI:MIN,III:MAJ,VI:MIN,III:DIM,#I:DIM,VI:MAJ,II:MIN,III:DIM,VI:MAJ,II:MIN,V:MAJ,I:MAJ,V:MAJ,VI:MIN,V:MAJ,I:MAJ,VII:DIM,IV:MAJ,I:MAJ,VII:DIM,VI:MIN,V:MAJ,VII:DIM,VI:MIN,V:MAJ,II:MAJ,V:MAJ,I:MAJ,V:MAJ,I:MAJ,V:MAJ,VII:DIM,V:MAJ,I:MAJ,II:MIN,VII:DIM,IV:MAJ,V:MAJ,I:MAJ,II:MIN,V:MAJ,VI:MIN,V:MAJ,I:MAJ,II:MIN,V:MAJ,I:MAJ,IV:MAJ,II:MIN,V:MAJ,I:MAJ
MAJOR;V:MAJ,I:MAJ,V:MAJ,I:MAJ,VII:DIM,I:MAJ,IV:MAJ,V:MAJ,I:MAJ,IV:MAJ,VII:DIM,I:MAJ,V:MAJ,I:MAJ,VI:MIN,II:MIN,III:MAJ,#V:DIM,VI:MIN,II:MAJ,#IV:DIM,V:MAJ,I:MAJ,VI:MIN,II:MAJ,V:MAJ,VI:MIN,#IV:DIM,III:MIN,II:MAJ,V:MAJ,I:MAJ,#IV:DIM,II:MAJ,V:MAJ,II:MAJ,V:MAJ,I:MAJ,V:MAJ,#I:DIM,VI:MAJ,II:MAJ,V:MAJ,I:MAJ,VI:MIN,#IV:DIM,II:MAJ,I:MAJ,#IV:DIM,V:MAJ,#IV:DIM,I:MAJ,V:MAJ,I:MAJ,II:MAJ,V:MAJ,II:MAJ,V:MAJ,I:MAJ,III:DIM,IV:MAJ,bVII:MAJ,III:DIM,VI:MAJ,II:MIN,bVII:MAJ,V:MIN,III:DIM,#I:DIM,V:MIN,#I:DIM,II:MIN,V:MIN,II:MIN,V:MIN,VI:MAJ,II:MIN,VII:DIM,V:MAJ,I:MAJ,IV:MAJ,II:MAJ,V:MAJ,VII:DIM,I:MAJ,IV:MAJ,V:MAJ,I:MAJ,IV:MAJ,V:MAJ,IV:MAJ,V:MAJ,I:MAJ,VI:MIN,I:MAJ,#IV:DIM,II:MAJ,V:MAJ,I:MAJ,IV:MAJ,I:MAJ,IV:MAJ,V:MAJ,I:MAJ
MAJOR;I:MAJ,VII:DIM,I:MAJ,VII:DIM,I:MAJ,VII:DIM,I:MAJ,VI:MIN,II:MAJ,III:MIN,II:MAJ,V:MAJ,II:MAJ,V:MAJ,#IV:DIM,V:MAJ,VII:DIM,#V:DIM,VI:MIN,III:DIM,IV:MAJ,V:MAJ,I:MAJ,VII:DIM,I:MAJ,V:MAJ,I:MAJ,V:MAJ,IV:MAJ,V:MAJ,I:MAJ,V:MAJ,II:MIN,V:MAJ,IV:MAJ,I:MAJ,IV:MAJ,V:MAJ,I:MAJ
