MINOR;I:MIN,V:MAJ,I:MIN,V:MIN,VI:MAJ,III:MAJ,IV:MIN,II:DIM,V:MAJ,I:MIN,V:MAJ,I:MIN,V:MIN,VI:MAJ,III:MAJ,IV:MIN,II:DIM,V:MAJ,I:MIN
MINOR;V:MAJ,I:MIN,IV:MAJ,VII:MAJ,III:MAJ,#VI:MAJ,II:MAJ,V:MAJ,I:MIN,V:MAJ,I:MIN,II:MAJ,V:MAJ,I:MIN,IV:MAJ,VII:MAJ,III:MAJ,#VI:MAJ,II:MAJ,V:MAJ,I:MIN,V:MAJ,I:MIN,IV:MIN,I:MIN,VI:MAJ,III:MAJ,IV:MIN,VII:MAJ,III:MAJ,I:MIN,IV:MIN,I:MIN,VI:MAJ,III:MAJ,IV:MIN,VII:MAJ,III:MAJ,IV:MIN,V:MAJ,I:MIN,IV:MAJ,VII:MAJ,III:MAJ,#VI:MAJ,II:MAJ,V:MAJ,I:MIN,V:MAJ,I:MIN,II:MAJ,V:MAJ,I:MIN,IV:MAJ,VII:MAJ,III:MAJ,#VI:MAJ,II:MAJ,V:MAJ,I:MIN,V:MAJ,I:MIN
MAJOR;I:MAJ,V:MAJ,I:MAJ,IV:MAJ,I:MAJ,IV:MAJ,I:MAJ,IV:MIN,I:MAJ,IV:MIN,I:MAJ,IV:MAJ,I:MAJ,IV:MIN,I:MAJ,V:MAJ,I:MAJ,V:MAJ,I:MAJ,V:MAJ,I:MIN,V:MAJ,I:MIN,IV:MAJ,bVII:MAJ,IV:MAJ,bVII:MAJ,III:MAJ,VI:MAJ,III:MAJ,VI:MAJ,#IV:DIM,IV:MAJ,bVII:MAJ,IV:MAJ,bVII:MAJ,III:MAJ,VI:MAJ,III:MAJ,#I:DIM,#II:DIM
MINOR;IV:MIN,#VII:DIM,IV:MIN,#IV:MAJ,V:MAJ,#IV:DIM,V:MAJ,I:MIN,V:MAJ,I:MIN,VII:MAJ,III:MAJ,II:MAJ,V:MAJ,I:MIN
MAJOR;II:MIN,I:MAJ,V:MAJ,#V:DIM,VI:MIN,II:DIM,VI:MIN,III:MAJ,VI:MIN,V:MAJ,I:MAJ,V:MAJ,#V:DIM,VI:MIN,II:DIM,VI:MIN,III:MAJ,I:MAJ,IV:MAJ,I:MAJ,IV:MAJ,I:MAJ,IV:MIN,I:MAJ,IV:MIN,I:MAJ,IV:MAJ,I:MAJ,IV:MIN,I:MAJ,V:MAJ,IV:MAJ,V:MAJ,I:MAJ,V:MAJ,I:MAJ,V:MAJ,IV:MAJ,V:MAJ,I:MIN,V:MAJ,I:MIN,I:MAJ
MINOR;#IV:DIM,II:MAJ,#IV:DIM,II:MAJ,#IV:DIM,II:MAJ,#IV:DIM,II:MAJ,II:DIM,V:MAJ,II:DIM,V:MAJ,II:DIM,V:MAJ,II:DIM,V:MAJ,I:MIN,V:MAJ,I:MIN,V:MAJ,I:MIN,V:MAJ,I:MIN,V:MAJ,#VII:DIM,IV:MIN,I:MIN,V:MAJ,I:MIN,V:MAJ,I:MIN,VII:MAJ,III:MAJ,VII:MAJ,III:MAJ,bII:MAJ,V:MAJ,I:MIN,bII:MAJ,V:MAJ,I:MIN,bII:MAJ,V:MAJ,I:MIN,bII:MAJ,V:MAJ,I:MIN,V:MAJ,I:MIN,V:MAJ,I:MIN,V:MAJ,I:MIN,V:MAJ,I:MIN,V:MAJ,I:MIN,V:MIN,II:MAJ,V:MIN,II:MAJ,V:MIN,II:MAJ,V:MIN,V:MAJ,I:MIN,V:MAJ,I:MIN,V:MAJ,I:MIN,V:MIN,II:MAJ,V:MIN,II:MAJ,V:MIN,II:MAJ,V:MIN,bV:AUG
MAJOR;V:MAJ,I:MAJ,V:MAJ,I:MAJ,VII:MAJ,III:MIN,VII:MAJ,III:MIN,II:MAJ,V:MAJ,IV:MAJ,V:MAJ,VII:DIM,I:MAJ,II:MIN,V:MAJ,I:MAJ,V:MAJ,I:MAJ,V:MAJ,I:MAJ,V:MAJ,I:MAJ,VII:MAJ,III:MIN,VII:MAJ,III:MIN,II:MAJ,V:MAJ,IV:MAJ,V:MAJ,VII:DIM,I:MAJ,II:MIN,V:MAJ,I:MAJ,V:MAJ,I:MAJ,V:MAJ,I:MAJ,V:MAJ,I:MAJ,V:MAJ
MINOR;#IV:DIM,II:MAJ,#IV:DIM,II:MAJ,#IV:DIM,II:MAJ,#IV:DIM,II:MAJ,II:DIM,V:MAJ,II:DIM,V:MAJ,II:DIM,V:MAJ,II:DIM,V:MAJ,I:MIN,V:MAJ,I:MIN,V:MAJ,I:MIN,V:MAJ,I:MIN,V:MAJ,#VII:DIM,IV:MIN,I:MIN,V:MAJ,I:MIN,V:MAJ,I:MIN,VII:MAJ,III:MAJ,VII:MAJ,III:MAJ,bII:MAJ,V:MAJ,I:MIN,bII:MAJ,V:MAJ,I:MIN,bII:MAJ,V:MAJ,I:MIN,bII:MAJ,V:MAJ,I:MIN,V:MAJ,I:MIN,V:MAJ,I:MIN,V:MAJ,#IV:DIM,V:MAJ,I:DIM,IV:MAJ,bIV:MAJ,III:MAJ,bIII:MAJ,bII:MAJ,I:MAJ,bI:MAJ,VII:MAJ,IV:MIN,II:DIM,IV:MIN,II:DIM,IV:MIN,II:DIM,IV:MIN,II:DIM,IV:MIN,I:MIN
MINOR;I:MIN,#IV:DIM,V:MAJ,I:MIN,IV:MIN,I:MIN,II:DIM,I:MIN,IV:MIN,I:MIN,#IV:DIM,V:MAJ,I:MIN,II:DIM,I:MIN,IV:MIN,I:MIN,#IV:DIM,V:MAJ,I:MIN
MAJOR;IV:MIN,V:MAJ,I:MAJ,V:MAJ,IV:MAJ,V:MAJ,#VI:DIM,V:MAJ,II:MAJ,V:MAJ,II:MAJ,V:MAJ,II:MAJ,V:MAJ,II:MAJ,V:MAJ,II:MIN,V:MAJ,I:MAJ,V:MAJ,I:MAJ,V:MAJ,I:MAJ,II:MIN,V:MAJ,I:MAJ,V:MAJ,I:MAJ,V:MAJ,I:MAJ
MINOR;I:MIN,#IV:DIM,V:MAJ,I:MIN,IV:MIN,I:MIN,II:DIM,I:MIN,IV:MIN,I:MIN,#IV:DIM,V:MAJ,I:MIN,II:DIM,I:MIN,IV:MIN,I:MIN,#IV:DIM,V:MAJ,I:MIN
MAJOR;I:MAJ,V:MAJ,I:MAJ,V:MAJ,I:MAJ,II:MIN,V:MAJ,I:MAJ,V:MAJ,I:MAJ,V:MAJ,I:MAJ,II:MIN,V:MAJ,I:MAJ
MAJOR;I:MAJ,V:MAJ,I:MAJ,V:MAJ,I:MAJ,II:MIN,V:MAJ,I:MAJ,V:MAJ,I:MAJ,V:MAJ,I:MAJ,II:MIN,V:MAJ,I:MAJ
MAJOR;I:MAJ,V:MAJ,I:MAJ,V:MAJ,I:MAJ,II:MIN,V:MAJ,I:MAJ,V:MAJ,I:MAJ,V:MAJ,I:MAJ,II:MIN,V:MAJ,I:MAJ
MAJOR;I:MAJ,V:MAJ,I:MAJ,V:MAJ,II:MAJ,V:MAJ,II:MAJ,V:MAJ,I:MAJ,V:MAJ,I:MIN,bVII:MAJ,bIII:MAJ,bVII:MAJ,bIII:MAJ
MAJOR;II:DIM,I:MAJ,II:DIM,I:MAJ,II:MAJ,V:MAJ,II:MAJ,V:MAJ,I:MAJ,V:MAJ,I:MAJ,V:MAJ,I:MAJ,II:MIN,V:MAJ,I:MAJ,V:MAJ,I:MAJ,V:MAJ,I:MAJ,II:MIN,V:MAJ,I:MAJ
MAJOR;I:MAJ,V:MAJ,I:MAJ,V:MAJ,I:MAJ,II:MIN,V:MAJ,I:MAJ,V:MAJ,I:MAJ,V:MAJ,I:MAJ,II:MIN,V:MAJ,I:MAJ
MAJOR;I:MAJ,V:MAJ,I:MAJ,V:MAJ,I:MAJ,II:MIN,V:MAJ,I:MAJ,V:MAJ,I:MAJ,V:MAJ,I:MAJ,II:MIN,V:MAJ,I:MAJ,#II:DIM,II:DIM,I:MAJ,II:MAJ,II:DIM,I:MAJ,II:MAJ,V:MAJ,I:MAJ,II:MAJ,V:MAJ,I:MAJ,#II:DIM,II:DIM,I:MAJ,#II:DIM,II:DIM,I:MAJ
MAJOR;I:MAJ,V:MAJ,I:MAJ,V:MAJ,I:MAJ,III:MAJ,VI:MAJ,II:MAJ,V:MAJ,I:MAJ,V:MAJ,I:MAJ,II:MIN,V:MAJ,I:MAJ
MAJOR;IV:MIN,I:MAJ,V:MAJ,I:MAJ,V:MAJ,I:MAJ,V:MAJ,I:MAJ,V:MAJ,I:MAJ,V:MAJ,I:MAJ,V:MAJ,I:MAJ,V:MAJ,I:MAJ,V:MAJ,I:MAJ
MAJOR;V:MAJ,I:MAJ,V:MAJ,I:MAJ,III:MAJ,VI:MAJ,II:MAJ,V:MAJ,I:MAJ,V:MAJ,I:MAJ,II:MIN,V:MAJ,I:MAJ
MINOR;I:MIN,IV:MIN,I:MIN,V:MAJ,I:MIN,II:MAJ,V:MIN,II:MAJ,V:MIN,II:MAJ,V:MIN,II:MAJ,V:MIN,II:MAJ,V:MAJ,II:MAJ,V:MAJ,I:MIN,IV:MIN,I:MIN,V:MAJ,I:MIN,VI:MAJ,bII:MAJ,VI:MAJ,bII:MAJ,VI:MAJ,bII:MAJ,VI:MAJ,bII:MAJ,VI:MAJ,bII:MAJ,VI:MAJ,bII:MAJ,VI:MAJ,bII:MAJ,VI:MAJ,V:MAJ,I:MIN,IV:MIN,I:MIN,V:MAJ,I:MIN,II:MAJ,V:MIN,II:MAJ,V:MIN,II:MAJ,V:MIN,II:MAJ,V:MIN,II:MAJ,V:MAJ,II:MAJ,V:MAJ,I:MIN,IV:MIN,I:MIN,V:MAJ,I:MIN,VI:MAJ,bII:MAJ,VI:MAJ,bII:MAJ,VI:MAJ,bII:MAJ,VI:MAJ,bII:MAJ,VI:MAJ,bII:MAJ,VI:MAJ,bII:MAJ,VI:MAJ,bII:MAJ,VI:MAJ
MINOR;V:MAJ,I:MIN,V:MAJ,I:MIN,V:MAJ,I:MIN,V:MAJ,I:MIN,V:MAJ,I:MAJ,IV:MIN,I:MAJ,IV:MIN,I:MAJ,#VII:DIM,I:MAJ,#IV:DIM,V:MIN
MINOR;V:MAJ,I:MIN,IV:MIN,I:MIN,V:MAJ,I:MIN,II:MAJ,V:MIN,II:MAJ,V:MIN,II:MAJ,V:MIN,II:MAJ,V:MIN,II:MAJ,V:MAJ,II:MAJ,V:MAJ,I:MIN,IV:MIN,I:MIN,V:MAJ,I:MIN,VI:MAJ,bII:MAJ,VI:MAJ,bII:MAJ,VI:MAJ,bII:MAJ,VI:MAJ,bII:MAJ,VI:MAJ,bII:MAJ,VI:MAJ,bII:MAJ,VI:MAJ,bII:MAJ,VI:MAJ,V:MAJ,I:MIN,IV:MIN,I:MIN,V:MAJ,I:MIN,II:MAJ,V:MIN,II:MAJ,V:MIN,II:MAJ,V:MIN,II:MAJ,V:MIN,II:MAJ,V:MAJ,II:MAJ,V:MAJ,I:MIN,IV:MIN,I:MIN,V:MAJ,I:MIN,VI:MAJ,bII:MAJ,VI:MAJ,bII:MAJ,VI:MAJ,bII:MAJ,VI:MAJ,bII:MAJ,VI:MAJ,bII:MAJ,VI:MAJ,bII:MAJ,VI:MAJ,bII:MAJ,VI:MAJ
MINOR;V:MAJ,I:MIN,V:MAJ,I:MIN,V:MAJ,I:MIN,V:MAJ,I:MIN,V:MAJ,I:MAJ,IV:MIN,I:MAJ,IV:MIN,I:MAJ,III:MAJ,#VII:DIM,I:MAJ,#IV:DIM,V:MIN
MINOR;V:MAJ
MAJOR;I:MAJ,II:MIN,V:MAJ,III:MAJ,VI:MIN,II:MIN,#II:DIM,VII:MAJ,III:MAJ,V:MAJ,I:MAJ,II:MIN,V:MAJ,III:MAJ,#IV:DIM,VII:MAJ,III:MIN,V:MAJ,I:MAJ,II:MIN,V:MAJ,III:MAJ,VI:MIN,II:MIN,#II:DIM,VII:MAJ,III:MAJ,V:MAJ,I:MAJ,II:MIN,V:MAJ,III:MAJ,#IV:DIM,VII:MAJ,III:MIN,VII:DIM,V:MAJ,I:MAJ,V:MAJ,I:MAJ,VII:DIM,V:MAJ,I:MAJ,V:MAJ,I:MAJ,II:MIN,I:MAJ,V:MAJ,I:MAJ,#II:DIM,I:MAJ,VII:DIM,V:MAJ,I:MAJ,V:MAJ,I:MAJ,VII:DIM,V:MAJ,I:MAJ,V:MAJ,I:MAJ,II:MIN,I:MAJ,V:MAJ,I:MAJ,V:MAJ,I:MAJ,II:MIN,I:MAJ,V:MAJ,I:MAJ,V:MAJ,I:MAJ,V:MAJ,I:MIN,IV:MIN,VII:DIM,I:MIN,IV:MIN,I:MIN,V:MAJ,I:MIN,II:MAJ,V:MIN,II:MAJ,V:MIN,II:MAJ,V:MIN,II:MAJ,V:MIN,II:MAJ,V:MAJ,II:MAJ,V:MAJ,I:MIN,IV:MIN,I:MIN,V:MAJ,I:MIN,bVI:MAJ,bII:MAJ,bVI:MAJ,bII:MAJ,bVI:MAJ,bII:MAJ,bVI:MAJ,bII:MAJ,bVI:MAJ,bII:MAJ,bVI:MAJ,bII:MAJ,bVI:MAJ,bII:MAJ,bVI:MAJ,bII:MAJ,bVI:MAJ,bII:MAJ,bVI:MAJ,V:MAJ,I:MIN
MINOR;I:MAJ,IV:MIN,V:MAJ,I:MIN,I:MAJ,IV:MIN,VI:MAJ,I:MIN,I:MAJ,IV:MIN,V:MAJ,I:MIN,I:MAJ,IV:MIN,VI:MAJ,I:MIN
MAJOR;I:MAJ,V:MAJ,I:MAJ,V:MAJ,II:MIN,V:MAJ,I:MAJ,V:MAJ,I:MAJ,III:MIN,I:MAJ,V:MAJ,I:MAJ,III:MIN,V:MAJ,III:MIN,V:MAJ,I:MAJ,V:MAJ,I:MAJ,III:MIN,VI:MAJ,V:MIN,II:MIN,II:DIM,V:MAJ,IV:MAJ,V:MAJ,IV:MAJ,V:MAJ,I:MAJ,III:MIN,VI:MIN,#IV:DIM,VII:MAJ,#V:DIM,III:MAJ,VI:MIN,V:MAJ,I:MAJ,V:MAJ,I:MAJ,II:MIN,V:MAJ,II:MIN,V:MAJ,I:MAJ,V:MAJ,I:MAJ,III:MIN,I:MAJ,V:MAJ,I:MAJ,II:MIN,V:MAJ,II:MIN,V:MAJ,I:MAJ,V:MAJ,I:MAJ,III:MIN
MINOR;I:MAJ,IV:MIN,V:MAJ,I:MIN,I:MAJ,IV:MIN,VI:MAJ,I:MIN,IV:MIN,I:MIN,IV:MIN,I:MIN,IV:MIN,VII:MIN,I:MIN
MAJOR;I:MAJ,V:MAJ,I:MAJ,IV:MAJ,II:MIN,V:MAJ,I:MAJ,V:MAJ,I:MAJ,V:MAJ,I:MAJ,IV:MAJ,II:MIN,V:MAJ,I:MAJ,V:MAJ,I:MAJ,IV:MAJ,II:MIN,V:MAJ,I:MAJ,IV:MAJ,V:MAJ,I:MAJ,IV:MAJ,II:MIN,V:MAJ,I:MAJ,#IV:DIM,VII:MAJ,III:MIN,IV:MAJ,II:MIN,V:MAJ,I:MAJ,IV:MAJ,V:MAJ,I:MAJ,IV:MAJ,II:MIN,V:MAJ,I:MAJ,#IV:DIM,VII:MAJ,III:MIN,VII:MAJ,III:MIN,VII:MAJ,III:MIN,VII:MAJ,III:MIN,VII:MAJ,III:MAJ
MAJOR;V:MAJ,I:MAJ,V:MAJ,I:MAJ,IV:MAJ,V:MAJ,IV:MAJ,I:MAJ,IV:MAJ,V:MAJ,I:MAJ
MAJOR;I:MAJ,V:MAJ,I:MAJ,IV:MAJ,II:MIN,V:MAJ,I:MAJ,V:MAJ,I:MAJ,IV:MAJ,II:MIN,V:MAJ,I:MAJ,IV:MAJ,V:MAJ,I:MAJ,IV:MAJ,II:MIN,V:MAJ,I:MAJ,#IV:DIM,VII:MAJ,III:MIN,IV:MAJ,II:MIN,V:MAJ,I:MAJ,IV:MAJ,V:MAJ,I:MAJ,IV:MAJ,II:MIN,V:MAJ,I:MAJ
MINOR;I:MIN,bII:MAJ,I:MIN,IV:MIN,I:MIN,bII:MAJ,I:MIN,IV:MIN,I:MIN,bII:MAJ,I:MIN,IV:MIN,I:MIN,III:MAJ,#IV:DIM,III:MAJ,#IV:DIM,III:MAJ,#IV:DIM,III:MAJ,#IV:DIM,III:MAJ,#IV:DIM,III:MAJ,#IV:DIM,III:MAJ,V:MAJ,I:MAJ,V:MAJ,I:MAJ,#III:MAJ,#VI:MIN,II:MAJ,V:MAJ,I:MAJ,V:MAJ,I:MAJ,V:MAJ,I:MAJ,#III:MAJ,#VI:MIN,II:MAJ,V:MAJ,I:MAJ
MAJOR;I:MAJ,V:MIN,VI:MAJ,II:MIN,V:MAJ,I:MAJ,V:MAJ
MINOR;IV:MAJ,I:MAJ,V:MAJ,I:MAJ,II:DIM,V:MAJ,I:MAJ,V:MAJ,I:MAJ,IV:MAJ,I:MAJ,V:MAJ,I:MAJ,II:DIM,V:MAJ,I:MAJ,V:MAJ,VI:MAJ,I:MAJ,IV:MIN,VI:MAJ,bII:MAJ,#VII:DIM,I:MAJ,IV:MIN,I:MAJ,bII:MAJ,I:MAJ,IV:MIN,I:MAJ,bII:MAJ,I:MAJ,IV:MIN,I:MAJ,bII:MAJ,I:MAJ,IV:MIN,I:MAJ,III:MAJ,#IV:DIM,III:MAJ,#IV:DIM,III:MAJ,#IV:DIM,III:MAJ,#IV:DIM,III:MAJ,#IV:DIM,III:MAJ,#IV:DIM,III:MAJ,V:MAJ,I:MAJ,V:MAJ,I:MAJ,#III:MAJ,#VI:MIN,II:MAJ,V:MAJ,I:MAJ,V:MAJ,I:MAJ,V:MAJ,I:MAJ,#III:MAJ,#VI:MIN,II:MIN,I:MAJ,V:MAJ,I:MAJ,V:MAJ,I:MAJ,V:MAJ,I:MAJ,V:MAJ,I:MAJ,V:MAJ,#IV:DIM,V:MAJ,II:DIM,V:MAJ,#VII:DIM,V:MAJ,#VII:DIM,V:MAJ,#VII:DIM,I:MIN,VI:MAJ,I:MIN,VI:MAJ,I:MIN,II:MAJ,V:MAJ,I:MIN,V:MAJ,I:MIN,V:MAJ,I:MIN,V:MAJ,I:MIN,V:MAJ,I:MIN,V:MAJ,I:MIN
MAJOR;I:MAJ,IV:MAJ,I:MAJ,II:MAJ,V:MAJ,I:MAJ,IV:MAJ,I:MAJ,bI:MAJ,bIV:MAJ,bI:MAJ,bIV:MAJ,V:MAJ,I:MAJ,IV:MAJ,I:MAJ,II:MAJ,V:MAJ,I:MAJ,IV:MAJ,I:MAJ,bIII:MAJ,bVII:MAJ,bIII:MAJ
MAJOR;I:MAJ,V:MAJ,I:MAJ,V:MAJ,I:MAJ,V:MAJ,I:MAJ,V:MAJ,I:MAJ,V:MAJ,#I:DIM,V:MAJ,I:MAJ,V:MAJ,I:MAJ,III:MAJ,VI:MIN,III:MAJ,VI:MIN,III:MAJ,VI:MIN,III:MAJ,VI:MIN,VII:MAJ,III:MIN,VII:MAJ,III:MIN,VII:MAJ,III:MIN
MAJOR;I:MAJ,IV:MAJ,I:MAJ,II:MAJ,V:MAJ,I:MAJ,IV:MAJ,I:MAJ,bI:MAJ,bIV:MAJ,bI:MAJ,bIV:MAJ,V:MAJ,I:MAJ,IV:MAJ,I:MAJ,II:MAJ,V:MAJ,I:MAJ,II:MIN,IV:MIN,II:DIM,I:MAJ,IV:MIN,II:DIM,I:MAJ
MINOR;I:MIN,V:MAJ,I:MIN,V:MAJ,I:MIN,V:MAJ,I:MIN,VII:MAJ,III:MAJ,VII:MAJ,III:MAJ,VII:MAJ,III:MAJ,II:DIM,#IV:DIM,V:MAJ,I:MIN,V:MAJ,I:MIN,V:MAJ,I:MIN,VII:MAJ,III:MAJ,VII:MAJ,III:MAJ,VII:MAJ,III:MAJ,VI:MAJ,IV:MIN,V:MIN,V:MAJ,I:MIN,V:MIN,II:MAJ,V:MIN,II:MAJ,V:MAJ,I:MIN,IV:MIN,II:DIM,I:MIN,#IV:MAJ,V:MAJ,I:MIN,III:MAJ,VI:MAJ,IV:MIN,V:MIN,V:MAJ,I:MIN,V:MIN,II:MAJ,V:MIN,II:MAJ,V:MAJ,I:MIN,IV:MIN,II:DIM,I:MIN,#IV:MAJ,V:MAJ,I:MIN,I:MAJ
MAJOR;V:MAJ,I:MAJ,IV:MAJ,I:MAJ,#IV:DIM,I:MAJ,V:MAJ,I:MAJ,#IV:DIM,I:MAJ,II:MAJ,#I:DIM,V:MAJ,II:MIN,VI:MIN,IV:MAJ,I:MAJ,#IV:DIM,I:MAJ,V:MAJ,I:MAJ,#IV:DIM,I:MAJ,III:MIN,VII:MAJ,III:MIN,VII:MIN,I:MAJ,V:MAJ,VI:MAJ,II:MAJ,VI:MIN,III:MIN,VI:MIN,III:MIN,II:MAJ,V:MAJ,II:MAJ,V:MAJ,#IV:DIM,V:MAJ,#IV:DIM,V:MAJ,#IV:DIM,V:MAJ,#IV:DIM,V:MAJ,#IV:DIM,V:MAJ,#IV:DIM,V:MAJ,I:MAJ,IV:MAJ,I:MAJ,#IV:DIM,I:MAJ,V:MAJ,I:MAJ,#IV:DIM,I:MAJ,II:MAJ,#I:DIM,V:MAJ,II:MIN,VI:MIN,IV:MAJ,I:MAJ,#IV:DIM,I:MAJ,V:MAJ,I:MAJ,#IV:DIM,I:MAJ
MINOR;V:MAJ,I:MIN,V:MAJ,I:MIN,V:MAJ,I:MIN,VII:MAJ,III:MAJ,VII:MAJ,III:MAJ,VII:MAJ,III:MAJ,II:DIM,#IV:DIM,V:MAJ,I:MIN,V:MAJ,I:MIN,V:MAJ,I:MIN,VII:MAJ,III:MAJ,VII:MAJ,III:MAJ,VII:MAJ,III:MAJ,VI:MAJ,IV:MIN,V:MIN,V:MAJ,I:MIN,V:MIN,II:MAJ,V:MIN,II:MAJ,V:MAJ,I:MIN,IV:MIN,II:DIM,I:MIN,#IV:MAJ,V:MAJ,I:MIN,III:MAJ,VI:MAJ,IV:MIN,V:MIN,V:MAJ,I:MIN,V:MIN,II:MAJ,V:MIN,II:MAJ,V:MAJ,I:MIN,IV:MIN,II:DIM,I:MIN,#IV:MAJ,V:MAJ,I:MIN
MINOR;I:MIN,#IV:DIM,II:MAJ,V:MAJ,I:MIN,#IV:DIM,II:MAJ,V:MAJ,I:MIN,II:MAJ,V:MAJ,I:MIN,II:MIN,IV:MIN,V:MAJ,I:MIN,II:MAJ,V:MAJ,I:MIN,II:MIN,IV:MIN,VII:MAJ
MAJOR;I:MAJ,#IV:DIM,II:MAJ,V:MAJ,I:MAJ,#IV:DIM,II:MAJ,V:MAJ,I:MAJ,II:MAJ,V:MAJ,I:MAJ,#II:DIM,V:MAJ,I:MAJ,II:MAJ,V:MAJ,I:MAJ,VII:DIM,#II:DIM
MINOR;V:MAJ,#IV:DIM,II:MAJ,V:MAJ,I:MIN,#IV:DIM,II:MAJ,V:MAJ
MAJOR;II:MIN,VII:DIM,I:MAJ,IV:MAJ,V:MAJ,I:MAJ,IV:MAJ,I:MAJ,VII:DIM,V:MAJ,I:MAJ,V:MAJ,III:MAJ,VI:MIN,IV:MAJ,V:MAJ,I:MAJ,VII:MAJ,III:MAJ,II:MIN,V:MAJ,VI:MIN,IV:MAJ,V:MAJ,I:MAJ,IV:MAJ,I:MAJ,V:MAJ,I:MAJ,V:MAJ,III:MAJ,VI:MIN,IV:MAJ,V:MAJ,I:MAJ,II:MIN,V:MAJ,VI:MIN,V:MAJ
MINOR;I:MIN,#IV:DIM,II:MAJ,V:MAJ,I:MIN,#IV:DIM,II:MAJ,V:MAJ,I:MIN,II:MAJ,V:MAJ,I:MIN,II:MIN,IV:MIN,V:MAJ,I:MIN,II:MAJ,V:MAJ,I:MIN,II:MIN,IV:MIN,VII:MAJ
MAJOR;I:MAJ,#IV:DIM,II:MAJ,V:MAJ,I:MAJ,#IV:DIM,II:MAJ,V:MAJ,I:MAJ,#II:DIM,VII:DIM,I:MAJ,#II:DIM,V:MAJ,I:MAJ,II:MAJ,V:MAJ,I:MAJ,VII:DIM
MINOR;#IV:DIM,V:MAJ,I:MIN,V:MAJ,I:MIN,V:MAJ,I:MIN,IV:MIN,V:MAJ,I:MIN,IV:MIN,I:MIN,V:MAJ,I:MIN,IV:MIN,I:MIN,IV:MIN,I:MIN,IV:MIN,I:MIN,II:MAJ,IV:MIN,I:MIN,II:MAJ,IV:MIN,I:MIN,II:MAJ,I:MIN,II:MAJ,IV:MIN,I:MIN,II:MAJ,IV:MIN,I:MIN,II:MAJ,I:MIN,II:MAJ,I:MIN
MAJOR;V:MAJ,I:MAJ,V:MAJ,I:MAJ,IV:MAJ,I:MAJ,IV:MAJ,II:MIN,V:MAJ,I:MAJ,#I:DIM,II:MIN,#I:DIM,II:MIN,III:DIM,VI:MAJ,II:MIN,V:MAJ,I:MAJ,II:MIN,V:MAJ,I:MAJ
MINOR;I:MIN,IV:MIN,I:MIN,IV:MIN,I:MIN,IV:MAJ
MAJOR;V:MAJ,I:MAJ,V:MAJ,I:MAJ,IV:MAJ,I:MAJ,IV:MAJ,II:MIN,V:MAJ,I:MAJ,#I:DIM,II:MIN,#I:DIM,II:MIN,III:DIM,VI:MAJ,II:MIN,V:MAJ,I:MAJ,II:MIN,V:MAJ,I:MAJ,IV:MIN,I:MAJ,IV:MIN,bVII:MAJ,bIII:MAJ,bVI:MAJ,II:DIM,V:MAJ,I:MIN,bVI:MAJ,I:MIN,V:MAJ,II:MAJ,V:MAJ,II:MAJ,V:MAJ,I:MAJ,IV:MAJ,VII:MAJ,III:MAJ,VI:MAJ,II:MIN,V:MAJ,#I:DIM,V:MAJ,IV:MAJ,V:MAJ,I:MAJ,V:MAJ,I:MAJ,IV:MAJ,I:MAJ,IV:MAJ,II:MIN,V:MAJ,I:MAJ,#I:DIM,II:MIN,#I:DIM,II:MIN,III:DIM,VI:MAJ,II:MIN,V:MAJ,I:MAJ,II:MIN,V:MAJ,I:MAJ,bVI:MAJ,I:MAJ,bVI:MAJ,I:MAJ,#I:DIM,V:MAJ,#I:DIM,V:MAJ,I:MAJ,#I:DIM,V:MAJ,#I:DIM,V:MAJ,I:MAJ,bVI:MAJ,I:MAJ,bVI:MAJ,I:MAJ,#I:DIM,V:MAJ,#I:DIM,V:MAJ,#IV:DIM,V:MAJ,I:MAJ,IV:MIN,I:MAJ,V:MAJ,I:MAJ,IV:MIN,I:MAJ,V:MAJ,I:MAJ,V:MAJ,I:MAJ,V:MAJ,I:MAJ,IV:MIN,I:MAJ
MAJOR;V:MAJ,IV:MAJ,V:MAJ,IV:MAJ,V:MAJ,IV:MAJ,V:MAJ,I:MAJ,V:MAJ,I:MAJ,VI:MIN,III:MAJ,VI:MIN,IV:MAJ,V:MAJ,I:MAJ,V:MAJ,#V:DIM,VI:MIN,VII:DIM,III:MAJ,VII:DIM,III:MAJ,V:MAJ,I:MAJ,VI:MIN,V:MAJ,II:MAJ,V:MAJ,I:MAJ,II:MIN
MINOR;V:MAJ,I:MIN,VI:MAJ,II:MIN,V:MAJ,VI:MAJ,#IV:DIM,V:MAJ,I:MIN,#VI:DIM,V:MAJ,II:MAJ,V:MAJ,I:MIN,V:MAJ,I:MIN,V:MAJ
MAJOR;I:MAJ,V:MAJ,I:MAJ,VI:MIN,III:MAJ,VI:MIN,IV:MAJ,V:MAJ,I:MAJ,V:MAJ,#V:DIM,VI:MIN,VII:DIM,III:MAJ,VII:DIM,III:MAJ,V:MAJ,I:MAJ,VI:MIN,V:MAJ,II:MAJ,V:MAJ,I:MAJ
MAJOR;I:MAJ,IV:MAJ,V:MAJ,#II:DIM,V:MAJ,#II:DIM,I:MAJ,IV:MAJ,V:MAJ,#II:DIM,V:MAJ,I:MAJ,VI:MIN,III:MAJ,VI:MIN,III:MAJ,VI:MIN,III:MAJ,VI:MIN,II:MIN,V:MAJ,I:MAJ,IV:MAJ,V:MAJ,#II:DIM,V:MAJ,#II:DIM,I:MAJ,IV:MAJ,V:MAJ,#II:DIM,V:MAJ,I:MAJ
MAJOR;I:MAJ,V:MAJ,I:MAJ,VI:MIN,III:MAJ,VI:MIN,IV:MAJ,V:MAJ,I:MAJ,V:MAJ,#V:DIM,VI:MIN,VII:DIM,III:MAJ,VII:DIM,III:MAJ,V:MAJ,I:MAJ,VI:MIN,V:MAJ,II:MAJ,V:MAJ,I:MAJ
MINOR;I:MIN,II:MAJ,V:MAJ,I:MIN,II:MAJ,V:MAJ,I:MIN,II:DIM,#VI:MIN,II:MAJ,V:MIN,#VI:DIM,II:MAJ,V:MAJ,IV:MIN,V:MAJ,IV:MIN,V:MAJ,I:MIN,VI:MAJ,III:MAJ,IV:MIN,I:MIN,II:MAJ,V:MAJ,II:MAJ,V:MAJ,II:MAJ,#VI:MIN,V:MAJ,II:MAJ,V:MAJ,I:MIN,II:MAJ,V:MAJ,I:MIN,V:MAJ,I:MIN,V:MAJ,#VI:DIM,II:MAJ,V:MAJ,I:MIN,#IV:MIN,II:MAJ,V:MAJ,I:MIN,#IV:DIM,II:MAJ,#IV:DIM,V:MAJ
MAJOR;I:MAJ,IV:MAJ,I:MAJ,IV:MAJ,I:MAJ,II:MAJ,V:MAJ,II:MAJ,V:MAJ,I:MAJ,IV:MAJ,I:MAJ,IV:MAJ,I:MAJ,VI:MIN,II:MIN,VI:MIN,II:MIN,VI:MIN,V:MAJ,I:MAJ,IV:MAJ,VI:MAJ,II:MIN,I:MIN,VI:MAJ,II:MIN,II:DIM,V:MAJ,IV:MAJ,V:MAJ,IV:MAJ,V:MAJ,IV:MAJ,V:MAJ,IV:MAJ,V:MAJ,IV:MAJ,V:MAJ,I:MAJ,IV:MAJ,I:MAJ,IV:MAJ,I:MAJ,II:MAJ,V:MAJ,II:MAJ,V:MAJ,I:MAJ,IV:MAJ,I:MAJ,IV:MAJ,I:MAJ
MINOR;V:MAJ,I:MIN,II:MAJ,V:MAJ,I:MIN,II:MAJ,V:MAJ,I:MIN,V:MIN,#VI:MIN,II:MAJ,V:MIN,#VI:DIM,II:MAJ,V:MAJ,IV:MIN,V:MAJ,IV:MIN,V:MAJ,I:MIN,VI:MAJ,III:MAJ,IV:MIN,I:MIN,II:MAJ,#IV:DIM,V:MAJ,II:MAJ,#IV:DIM,V:MAJ,II:MAJ,#VII:MIN,#VI:MIN,V:MAJ,II:MAJ,V:MAJ,I:MIN,II:MAJ,V:MAJ,I:MIN,V:MAJ,I:MIN,V:MAJ,#VI:DIM,II:MAJ,V:MAJ,I:MIN,#IV:MIN,II:MAJ,V:MAJ,I:MIN,#IV:DIM,II:MAJ,#IV:DIM,V:MAJ,II:DIM,V:MAJ,II:DIM,V:MAJ,II:DIM,I:MIN,VI:MAJ,V:MAJ,I:DIM,VI:MAJ,I:DIM,IV:MIN,#VII:DIM,VI:MAJ,#VII:DIM,II:DIM,#VII:DIM,II:DIM,V:MAJ,#VII:DIM,I:MIN,II:DIM,I:MIN,IV:MIN,I:MIN,#VII:DIM,VI:MAJ,I:MIN,bII:MAJ,II:DIM,IV:MAJ,VII:MAJ,V:MIN,bV:MIN,IV:MAJ,VI:MAJ,bII:MAJ,VII:MIN,bV:DIM,bI:MAJ,bIV:MAJ,bII:MIN,#VI:DIM,II:MAJ,V:MAJ,#III:MIN,I:DIM,IV:MAJ,VII:MAJ,V:MIN,III:DIM,VI:MAJ,bII:MAJ,bV:DIM,VII:MAJ,bIV:MAJ,bI:MAJ,bIV:MAJ,#VI:DIM,I:MIN,#IV:DIM,II:MAJ,V:MAJ,#III:MIN,I:DIM,IV:MAJ,VII:MAJ,V:MIN,III:DIM,VI:MAJ,bII:MAJ,VII:MIN,#VI:DIM,VII:MAJ,#IV:MAJ,I:MIN,V:MAJ,I:MIN,V:MAJ,I:MIN,V:MAJ,I:MIN,II:DIM,V:MAJ,I:MIN,II:DIM,V:MAJ,I:MIN,IV:MIN,I:MIN,II:DIM,V:MAJ,I:MIN,VI:MAJ,I:MIN,II:DIM,V:MAJ,III:AUG,I:MIN,V:MAJ,I:MIN
MAJOR;II:MIN,V:MAJ,I:MAJ,I:MIN,IV:MAJ,bVII:MAJ,bVII:MIN,bIII:MAJ,bVI:MAJ,bVII:MIN,bIII:MAJ,bVI:MAJ,bVII:MIN,bIII:MAJ,bVI:MAJ,bVII:MIN,bIII:MAJ,#IV:MAJ,V:MAJ,I:MAJ,III:MIN,I:MAJ,V:MAJ,I:MAJ,IV:MAJ,I:MAJ,VI:MIN,II:MIN,VI:MIN,IV:MAJ,I:MAJ,V:MAJ,I:MAJ,IV:MAJ,VII:DIM,IV:MAJ,V:MAJ,I:MAJ,IV:MAJ,II:MIN,V:MAJ,I:MAJ,I:MIN,IV:MAJ,bVII:MAJ,bVII:MIN,bIII:MAJ,bVI:MAJ,bVII:MIN,bIII:MAJ,bVI:MAJ,bVII:MIN,bIII:MAJ,bVI:MAJ,bVII:MIN,bIII:MAJ,#IV:MAJ,V:MAJ,I:MAJ,III:MIN,I:MAJ,V:MAJ,I:MAJ,IV:MAJ,I:MAJ,VI:MIN,II:MIN,VI:MIN,IV:MAJ,I:MAJ,V:MAJ,I:MAJ,IV:MAJ,VII:DIM,IV:MAJ,V:MAJ,I:MAJ,bVII:MAJ
MAJOR;V:MAJ,I:MAJ,#II:DIM,I:MAJ,V:MAJ,I:MAJ,IV:MAJ,I:MAJ,IV:MAJ,#V:DIM,IV:MAJ,I:MAJ,IV:MAJ,II:MIN,V:MAJ,I:MAJ,V:MAJ,I:MAJ,#II:DIM,I:MAJ,V:MAJ,I:MAJ,IV:MAJ,I:MAJ,IV:MAJ,#V:DIM,IV:MAJ,bVII:MIN,IV:MAJ,bVII:MIN,IV:MAJ,bVII:MIN,IV:MAJ,bVII:MIN,IV:MIN,bVII:MIN,IV:MIN,bVII:MIN,IV:MIN
MAJOR;II:MIN,V:MAJ,I:MAJ,I:MIN,IV:MAJ,bVII:MAJ,bVII:MIN,bIII:MAJ,bVI:MAJ,bVII:MIN,bIII:MAJ,bVI:MAJ,bVII:MIN,bIII:MAJ,bVI:MAJ,bVII:MIN,bIII:MAJ,#IV:MAJ,V:MAJ,I:MAJ,III:MIN,I:MAJ,V:MAJ,I:MAJ,IV:MAJ,I:MAJ,VI:MIN,II:MIN,VI:MIN,IV:MAJ,I:MAJ,V:MAJ,I:MAJ,IV:MAJ,VII:DIM,IV:MAJ,V:MAJ,I:MAJ,bVI:MAJ,bIII:MAJ
MAJOR;I:MAJ,V:MAJ,I:MAJ,#II:DIM,I:MAJ,V:MAJ,I:MAJ,VI:MIN,II:MAJ,V:MAJ,II:MAJ,V:MAJ,#VI:DIM,V:MAJ,II:MAJ,V:MAJ,I:MAJ,V:MAJ,I:MAJ,#II:DIM,I:MAJ,V:MAJ,I:MAJ,VI:MIN,II:MAJ,V:MAJ,II:MAJ,V:MAJ,#II:DIM,V:MAJ,I:MIN,V:MAJ,I:MIN,V:MAJ,I:MIN,V:MAJ,bI:MIN,bV:MAJ,bI:MIN,bV:MAJ,bI:MIN,bV:MAJ,bVII:MIN,IV:MAJ,VI:MIN,III:MAJ,bVI:MIN,bIII:MAJ,V:MIN,II:MAJ,#IV:MIN,#I:MAJ,#IV:MIN,#I:MIN
MAJOR;II:MIN,V:MAJ,I:MAJ,I:MIN,IV:MAJ,bVII:MAJ,bVII:MIN,bIII:MAJ,bVI:MAJ,bVII:MIN,bIII:MAJ,bVI:MAJ,bVII:MIN,bIII:MAJ,bVI:MAJ,bVII:MIN,bIII:MAJ,#IV:MAJ,V:MAJ,I:MAJ,III:MIN,I:MAJ,V:MAJ,I:MAJ,IV:MAJ,I:MAJ,VI:MIN,II:MIN,VI:MIN,IV:MAJ,I:MAJ,V:MAJ,I:MAJ,IV:MAJ,VII:DIM,IV:MAJ,V:MAJ,I:MAJ,#IV:DIM,V:MAJ,II:MAJ,II:MIN,I:MAJ,II:MAJ,V:MAJ,I:MAJ,IV:MAJ,V:MAJ,I:MAJ,IV:MAJ,V:MAJ,I:MAJ,#II:DIM,I:MAJ,#II:DIM,I:MAJ,II:MAJ,V:MAJ,II:MAJ,V:MAJ,II:MAJ,V:MAJ,I:MAJ,III:MAJ,VI:MIN,III:MAJ,VI:MIN,II:MAJ,V:MAJ,II:MAJ,V:MAJ,I:MAJ,IV:MAJ,VII:DIM,III:MAJ,VI:MIN,I:MAJ,IV:MAJ,I:MAJ,IV:MAJ,VII:DIM,III:MAJ,VII:MAJ,III:MAJ,VI:MAJ,II:MIN,V:MAJ,I:MAJ,III:MAJ,VI:MIN,III:MAJ,VI:MIN,II:MAJ,V:MAJ,II:MAJ,V:MAJ,I:MAJ,IV:MAJ,VII:DIM,III:MAJ,VI:MIN,II:MIN,III:DIM,IV:MAJ,I:MAJ,IV:MAJ,VII:DIM,III:MAJ,VII:MAJ,III:MAJ,VI:MAJ,II:MIN,V:MAJ,I:MAJ,IV:MAJ,V:MAJ,I:MAJ,IV:MAJ,V:MAJ,I:MAJ
MAJOR;I:MAJ,VI:MIN,II:MAJ,V:MAJ,I:MAJ,VI:MIN,II:MAJ,V:MAJ,I:MAJ,VI:MIN,II:MAJ,V:MAJ,I:MAJ,VI:MIN,II:MAJ,V:MAJ,I:MAJ,V:MAJ,I:MAJ,VI:MIN,II:MAJ,II:MIN,V:MAJ,I:MAJ,V:MAJ,I:MAJ,VI:MIN,II:MAJ,II:MIN,V:MAJ,I:MAJ,V:MAJ,I:MAJ,VI:MIN,II:MAJ,II:MIN,V:MAJ,I:MAJ,V:MAJ,I:MAJ,VI:MIN,II:MAJ,II:MIN,V:MAJ,I:MAJ
MINOR;I:MIN,#VII:DIM,V:MAJ,I:MIN,II:MAJ,V:MAJ,II:MAJ,V:MAJ,I:MIN,#VII:DIM,V:MAJ,I:MIN,V:MAJ,I:MIN,V:MAJ,I:MIN,II:MAJ,V:MAJ,I:MAJ,IV:MAJ,VII:MAJ,III:MAJ,II:MIN,V:MAJ,I:MIN,II:MAJ,V:MAJ,I:MAJ,IV:MAJ,VII:MAJ,III:MAJ,II:MIN,V:MAJ,I:MIN
MAJOR;I:MAJ,V:MAJ,II:MAJ,I:MAJ,II:MAJ,VI:MIN,V:MAJ,I:MAJ,VI:MIN,I:MAJ,V:MAJ,II:MAJ,I:MAJ,II:MAJ,VI:MIN,V:MAJ,I:MAJ,VI:MIN,I:MAJ,V:MAJ,II:MAJ,I:MAJ,II:MAJ,VI:MIN,V:MAJ,I:MAJ,VI:MIN,I:MAJ,V:MAJ,II:MAJ,I:MAJ,II:MAJ,VI:MIN,V:MAJ,I:MAJ,V:MAJ,I:MAJ,VI:MIN,II:MAJ,II:MIN,V:MAJ,I:MAJ,V:MAJ,I:MAJ,VI:MIN,II:MAJ,II:MIN,V:MAJ,I:MAJ,V:MAJ,I:MAJ,VI:MIN,II:MAJ,II:MIN,V:MAJ,I:MAJ,V:MAJ,I:MAJ,VI:MIN,II:MAJ,II:MIN,V:MAJ,I:MAJ
MINOR;V:MAJ,I:MIN,V:MAJ,I:MIN,V:MAJ,I:MIN,V:MAJ,I:MIN,V:MAJ,II:MAJ,V:MIN,II:MAJ,V:MIN,II:MAJ,V:MIN,II:MAJ,V:MIN,VI:MAJ,#IV:DIM,V:MAJ,I:MIN,V:MAJ,I:MIN,V:MAJ,I:MIN,V:MAJ,I:MIN
MINOR;I:MIN,#IV:DIM,V:MAJ,I:MIN,V:MAJ,I:MIN,V:MIN,II:MAJ,V:MIN,II:MAJ,V:MIN,II:MAJ,V:MIN,I:MIN,V:MIN,I:MIN,V:MIN,I:MAJ
MINOR;I:MIN,V:MAJ,I:MIN,V:MAJ,I:MIN,V:MAJ,I:MIN,V:MAJ,II:MAJ,V:MIN,II:MAJ,V:MIN,II:MAJ,V:MIN,II:MAJ,V:MIN,VI:MAJ,#IV:DIM,V:MAJ,I:MIN,V:MAJ,I:MIN,V:MAJ,I:MIN,V:MAJ,I:MIN
MINOR;I:MIN,#IV:DIM,V:MAJ,I:MIN,V:MAJ,I:MIN,V:MIN,II:MAJ,V:MIN,II:MAJ,V:MIN,II:MAJ,V:MIN,I:MIN,V:MIN,I:MIN,V:MIN,III:MAJ
MINOR;III:MAJ,I:MIN,III:MAJ,VI:MAJ,IV:MAJ,II:MIN,IV:MAJ,VII:MAJ
MAJOR;V:MAJ,II:MIN,I:MAJ,IV:MAJ,#IV:DIM,V:MAJ,II:MIN,I:MAJ,IV:MAJ,#IV:DIM,V:MAJ
MAJOR;III:MIN,I:MAJ,V:MAJ,II:MAJ,V:MAJ,I:MAJ,V:MAJ,#IV:DIM,V:MAJ,I:MAJ,V:MAJ,I:MAJ,II:MAJ,V:MAJ,V:MIN,III:DIM,II:MIN,V:MAJ,#I:DIM,II:MIN,#IV:MAJ,V:MAJ,I:MAJ,V:MAJ,I:MAJ,II:MAJ,V:MAJ,V:MIN,III:DIM,II:MIN,V:MAJ,I:MAJ,bVII:MIN,V:DIM,IV:MIN,II:DIM,I:MAJ,V:MAJ,I:MIN,VI:DIM,V:MIN,bIII:MAJ,#I:MAJ,V:MIN,II:MAJ,V:MIN,bVII:MAJ,II:MAJ,V:MAJ,I:MIN,#IV:MAJ,V:MAJ,I:MIN,#IV:MAJ,V:MAJ,IV:MIN,V:MAJ,IV:MIN,V:MAJ,I:MAJ,V:MAJ,I:MAJ,II:MAJ,V:MAJ,V:MIN,III:DIM,II:MIN,V:MAJ,#I:DIM,II:MIN,#IV:MAJ,V:MAJ,I:MAJ,V:MAJ,I:MAJ,II:MAJ,V:MAJ,V:MIN,III:DIM,II:MIN,#V:DIM,VI:MAJ,#VI:DIM,VII:MAJ,#VII:DIM,#I:MAJ,##I:DIM,#II:MAJ,#VI:DIM,#I:DIM,VI:MAJ
MINOR;I:MIN,V:MAJ,I:MIN,V:MAJ,I:MIN,V:MAJ,I:MIN,V:MAJ,II:MAJ,V:MIN,II:MAJ,V:MIN,II:MAJ,V:MIN,II:MAJ,V:MIN,VI:MAJ,#IV:DIM,V:MAJ,I:MIN,V:MAJ,I:MIN,V:MAJ,I:MIN,V:MAJ,I:MIN
MINOR;I:MIN,#IV:DIM,V:MAJ,I:MIN,V:MAJ,I:MIN,V:MIN,II:MAJ,V:MIN,II:MAJ,V:MIN,II:MAJ,V:MIN,I:MIN,V:MIN,I:MIN,V:MIN,I:MAJ
MINOR;I:MIN,V:MAJ,I:MIN,V:MAJ,I:MIN,V:MAJ,I:MIN,V:MAJ,II:MAJ,V:MIN,II:MAJ,V:MIN,II:MAJ,V:MIN,II:MAJ,V:MIN,VI:MAJ,#IV:DIM,V:MAJ,I:MIN,V:MAJ,I:MIN,V:MAJ,I:MIN,V:MAJ,I:MIN,IV:MIN,bII:MAJ,VI:MAJ,bII:MAJ,#VII:DIM,V:MAJ,#VI:DIM,IV:MIN,#VII:DIM,IV:MIN,IV:DIM,#VI:MAJ,III:MAJ,VII:MAJ,IV:AUG,II:MIN,#V:DIM,V:MIN,#I:DIM,##VI:MAJ,#IV:DIM,#I:DIM,IV:MIN,bII:MAJ,V:MAJ,I:MAJ,V:MAJ,IV:MIN,V:MAJ,I:MAJ,V:MAJ,IV:MIN,#VII:DIM,V:MAJ,III:AUG,V:MAJ,I:MAJ,V:MAJ,bII:MAJ,IV:MIN,bII:MAJ,IV:MIN,V:MAJ,I:MAJ,bII:MAJ,IV:MIN,bII:MAJ,IV:MIN,V:MAJ,I:MAJ,V:MAJ,I:MAJ,V:MAJ,I:MAJ,IV:MIN,I:MAJ,IV:MIN,I:MAJ
MINOR;I:MIN,V:MAJ,IV:MAJ,V:MAJ,I:MIN,bI:AUG,III:MAJ,I:MIN,VII:MAJ,III:MAJ,#VI:MAJ,II:MAJ,V:MAJ,I:MAJ,IV:MIN,V:MAJ,I:MIN,II:MAJ,V:MAJ,bII:MAJ,bV:MAJ,I:MAJ,IV:MAJ,#VII:DIM,I:MAJ,IV:MAJ,I:MAJ,IV:MAJ,#IV:DIM,V:MIN,III:MAJ,II:MAJ,V:MAJ,I:MIN,bI:AUG,III:MAJ,I:MIN,VII:MAJ,III:MAJ,#VI:MAJ,II:MAJ,V:MAJ,I:MAJ,IV:MIN,V:MAJ,I:MIN
MAJOR;I:MAJ,IV:MAJ,I:MAJ,IV:MAJ,I:MAJ,III:MAJ,IV:MAJ,III:MAJ,VI:MIN,II:MAJ,V:MAJ,I:MAJ,I:AUG,VI:MIN,IV:MAJ,I:MAJ,IV:MAJ,I:MAJ,VI:MAJ,II:MIN,VII:DIM,V:MAJ,III:MAJ,VI:MAJ,II:MAJ,V:MAJ,I:MAJ,V:MAJ,I:MAJ,I:AUG,VI:MIN,IV:MAJ,VII:DIM,I:MAJ,#VI:DIM,II:MAJ,VII:MIN,II:MAJ,V:MAJ,II:MAJ,V:MAJ
MINOR;I:MIN,VI:MAJ,V:MIN,III:MAJ,II:MAJ,V:MIN,I:MIN,VI:MAJ,III:MAJ,VII:MAJ,III:MAJ,I:MIN,VI:MAJ,V:MIN,III:MAJ,II:MAJ,V:MIN,I:MIN,VI:MAJ,V:MAJ,#III:MIN,II:MAJ,V:MAJ,II:MAJ,V:MAJ,V:AUG,#VII:MAJ
MINOR;I:MIN,#IV:MAJ,V:MAJ,IV:MAJ,V:MAJ,I:MIN,bI:AUG,III:MAJ,I:MIN,VII:MAJ,III:MAJ,#VI:MAJ,II:MAJ,V:MAJ,I:MAJ,IV:MIN,II:DIM,V:MAJ,I:MIN,II:MAJ,V:MAJ
MINOR;bII:MAJ,bV:MAJ,I:MAJ,IV:MAJ,#VII:DIM,I:MAJ,IV:MAJ,I:MAJ,IV:MAJ,#IV:DIM,V:MIN,III:MAJ,VI:MAJ,II:MAJ,V:MAJ,I:MIN,bI:AUG,III:MAJ,I:MIN,VII:MAJ,III:MAJ,#VI:MAJ,II:MAJ,V:MAJ,I:MAJ,IV:MIN,II:DIM,V:MAJ,#IV:DIM,II:MAJ,#VI:DIM,#IV:MAJ,V:MAJ,III:MAJ,VI:MAJ,II:MAJ,V:MAJ,I:MIN
MAJOR;I:MAJ,IV:MAJ,I:MAJ,I:AUG,VI:MIN,II:MAJ,V:MAJ,I:MAJ,VI:MIN,I:MAJ,IV:MAJ,I:MAJ,IV:MAJ,III:MAJ,VI:MIN,#IV:DIM,III:MIN,VII:MAJ,III:MIN,VI:MIN,III:MIN,VII:MAJ,III:MIN,VI:MIN,III:MIN,VII:MAJ,III:MIN,I:MAJ,IV:MAJ,I:MAJ,III:MAJ,VII:DIM,III:MAJ,VI:MIN,II:MAJ,V:MAJ,I:MAJ,IV:MAJ,I:MAJ,III:MAJ,VI:MIN,#IV:DIM,III:MIN,VII:MAJ,III:MIN,#IV:DIM,III:MIN,VII:MAJ,III:MIN,#IV:DIM,III:MIN,VII:MAJ,III:MIN,VI:MIN,III:MIN,II:MIN,V:MAJ,I:MAJ,I:AUG,II:MIN,IV:MAJ,VII:DIM,VII:MAJ,III:MAJ,VI:MIN,III:MIN,III:MAJ,I:MAJ,II:MIN,VI:MIN,III:MAJ,III:MIN,VI:MIN,VII:DIM,IV:MAJ,VI:MIN,III:MAJ,#V:DIM,VII:DIM,III:MIN,V:MAJ,I:MAJ,VI:MIN,I:MAJ,IV:MAJ,I:MAJ,#II:DIM,I:MAJ,VI:MIN,I:MAJ,VI:MIN,II:MAJ,VII:MIN,II:MAJ,V:MAJ,II:MIN,I:MAJ,IV:MAJ,I:MAJ,IV:MAJ,#I:DIM,II:MIN,II:MAJ,V:MAJ,#II:DIM,III:MIN,III:MAJ,#III:DIM
MAJOR;II:MIN,#I:DIM,II:MAJ,#II:MAJ,VII:MAJ,III:MAJ,VI:MAJ,#IV:MAJ,VII:DIM,V:MAJ,I:MAJ,IV:MAJ,II:MAJ,III:DIM
MAJOR;I:AUG,IV:MAJ,II:MAJ,III:DIM,bVI:MAJ,#IV:MAJ,I:MAJ,V:MAJ,I:MAJ,IV:MAJ,III:MAJ,V:MAJ,I:MAJ,IV:MIN,II:DIM,I:MIN,V:MAJ,I:MAJ,V:MAJ,VII:MAJ,VII:DIM,II:DIM,V:MAJ,I:MAJ,#II:DIM,I:MAJ,IV:MAJ,IV:MIN,I:MAJ
MINOR;I:MIN,IV:MIN,I:MIN,V:MAJ,I:MIN,#VI:DIM,V:MIN,II:MAJ,V:MAJ,I:MIN,I:MAJ,IV:MIN,I:MIN,#VI:DIM,VII:MAJ,#VI:DIM,VII:MAJ,III:MAJ,VII:MAJ,III:MAJ,IV:MAJ,VI:MIN,VII:MAJ,III:MAJ,VII:MAJ,III:MAJ,#III:DIM,IV:MAJ,IV:DIM,VII:MAJ,III:MAJ,V:MAJ,I:MIN,IV:MIN,I:MIN,I:MAJ,I:MIN,V:MAJ,I:MIN,#VI:DIM,V:MIN,II:MAJ,V:MAJ,I:MIN,I:MAJ,IV:MIN,I:MIN,I:MAJ,I:MIN,IV:MIN,V:MAJ,IV:MIN,V:MAJ,IV:MIN,II:DIM,V:MAJ
MAJOR;I:MAJ,V:MAJ,VII:DIM,I:MAJ,III:DIM,IV:MAJ,I:MAJ,V:MAJ,VII:DIM,I:MAJ,VI:DIM,II:MAJ,V:MAJ,II:MAJ,V:MAJ,IV:MAJ,I:MAJ,VII:DIM,I:MAJ,III:DIM,IV:MAJ,I:MAJ,V:MAJ,VII:DIM,I:MAJ,VI:DIM,II:MAJ,V:MAJ,II:MAJ,V:MAJ,III:MAJ,VI:MAJ,II:MAJ,V:MAJ,I:MAJ,IV:MAJ,bVII:MAJ,bIII:MAJ,VI:MAJ,II:MAJ,V:MAJ,I:MAJ,IV:MAJ,I:MAJ,IV:MAJ,VII:DIM,III:MAJ,VI:MAJ,I:MAJ,II:MAJ,V:MAJ,bVII:MAJ,I:MAJ,IV:MAJ,bVI:MAJ,bVII:MAJ,bIII:MAJ,V:MIN,VI:MAJ,II:MAJ,IV:MAJ,V:MAJ,I:MAJ,IV:MAJ,I:MAJ,IV:MAJ,II:MIN,I:MAJ,II:MIN,I:MAJ,II:MIN,I:MAJ,II:MIN,I:MAJ,II:DIM,I:MIN,II:DIM,I:MIN,II:DIM,I:MIN
MINOR;IV:MAJ,VII:MAJ,III:MAJ,VI:MAJ,I:MIN,V:MAJ,II:MAJ,IV:MIN,I:MAJ,I:MIN,II:MAJ,V:MAJ,#VI:MAJ,I:MIN,II:MAJ,V:MAJ,V:MIN,V:MAJ,I:MIN,I:MAJ,IV:MIN,I:MIN,VI:AUG,I:MIN,IV:MIN,V:MAJ,IV:MIN,V:MAJ,IV:MIN,II:DIM,V:MAJ,#VII:DIM,VI:MAJ,#VI:DIM,VII:AUG,II:MAJ,V:MIN,#VII:DIM,IV:MIN,I:MAJ,#I:MAJ,V:MIN,II:MAJ,V:MAJ,I:MIN,V:MAJ,I:MIN,II:DIM,I:MIN,#VII:DIM,III:AUG,II:DIM,VII:MIN,#III:DIM,VII:MIN,#III:DIM,#VI:DIM,II:MAJ,V:MAJ,II:MAJ,V:MAJ,#VII:DIM,VI:MAJ,VII:MAJ,III:MAJ,#VI:DIM,IV:MAJ,V:MAJ,I:MIN,bII:MAJ,bV:MAJ,bII:MAJ,II:DIM,#IV:MAJ,I:MIN,V:MAJ,I:MIN
MAJOR;IV:MAJ,I:MAJ,IV:MAJ,I:MAJ,IV:MAJ,I:MAJ,IV:MAJ,I:MAJ,IV:MAJ,I:MAJ,IV:MAJ,I:MAJ,IV:MAJ,II:MIN,I:MAJ,II:MIN,I:MAJ,II:MIN,I:MAJ,II:MIN,I:MAJ,II:MIN,I:MAJ,II:MIN,I:MAJ,II:MIN,I:MAJ,V:MAJ,I:MAJ,V:MAJ,I:MAJ,V:MAJ,III:MAJ,VI:MIN,I:MAJ,II:MIN,V:MAJ,I:MAJ
MAJOR;I:MAJ,#II:DIM,I:MAJ,IV:MAJ,#II:DIM,I:MAJ,V:MAJ,VI:MIN,II:MAJ,V:MAJ,I:MAJ,#II:DIM,I:MAJ,IV:MAJ,#II:DIM,I:MAJ,V:MAJ,VI:MIN,II:MAJ,V:MAJ,II:MAJ,V:MAJ,II:MAJ,V:MAJ,II:MAJ,V:MAJ,II:MAJ,V:MAJ,V:MIN,I:MAJ,IV:MAJ,I:MAJ,IV:MAJ,VII:MAJ,#II:MAJ,III:MAJ,VII:MAJ,III:MAJ,II:MIN,V:MAJ,I:MAJ,II:MIN,V:MAJ
MAJOR;I:MAJ,V:MAJ,I:MAJ,V:MAJ,IV:MAJ,I:MAJ,V:MAJ,I:MAJ,III:MIN,VII:MAJ,III:MIN,II:MAJ,V:MAJ,VII:MAJ,III:MIN,V:MAJ,I:MAJ,V:MAJ,IV:MAJ,I:MAJ,V:MAJ,I:MAJ,III:MIN,VII:MAJ,III:MIN,II:MAJ,V:MAJ,VII:MAJ,III:MIN
MAJOR;V:MAJ,I:MAJ,V:MAJ,I:MAJ,V:MAJ,I:MAJ,V:MAJ,I:MAJ,VI:MAJ,II:MAJ,VI:MAJ,II:MAJ,VI:MAJ,II:MAJ,VI:MAJ,II:MAJ,V:MAJ,II:MAJ,V:MAJ,II:MAJ,V:MAJ,II:MAJ,V:MAJ,I:MAJ,V:MAJ,I:MAJ,V:MAJ,IV:MAJ,V:MAJ,VII:DIM,#V:DIM,VI:MIN,II:MAJ,V:MAJ,I:MAJ,#II:DIM,I:MAJ,IV:MAJ,#II:DIM,I:MAJ,V:MAJ,VI:MIN,II:MAJ,V:MAJ,#II:DIM,I:MAJ,II:MAJ,V:MAJ,#II:DIM,I:MAJ,II:MAJ,V:MAJ,V:MIN,V:MAJ,I:MAJ,VI:MIN,I:MAJ
MINOR;V:MAJ,I:MIN,V:MAJ,I:MIN,VI:MAJ,VII:MAJ,III:MAJ,bII:MAJ,V:MAJ,I:MIN,V:MAJ,I:MAJ,II:DIM,I:MIN,V:MAJ,I:MIN,VI:MAJ
MAJOR;V:MAJ,I:MAJ,V:MAJ,I:MAJ,VI:MIN,VII:MAJ,V:MAJ,I:MAJ,V:MAJ,I:MAJ,#IV:DIM,VII:MAJ,III:MAJ,VI:MIN
MINOR;VI:MAJ,I:MIN,V:MAJ,VI:MAJ,IV:MIN,III:MAJ,V:MAJ,I:MIN,V:MAJ,I:MIN,VI:MAJ,VII:MAJ,III:MAJ,bII:MAJ,V:MAJ,I:MIN,V:MAJ,I:MAJ,II:DIM,I:MIN,V:MAJ,I:MIN
MINOR;I:MIN,V:MAJ,I:MIN,II:MAJ,V:MAJ,I:MIN,#IV:MAJ,I:MIN,V:MAJ,I:MIN,IV:MAJ,III:MAJ,IV:MAJ,VII:MAJ,III:MAJ,V:MAJ,I:MIN,#IV:MAJ,I:MIN,V:MAJ,I:MIN,#VI:DIM,V:MIN,II:MAJ,V:MIN,#I:MAJ,V:MIN,V:MAJ,I:MIN,#IV:MAJ,I:MIN,V:MAJ,V:MIN,#VI:DIM,#IV:MAJ,I:MIN,V:MAJ,I:MIN
MAJOR;V:MAJ,VII:DIM,I:MAJ,V:MAJ,I:MAJ,II:MIN,V:MAJ,II:MIN,V:MAJ,I:MAJ,V:MAJ,I:MAJ,V:MAJ,I:MAJ,II:MIN,III:MIN,II:MIN,V:MAJ,I:MAJ,III:DIM,IV:MAJ,I:MAJ,IV:MAJ,I:MAJ,IV:MAJ,V:MIN,I:MAJ,IV:MAJ,I:MAJ,III:DIM,IV:MAJ,I:MAJ,IV:MAJ,II:MIN,II:MAJ,V:MIN,bIII:MAJ
MINOR;#IV:MAJ,II:MAJ,V:MAJ,IV:MIN,V:MAJ,I:MIN,II:MAJ,V:MAJ,I:MIN,#IV:MAJ,I:MIN,V:MAJ,I:MAJ,IV:MAJ,#IV:MAJ,I:MIN,V:MAJ,I:MIN,II:MAJ,V:MAJ,I:MIN,#IV:MAJ,I:MIN,V:MAJ,I:MAJ,IV:MAJ,#IV:MAJ,V:MIN,V:MAJ,I:MIN
MINOR;I:MIN,V:MAJ,I:MIN,VI:MAJ,#IV:MAJ,I:MIN,V:MAJ,I:MIN,V:MAJ,I:MIN,VI:MAJ,#IV:MAJ,I:MIN,V:MAJ,I:MIN,II:MAJ,II:DIM,V:MAJ,I:MIN,VII:MAJ,III:MAJ,VI:MAJ,II:DIM,II:MAJ,V:MAJ,I:MIN,V:MAJ,I:MIN
MAJOR;I:MAJ,V:MAJ,I:MAJ,III:MIN,V:MAJ,I:MAJ,II:MIN,II:DIM,V:MAJ,I:MAJ,IV:MAJ,II:MIN,I:MAJ,V:MAJ,I:MAJ
MINOR;I:MIN,V:MAJ,I:MIN,VI:MAJ,#IV:MAJ,I:MIN,V:MAJ,I:MIN,V:MAJ,I:MIN,VI:MAJ,#IV:MAJ,I:MIN,V:MAJ,I:MIN,II:MAJ,II:DIM,V:MAJ,I:MIN,VII:MAJ,III:MAJ,VI:MAJ,II:DIM,II:MAJ,V:MAJ,I:MIN,V:MAJ,I:MIN
MINOR;V:MAJ,I:MIN,VI:MAJ,VII:MAJ,III:MAJ,V:MAJ,I:MIN,IV:MIN,I:MIN,IV:MIN,I:MIN,IV:MIN,V:MAJ,I:MIN,VI:MAJ,VII:MAJ,III:MAJ,V:MAJ,I:MIN,II:MIN,V:MAJ,I:MIN
MAJOR;V:MAJ,I:MAJ,V:MAJ,I:MAJ,VI:MAJ,II:MAJ,V:MAJ,I:MAJ,IV:MAJ,bVII:MAJ,bIII:MAJ,bVI:MAJ,II:MAJ,V:MAJ,I:MAJ,II:MAJ,V:MAJ,I:MAJ,VI:MAJ,II:MAJ,V:MAJ,I:MAJ,#IV:DIM,V:MAJ,I:MAJ,V:MAJ,I:MIN,VI:MAJ,VII:MAJ,III:MAJ,V:MAJ,I:MIN,IV:MIN,I:MIN,IV:MIN,I:MIN,IV:MIN,V:MAJ,I:MIN,VI:MAJ,VII:MAJ,III:MAJ,V:MAJ,I:MIN,II:MIN,V:MAJ,I:MIN
MINOR;I:MIN,II:MAJ,II:DIM,bII:MAJ,V:DIM,I:MAJ,#IV:DIM,#VII:MAJ,#VII:DIM,IV:MIN,II:DIM,V:MAJ,I:MIN,VI:MAJ,I:MIN,II:MAJ,II:DIM,bII:MAJ,V:DIM,I:MAJ,I:DIM,#VI:MAJ,IV:MAJ,#VII:MAJ,#III:MAJ,#VI:MAJ,#VII:MAJ,#III:MAJ,#VI:MAJ,#VII:MAJ,#III:MAJ,I:MAJ,IV:MIN,V:MAJ,I:MIN,VI:MAJ,V:MAJ,I:MIN,I:DIM,VII:MAJ,III:MAJ,#VI:DIM
MINOR;V:MAJ,I:MIN,V:MAJ,I:MIN,IV:MIN,II:DIM,V:MAJ,I:MIN,II:MAJ,V:MAJ,VII:MIN,I:MAJ,I:DIM,IV:MAJ,VI:MIN,VII:MAJ,VII:DIM,V:DIM,III:MAJ,#VI:DIM,#IV:DIM,II:MAJ,##III:DIM,#VII:DIM,#VII:MAJ
MINOR;V:MAJ,I:MIN
MAJOR;I:MAJ,V:MAJ,#IV:DIM,V:MAJ,VI:MIN,III:MIN,#II:DIM,III:MIN,IV:MAJ,I:MAJ,IV:MAJ,I:MAJ,II:MAJ,V:MAJ,I:MAJ,V:MAJ,#IV:DIM,V:MAJ,VI:MIN,III:MIN,#II:DIM,III:MIN,IV:MAJ,I:MAJ,IV:MAJ,I:MAJ,II:MIN,V:MAJ,I:MAJ
MINOR;V:MAJ,I:MIN,V:MAJ,I:MIN,V:MAJ,IV:MAJ,II:MAJ,V:MAJ,I:MIN,V:MAJ,I:MIN,V:MAJ
MAJOR;V:MAJ,I:MAJ,V:MAJ,#IV:DIM,V:MAJ,VI:MIN,III:MIN,#II:DIM,III:MIN,IV:MAJ,I:MAJ,IV:MAJ,I:MAJ,II:MIN,V:MAJ,I:MAJ
MAJOR;I:MAJ,V:MAJ,I:MAJ
MAJOR;V:MAJ,I:MAJ,V:MAJ,#IV:DIM,V:MAJ,VI:MIN,III:MIN,#II:DIM,III:MIN,IV:MAJ,I:MAJ,IV:MAJ,I:MAJ,II:MAJ,V:MAJ,I:MAJ,V:MAJ,#IV:DIM,V:MAJ,VI:MIN,III:MIN,#II:DIM,III:MIN,IV:MAJ,I:MAJ,IV:MAJ,I:MAJ,II:MIN,V:MAJ,I:MAJ
MAJOR;I:MAJ,IV:MAJ,I:MAJ,V:MAJ,I:MAJ,IV:MAJ,I:MAJ,II:MAJ,V:MAJ,I:MAJ,V:MAJ,I:MAJ,II:MAJ,V:MAJ,I:MAJ,V:MAJ,I:MAJ,II:MAJ,V:MAJ,I:MAJ,V:MAJ,I:MAJ,II:MAJ,V:MAJ,I:MAJ,V:MAJ,I:MAJ,II:MAJ,V:MAJ,II:MAJ,V:MAJ,II:MAJ,V:MAJ,II:MAJ,V:MAJ,II:MAJ,VII:DIM,V:MAJ,I:MAJ,V:MAJ,I:MAJ,II:MAJ,V:MAJ,I:MAJ,V:MAJ,I:MAJ
MAJOR;I:MAJ,V:MAJ,I:MAJ,V:MAJ,I:MAJ,VI:MIN,II:MAJ,V:MAJ,I:MAJ,V:MAJ,I:MAJ,V:MAJ,I:MAJ,II:MIN,V:MAJ,I:MAJ
MAJOR;I:MAJ,IV:MAJ,I:MAJ,V:MAJ,I:MAJ,IV:MAJ,I:MAJ,II:MAJ,V:MAJ,I:MAJ,V:MAJ,I:MAJ,II:MAJ,V:MAJ,I:MAJ,V:MAJ,I:MAJ,II:MAJ,V:MAJ,II:MAJ,V:MAJ,II:MAJ,V:MAJ,II:MAJ,V:MAJ,II:MAJ,VII:DIM,V:MAJ,I:MAJ,V:MAJ,I:MAJ,II:MAJ,V:MAJ,I:MAJ,V:MAJ,I:MAJ
MINOR;I:MIN,V:MAJ,I:MIN,VII:MAJ,III:MAJ,#VI:DIM,II:MAJ,V:MAJ,V:DIM,I:MAJ,#VI:DIM,IV:DIM,VII:MAJ,V:DIM,III:DIM,VI:MAJ,II:DIM,V:MAJ,I:MIN,VII:MAJ,III:MAJ,VI:MIN,IV:DIM,III:MAJ,VI:MIN,IV:DIM,III:MAJ,VI:MAJ,II:DIM,V:MAJ,I:MIN,V:MAJ,II:MAJ,II:MIN,V:MAJ,II:MAJ,II:MIN,II:DIM,V:MAJ,II:MAJ,II:MIN,V:MAJ,II:MAJ,V:MAJ,I:MIN,V:MAJ,I:MIN,VII:MAJ,III:MAJ,#VI:DIM,II:MAJ,V:MAJ,V:DIM,I:MAJ,#VI:DIM,IV:DIM,VII:MAJ,V:DIM,III:DIM,VI:MAJ,II:DIM,V:MAJ,I:MIN,VII:MAJ,III:MAJ,VI:MIN,IV:DIM,III:MAJ,VI:MIN,IV:DIM,III:MAJ,VI:MAJ,II:DIM,V:MAJ,I:MIN,IV:MIN,I:MIN,II:DIM,I:MIN,IV:MIN,I:MIN,V:MAJ,I:MIN,V:MAJ,I:MIN,V:MAJ,I:MIN,IV:MIN,I:MIN,II:DIM,I:MIN,IV:MIN,I:MIN,V:MAJ,I:MIN,V:MAJ,I:MIN,V:MAJ,II:MAJ,V:MAJ,I:MIN,VII:MAJ,III:MAJ,#VI:DIM,II:MAJ,V:MAJ,V:DIM,I:MAJ,#VI:DIM,IV:DIM,VII:MAJ,V:DIM,III:DIM,VI:MAJ,II:DIM,V:MAJ,I:MIN,VII:MAJ,III:MAJ,VI:MIN,IV:DIM,III:MAJ,VI:MIN,IV:DIM,III:MAJ,VI:MAJ,II:DIM,V:MAJ,I:MIN
MINOR;V:MAJ,I:MIN,V:MAJ,I:MIN,II:MAJ,V:MAJ,#VII:DIM,V:MAJ,I:MIN
MAJOR;#IV:DIM,I:MAJ,II:MAJ,V:MAJ,I:MAJ,II:MAJ,V:MAJ,I:MAJ,II:MAJ,V:MAJ,I:MAJ
MINOR;I:MIN,V:MAJ,I:MIN,II:MAJ,V:MAJ,I:MIN,I:MAJ,III:MAJ,I:MAJ,III:MAJ,I:MAJ,III:MAJ,I:MAJ,III:MAJ,I:MAJ,III:MAJ,I:MAJ,I:MIN,I:MAJ,V:MAJ,I:MAJ,V:MAJ,I:MAJ,V:MAJ,I:MAJ,V:MAJ,I:MAJ,V:MAJ,I:MAJ,V:MAJ,I:MIN,V:MAJ,I:MIN,II:MAJ,V:MAJ,#VII:DIM,V:MAJ,I:MIN,V:MAJ,I:MIN,V:MAJ,I:MIN,II:MAJ,V:MAJ,I:MIN
MAJOR;I:MAJ,V:MAJ,I:MAJ,V:MAJ,I:MAJ,II:MAJ,V:MAJ,I:MAJ,V:MAJ,I:MAJ,V:MAJ,I:MAJ,II:MAJ,V:MAJ,V:MIN,II:MIN,VI:MIN,II:MIN,V:MAJ,I:MAJ,V:MAJ,I:MAJ,V:MAJ,I:MAJ,V:MAJ,I:MAJ,III:MIN,II:MAJ,V:MAJ,I:MAJ,V:MAJ,IV:MAJ,IV:MIN,V:MAJ
MAJOR;V:MAJ,I:MAJ,V:MAJ,V:MIN,VI:MAJ,II:MIN,II:DIM,V:MAJ,I:MAJ,V:MAJ,I:MAJ,V:MAJ,V:MIN,VI:MAJ,II:MIN,V:MAJ,I:MAJ,V:MAJ,I:MAJ,V:MAJ,V:MIN,VI:MAJ,II:MAJ,IV:MIN,V:MAJ,I:MAJ,III:MAJ,II:MIN,V:MAJ,I:MAJ,I:MIN,II:MAJ,V:MAJ,I:MAJ
MAJOR;I:MAJ,V:MAJ,I:MAJ,V:MAJ,I:MAJ,II:MAJ,V:MAJ,I:MAJ,V:MAJ,I:MAJ,V:MAJ,I:MAJ,II:MIN,II:DIM,V:MAJ,I:MAJ,II:MIN,II:DIM,V:MAJ,I:MAJ
MINOR;V:MAJ,I:MIN,I:MAJ,IV:MIN,V:MAJ,I:MIN,I:MAJ,#VII:DIM,I:MIN,I:MAJ,IV:MIN,V:MAJ,I:MIN,I:MAJ,#VII:DIM,I:MIN,IV:MAJ,VII:MAJ,VII:MIN,III:MAJ,VI:MAJ,II:DIM,V:MAJ,I:MIN,IV:MAJ,VII:MAJ,III:MAJ,VI:MAJ,II:DIM,V:MAJ,I:MIN,I:MAJ,IV:MIN,V:MAJ,I:MIN,I:MAJ,#VII:DIM,I:MIN,I:MAJ,IV:MIN,V:MAJ,I:MIN,I:MAJ,#VII:DIM,I:MIN
MAJOR;V:MAJ,I:MAJ,IV:MAJ,I:MAJ,V:MAJ,I:MAJ,V:MAJ,I:MAJ,V:MAJ,I:MAJ,V:MAJ,I:MAJ,V:MAJ,I:MAJ,IV:MAJ,I:MAJ,V:MAJ,I:MAJ,V:MAJ,I:MAJ,V:MAJ,I:MAJ,V:MAJ,I:MAJ
MAJOR;I:MAJ,II:MIN,I:MAJ,II:MIN,IV:MAJ,I:MAJ,II:MIN,I:MAJ,II:MAJ,V:MAJ
MAJOR;V:MAJ,I:MAJ,IV:MAJ,I:MAJ,V:MAJ,I:MAJ,V:MAJ,I:MAJ,V:MAJ,I:MAJ,V:MAJ,I:MAJ,bVI:MAJ,#IV:MAJ,bVI:MAJ,#IV:MAJ,bVI:MAJ,#IV:MAJ,bVI:MAJ,#IV:MAJ,bVI:MAJ,#IV:MAJ,bVI:MAJ,V:MAJ,I:MAJ,IV:MAJ,I:MAJ,V:MAJ,I:MAJ,V:MAJ,I:MAJ,V:MAJ,I:MAJ,V:MAJ,I:MAJ
MINOR;I:MIN,IV:MIN,VI:MAJ,I:MIN,V:MAJ,I:MIN,II:MAJ,V:MIN,IV:MIN,VI:MAJ,I:MIN,V:MAJ,IV:MIN,VI:MAJ,bII:MAJ,V:MAJ,I:MIN
MINOR;#IV:MAJ,V:MAJ,#IV:MAJ,IV:DIM,VII:MAJ,III:MAJ,#I:MIN,#VI:MAJ,#IV:DIM,#VII:DIM
MINOR;V:DIM,I:MAJ,IV:MIN,VI:MAJ,I:MIN,V:MAJ,IV:MIN,VI:MAJ,bII:MAJ,V:MAJ,I:MAJ
MAJOR;IV:MAJ,II:DIM,V:MAJ,I:MAJ,V:MAJ,I:MAJ,IV:MAJ,II:DIM,V:MAJ,I:MAJ,V:MAJ,I:MAJ,IV:MAJ,II:DIM,V:MAJ,I:MAJ,V:MAJ,I:MAJ,IV:MAJ,II:DIM,V:MAJ,I:MAJ,VI:MIN,VII:DIM,VI:MIN,VII:DIM,VI:MIN,VII:DIM,VI:MIN,VII:DIM,VI:MIN,VII:DIM,VI:MIN,II:MAJ,V:MAJ,I:MAJ,II:MAJ,V:MAJ,I:MAJ,IV:MAJ,II:DIM,V:MAJ,I:MAJ,V:MAJ,I:MAJ,IV:MAJ,II:DIM,V:MAJ,I:MAJ,V:MAJ,I:MAJ,IV:MAJ,II:DIM,V:MAJ,I:MAJ,V:MAJ,I:MAJ,IV:MAJ,II:DIM,V:MAJ,I:MAJ
MINOR;I:MIN,V:MAJ,I:MIN,IV:MIN,I:DIM,I:MIN,V:MAJ,I:MIN,IV:MIN,I:DIM,I:MIN,V:MAJ,I:MIN,V:MAJ,I:MIN,V:MAJ,I:MIN,V:MAJ,I:MIN,V:MAJ,I:MIN,IV:MIN,I:MIN,II:MAJ,V:MAJ,I:MIN,IV:MIN,I:MIN,II:MAJ,V:MAJ,I:MIN,V:MAJ,I:MIN,IV:MIN,VII:MAJ,III:MAJ,VII:MAJ,III:MAJ,I:MIN,V:MAJ,I:MIN,V:MAJ,I:MIN,IV:MIN,VII:MAJ,III:MAJ,VII:MAJ,III:MAJ
MAJOR;I:MAJ,IV:MAJ,I:MAJ,IV:MAJ,I:MAJ,V:MAJ,I:MAJ,II:MAJ,V:MAJ,II:MAJ,V:MAJ,I:MAJ,IV:MAJ,I:MAJ,IV:MAJ,I:MAJ,V:MAJ,I:MAJ,II:MAJ,V:MAJ,II:MAJ,V:MAJ,VI:MAJ,II:MIN,VI:MAJ,II:MIN,II:DIM,V:MAJ,I:MAJ,V:MAJ,I:MAJ,III:MAJ,VI:MAJ,II:MIN,VI:MAJ,II:MIN,II:DIM,V:MAJ,I:MAJ,V:MAJ,I:MAJ
MINOR;VI:MIN,III:AUG,V:MAJ,I:MIN,VI:MAJ,#IV:DIM,V:MAJ,I:MIN,VI:MAJ,#IV:DIM,V:MAJ,I:MIN,V:MAJ,I:MIN,V:MAJ,I:MIN,IV:MIN,I:MIN,II:MAJ,V:MAJ,I:MIN,IV:MIN,I:MIN,V:MAJ,I:MIN,V:MAJ,I:MIN,V:MAJ,I:MIN,IV:MIN,I:MIN
MAJOR;I:MAJ,IV:MIN,II:DIM,VII:DIM,I:MAJ,V:MAJ,IV:MAJ,V:MAJ,I:MAJ,IV:MIN,II:DIM,VII:DIM,I:MAJ,V:MAJ,IV:MAJ,V:MAJ,I:MAJ,III:MAJ,VI:MIN,VII:MAJ,I:MAJ,III:MAJ,VI:MIN,VII:MAJ,I:MAJ,IV:MAJ,#IV:DIM,VII:MAJ,III:MIN,I:MAJ,IV:MAJ,#IV:DIM,V:MAJ,VII:DIM,I:MAJ,IV:MIN,II:DIM,VII:DIM,I:MAJ,V:MAJ,IV:MAJ,V:MAJ,I:MAJ,IV:MIN,II:DIM,VII:DIM,I:MAJ,V:MAJ,IV:MAJ,V:MAJ,I:MAJ
MAJOR;I:MAJ,II:MAJ,V:DIM,V:MAJ,I:MAJ,II:MAJ,V:MAJ,I:MAJ,V:MAJ,I:MAJ,II:MAJ,V:DIM,V:MAJ,I:MAJ,II:MAJ,V:MAJ,I:MAJ,#V:MAJ,#I:MAJ,#V:MAJ,#I:MAJ,#V:MAJ
MAJOR;VII:DIM,I:MAJ,IV:MIN,II:DIM,VII:DIM,I:MAJ,V:MAJ,IV:MAJ,V:MAJ,I:MAJ,IV:MIN,II:DIM,VII:DIM,I:MAJ,V:MAJ,IV:MAJ,V:MAJ,I:MAJ
MAJOR;V:MAJ,I:MAJ,V:MAJ,I:MAJ,V:MAJ,I:MAJ,V:MAJ,I:MAJ,V:MAJ,I:MAJ,V:MAJ,I:MAJ,VI:MIN
MAJOR;V:MAJ,I:MAJ,V:MAJ,I:MAJ,V:MAJ,I:MAJ,V:MAJ,I:MAJ,V:MAJ,I:MAJ,V:MAJ,I:MAJ
MAJOR;I:MAJ,IV:MAJ,I:MAJ,V:MAJ,I:MAJ,IV:MAJ,I:MAJ,V:MAJ,I:MAJ,II:MAJ,V:MAJ,II:MAJ,V:MAJ,I:MAJ,IV:MAJ,bVII:MAJ,III:DIM,VI:MAJ,II:MAJ,V:MAJ,I:MAJ,IV:MIN,I:MAJ,II:DIM,V:MAJ,I:MAJ,III:DIM,VI:MAJ,II:MAJ,V:MAJ,I:MAJ,V:MAJ,I:MAJ,II:MAJ,V:MAJ,II:MAJ,V:MAJ,I:MAJ,IV:MAJ,bVII:MAJ,III:DIM,VI:MAJ,II:MAJ,V:MAJ,I:MAJ,IV:MIN,I:MAJ,II:DIM,V:MAJ,I:MAJ,III:DIM,VI:MAJ,II:MAJ,V:MAJ,I:MAJ,V:MAJ,I:MAJ
MAJOR;I:MAJ,V:MAJ,I:MAJ,V:MAJ,I:MAJ,V:MAJ,I:MAJ,V:MAJ,I:MAJ,V:MAJ,I:MAJ,V:MAJ,I:MAJ,V:MAJ,I:MAJ,V:MAJ,I:MAJ,V:MAJ,I:MAJ
MINOR;I:MIN,IV:MIN,VII:MAJ,III:MAJ,V:MAJ,I:MIN,II:MAJ,II:DIM,#VII:MIN,I:MIN,V:MAJ,I:MIN,II:MAJ,V:MAJ,I:MIN,IV:MIN,VII:MAJ,III:MAJ,V:MAJ,I:MIN,II:MAJ,II:DIM,#VII:MIN,I:MIN,V:MAJ,I:MIN,II:MAJ,V:MAJ,I:MIN
MAJOR;I:MAJ,IV:MAJ,I:MAJ,IV:MAJ,V:MIN,III:DIM,II:MIN,V:MIN,III:DIM,II:MIN,III:MAJ,VI:MAJ,I:MAJ,IV:MAJ,I:MAJ,IV:MAJ,V:MAJ,I:MAJ,V:MAJ,I:MAJ,bII:MAJ,bV:MIN,V:DIM,bV:MIN,bII:MAJ,I:MAJ,bII:MAJ,I:MAJ,II:DIM,II:MAJ,I:MAJ,II:MAJ,II:DIM,I:MAJ,bII:MAJ,bV:MIN,#I:DIM,II:MAJ,II:DIM,I:MAJ,II:DIM,II:MAJ,I:MAJ,II:MAJ,bII:MAJ,I:MAJ,bII:MAJ,II:MAJ,VII:MAJ,III:MIN,III:MAJ
MINOR;I:MIN,IV:MIN,VII:MAJ,III:MAJ,V:MAJ,I:MIN,II:MAJ,II:DIM,#VII:MIN,I:MIN,V:MAJ,I:MIN,V:MAJ,I:MIN,V:MAJ,I:MIN,II:MAJ,V:MAJ,I:MIN
MAJOR;I:MAJ,VII:DIM,I:MAJ,VII:DIM,I:MAJ,VII:DIM,I:MAJ,V:MAJ,VII:DIM,I:MAJ,VII:DIM,I:MAJ,VI:DIM,V:MAJ,#IV:DIM,II:MAJ,#IV:DIM,II:MAJ,V:MAJ,VII:DIM,I:MAJ,VII:DIM,I:MAJ,VII:DIM,I:MAJ,V:MAJ,VII:DIM,I:MAJ,VII:DIM,I:MAJ,#IV:DIM,V:MAJ,II:MIN,V:MAJ,I:MAJ,II:MIN,II:MAJ,VI:MAJ,II:MIN,II:MAJ,VI:MAJ,II:MIN,II:MAJ,VI:MAJ,II:MIN,II:MAJ,VI:MAJ,II:MIN,VII:DIM,bVI:MAJ,VII:DIM,bVI:MAJ,VII:DIM,I:MAJ,VII:DIM,I:MAJ,VII:DIM,I:MAJ,V:MAJ,VII:DIM,I:MAJ,VII:DIM,I:MAJ,VI:DIM,V:MAJ,#IV:DIM,II:MAJ,#IV:DIM,II:MAJ,V:MAJ,VII:DIM,I:MAJ,VII:DIM,I:MAJ,VII:DIM,I:MAJ,V:MAJ,VII:DIM,I:MAJ,VII:DIM,I:MAJ,#IV:DIM,V:MAJ,II:MIN,V:MAJ,I:MAJ,I:MIN
MAJOR;V:MAJ,I:MAJ,VII:MAJ,III:MIN,VI:DIM,II:MAJ,V:MAJ,I:MAJ,VII:MAJ,III:MIN,VI:DIM,II:MAJ,V:MAJ,I:MAJ,VI:MIN,II:MAJ,V:MAJ,VI:MIN,II:MAJ,V:MAJ,VI:MIN,II:MAJ,V:MAJ,VI:MIN,II:MAJ,V:MAJ,I:MAJ,VII:MAJ,III:MIN,VI:DIM,II:MAJ,V:MAJ,I:MAJ,VII:MAJ,III:MIN,#IV:DIM,II:MAJ,V:MAJ,I:MAJ
MAJOR;VII:DIM,I:MAJ
MINOR;II:DIM,VI:MAJ,IV:MIN,II:DIM,VI:MAJ,IV:MIN,II:DIM,VI:MAJ,IV:MIN,VI:MAJ,II:DIM,IV:MIN,VI:MAJ,VII:MAJ,V:MIN,#VI:MAJ,#IV:MIN,VI:MAJ,IV:MIN,V:MAJ,II:DIM,IV:MIN,VI:MAJ,VII:MAJ,V:MIN,#VI:MAJ,#IV:MIN,VI:MAJ,IV:MIN,V:MAJ,I:MIN,II:DIM,IV:MIN,VI:MAJ,VII:MAJ,V:MIN,#VI:MAJ,#IV:MIN,VI:MAJ,IV:MIN,V:MAJ,II:DIM,IV:MIN,VI:MAJ,VI:MIN,VII:MAJ,V:MIN,#VI:MAJ,#IV:MIN,VI:MAJ,IV:MIN,V:MAJ,I:MIN,V:MAJ,I:MIN,V:MAJ,IV:MAJ,I:MAJ,V:MAJ,I:MIN,VII:MIN,IV:MIN,V:MAJ,VII:MIN,IV:MIN,V:MAJ,IV:MIN,VI:MAJ,VII:MAJ,V:MIN,#VI:MAJ,#IV:MIN,VI:MAJ,IV:MIN,V:MAJ,II:DIM,IV:MIN,VI:MAJ,VI:MIN,VII:MAJ,V:MIN,#VI:MAJ,#IV:MIN,VI:MAJ,IV:MIN,V:MAJ,I:MAJ
MAJOR;VI:MIN,V:MAJ,I:MAJ,VI:MIN,V:MAJ,I:MAJ,V:MAJ,I:MAJ,VI:MIN,V:MAJ,I:MAJ,VI:MIN,V:MAJ,I:MAJ,VI:MIN,V:MAJ,I:MAJ,VI:MIN,V:MAJ,I:MAJ,VI:MIN,V:MAJ,I:MAJ,VI:MIN,V:MAJ,I:MAJ,V:MAJ,I:MAJ,VI:MIN,V:MAJ,I:MAJ,VI:MIN,V:MAJ
MINOR;II:DIM,IV:MIN,VI:MAJ,VII:MAJ,V:MIN,#VI:MAJ,#IV:MIN,VI:MAJ,IV:MIN,V:MAJ,II:DIM,IV:MIN,VI:MAJ,VI:MIN,VII:MAJ,V:MIN,#VI:MAJ,#IV:MIN,VI:MAJ,IV:MIN,V:MAJ,I:MIN,#IV:DIM,#IV:MAJ,#VII:DIM,#III:DIM,#VI:DIM,II:DIM,IV:MIN,I:MIN,#IV:DIM,#IV:MAJ,#VII:DIM,#III:DIM,#VI:DIM,II:DIM,IV:MIN,I:MIN,II:DIM,VI:MAJ,IV:MIN,II:DIM,VI:MAJ,IV:MIN,II:DIM,VI:MAJ,IV:MIN,VI:MAJ
MINOR;V:MAJ,I:MIN,IV:MIN,#VII:DIM,I:MIN,V:MAJ,I:MIN,#VI:DIM,V:MAJ,I:MIN,IV:MIN,#VII:DIM,I:MIN,V:MAJ,I:MIN,#VI:DIM,V:MAJ
MAJOR;V:MAJ,I:MAJ,V:MAJ,III:MIN,V:MAJ,I:MAJ,V:MAJ,I:MAJ,V:MAJ,III:MIN,V:MAJ,I:MAJ
MAJOR;I:MAJ,V:MAJ,I:MAJ,I:AUG,II:MIN,IV:MAJ,I:MAJ,II:MIN,IV:MAJ,I:MAJ,V:MAJ,I:MAJ,V:MAJ,I:MAJ,V:MAJ,I:MAJ,I:AUG,II:DIM,IV:MAJ,I:MAJ,II:DIM,IV:MAJ,I:MAJ,V:MAJ,I:MAJ
MINOR;II:MAJ,V:MAJ,I:MIN,IV:MIN,#VII:DIM,I:MIN,V:MAJ,I:MIN,#VI:DIM,V:MAJ,I:MIN,IV:MIN,#VII:DIM,I:MIN,V:MAJ,I:MIN,V:MAJ,I:MIN
MAJOR;I:MAJ,V:MAJ,I:MAJ,V:MAJ,I:MAJ,V:MAJ,I:MAJ,V:MAJ,I:MAJ,V:MAJ,I:MAJ,V:MAJ,VI:MIN,IV:MAJ,V:MAJ,I:MAJ,II:MIN,III:MAJ,VI:MIN,IV:MAJ,V:MAJ,I:MAJ,II:MIN,III:MAJ,VI:MIN,V:MAJ,II:MIN,V:MAJ,II:MIN,V:MAJ,I:MAJ,V:MAJ,II:MIN,V:MAJ,II:MIN,V:MAJ,I:MAJ,IV:MAJ,V:MAJ,I:MAJ,IV:MAJ,V:MAJ,I:MAJ,IV:MAJ,V:MAJ,I:MAJ,IV:MAJ,V:MAJ,I:MAJ,IV:MAJ,VI:MIN,IV:MAJ,V:MAJ,I:MAJ,II:MIN,III:MAJ,VI:MIN,IV:MAJ,V:MAJ,I:MAJ,II:MIN,III:MAJ,VI:MIN,V:MAJ,II:MIN,V:MAJ,II:MIN,V:MAJ,I:MAJ,V:MAJ,II:MIN,V:MAJ,II:MIN,V:MAJ,I:MAJ
MAJOR;V:MAJ,I:MAJ,II:MIN,IV:MAJ,I:MAJ,V:MAJ,I:MAJ,II:MAJ,V:MAJ,I:MAJ,II:MIN,IV:MAJ,I:MAJ,V:MAJ,I:MAJ,II:MAJ,V:MAJ,III:DIM,V:MIN,III:DIM,V:MIN,#I:DIM,VI:MAJ,#I:DIM,II:MIN,III:DIM,V:MIN,III:DIM,V:MIN,#I:DIM,VI:MAJ,#I:DIM,II:MIN,III:DIM,V:MIN,III:DIM,V:MIN,#I:DIM,VI:MAJ,#I:DIM,II:MIN,III:DIM,V:MIN,III:DIM,V:MIN
MAJOR;VII:DIM,III:MAJ,#V:DIM,VI:MIN,IV:MAJ,V:MAJ,I:MAJ,II:MIN,III:MAJ,VI:MIN,IV:MAJ,V:MAJ,I:MAJ,II:MIN,III:MAJ,VI:MIN,V:MAJ,II:MIN,V:MAJ,II:MIN,V:MAJ,I:MAJ,V:MAJ,II:MIN,V:MAJ,II:MIN,V:MAJ,I:MAJ,IV:MAJ,I:MAJ,IV:MAJ,I:MAJ,IV:MAJ,I:MAJ,IV:MAJ,I:MAJ,IV:MAJ,I:MAJ,V:MAJ,I:MAJ,V:MAJ,I:MAJ,V:MAJ,I:MAJ,V:MAJ,I:MAJ,V:MAJ,IV:MAJ,I:MAJ,IV:MAJ,I:MAJ,IV:MAJ,I:MAJ,IV:MAJ,I:MAJ,IV:MAJ,I:MAJ,V:MAJ,I:MAJ,V:MAJ,I:MAJ,V:MAJ,I:MAJ,V:MAJ,I:MAJ
MAJOR;I:MAJ,V:MAJ,I:MAJ,V:MAJ,I:MAJ,I:AUG,IV:MAJ,V:MAJ,I:MAJ,I:AUG,IV:MAJ,V:MAJ,I:MAJ,#II:DIM,III:MIN,#I:DIM,II:MIN,VII:DIM,I:MAJ,#II:DIM,III:MIN,#I:DIM,II:MIN,VII:DIM,I:MAJ,VII:DIM,I:MAJ,#IV:DIM,VII:DIM,III:MAJ,VI:MIN,III:MAJ,VI:MIN,VII:MAJ,III:MAJ,V:MAJ,I:MAJ,V:MAJ,I:MAJ,I:AUG,IV:MAJ,V:MAJ,I:MAJ,I:AUG,IV:MAJ,V:MAJ,I:MAJ,V:MAJ,I:MAJ
MINOR;V:MAJ,#V:DIM,II:MIN,#VI:MIN,##VI:DIM,V:MAJ,I:MIN,IV:MAJ,VII:MAJ,III:MAJ,#VI:DIM,II:MAJ,V:MIN,V:MAJ,I:MIN,V:MAJ,I:MIN,IV:MAJ,VII:MAJ,III:MAJ,#IV:MAJ,II:MAJ,V:MAJ,I:MIN
MAJOR;II:MIN,V:MAJ,I:MAJ,V:MAJ,I:MAJ,#I:DIM,II:MIN,I:MAJ,V:MAJ,I:MAJ,#VI:DIM,V:MAJ,I:MAJ,V:MAJ,I:MAJ,#I:DIM,II:MIN,V:MAJ
MINOR;IV:MIN,V:MAJ,I:MIN,IV:MAJ,VII:MAJ,III:MAJ,#IV:MAJ,II:MAJ,V:MAJ,I:MIN,V:MAJ,I:MIN,IV:MAJ,VII:MAJ,III:MAJ,#IV:MAJ,II:MAJ,V:MAJ,I:MIN,II:MAJ,V:MAJ,II:MAJ,V:MAJ,II:MAJ,V:MAJ,II:MAJ,V:MAJ
MAJOR;II:MIN,V:MAJ,I:MAJ,II:DIM,V:MAJ,I:MIN,IV:MIN,bVII:MAJ,bIII:MAJ,IV:MAJ,II:DIM,V:MAJ,I:MAJ,II:DIM,V:MAJ,I:MIN,IV:MIN,bVII:MAJ,bIII:MAJ,IV:MAJ,II:DIM,V:MAJ
MINOR;V:MAJ,I:MIN,IV:MAJ,VII:MAJ,III:MAJ,#IV:MAJ,II:MAJ,V:MAJ,I:MIN,V:MAJ,I:MIN,IV:MAJ,VII:MAJ,III:MAJ,#IV:MAJ,II:MAJ,V:MAJ,I:MIN,II:DIM,#IV:DIM,II:MAJ,VI:MAJ,II:DIM,I:MIN,II:DIM,I:MIN,II:DIM,#IV:DIM,II:MAJ,VI:MAJ,II:DIM,I:MAJ,V:MAJ,I:MAJ,V:MAJ,IV:MIN,I:MAJ,V:MAJ,VI:MAJ,#IV:MAJ,I:MAJ,V:MAJ,I:MAJ,IV:MIN,I:MAJ
MAJOR;I:MAJ,V:MAJ,I:MAJ,VI:MAJ,II:MIN,V:MAJ,I:MAJ,II:MAJ,V:MAJ,I:MAJ,IV:MAJ,I:MAJ,II:MAJ,V:MAJ,I:MAJ,V:MAJ,I:MAJ,II:MAJ,V:MAJ,I:MAJ,IV:MAJ,I:MAJ,II:MAJ,V:MAJ,I:MAJ,V:MAJ,I:MAJ
MAJOR;I:MAJ,V:MAJ,I:MAJ,II:MAJ,V:MAJ,I:MAJ,IV:MAJ,VII:DIM,III:MAJ,VI:MIN,II:MIN,V:MAJ,I:MAJ,V:MAJ,VI:MIN,V:MAJ,I:MAJ,IV:MAJ,II:DIM,V:MAJ,I:MAJ,VI:MIN,II:MAJ,I:MAJ,V:MAJ,IV:MAJ,I:MAJ,VI:MAJ,II:MIN,V:MAJ,I:MAJ,II:MAJ,V:MAJ,I:MAJ,IV:MAJ,I:MAJ,II:MAJ,V:MAJ,I:MAJ,V:MAJ,I:MAJ
MAJOR;I:MAJ,II:MAJ,VII:DIM,I:MAJ,II:MAJ,V:MAJ,I:MAJ,II:MAJ,VII:DIM,I:MAJ,IV:MAJ,V:MAJ,I:MAJ,II:MAJ,VII:DIM,I:MAJ,II:MAJ,V:MAJ,I:MAJ,II:MAJ,VII:DIM,I:MAJ,IV:MAJ,V:MAJ,I:MAJ
MAJOR;V:MAJ,I:MAJ,#IV:DIM,V:MAJ,I:MAJ,VI:DIM,#IV:DIM,V:MAJ,I:MAJ,#IV:DIM,V:MAJ,III:DIM,bVII:MAJ,III:DIM,I:MAJ
MAJOR;I:MAJ,II:MAJ,VII:DIM,I:MAJ,II:MAJ,V:MAJ,I:MAJ,II:MAJ,VII:DIM,I:MAJ,IV:MAJ,V:MAJ,I:MAJ
