MAJOR;I:MAJ,VII:DIM,I:MAJ,#IV:DIM,VI:MIN,#IV:DIM,I:MAJ,#IV:DIM,VI:MIN,#IV:DIM,I:MAJ,#IV:DIM,VI:MIN,I:MAJ,II:MIN,IV:MAJ,V:MAJ,I:MAJ,VII:DIM,I:MAJ,II:MAJ,II:MIN,I:MAJ,II:MIN,IV:MAJ,#V:DIM,VI:MIN,II:MIN,IV:MAJ,V:MAJ,I:MAJ
MINOR;I:MIN,V:MAJ,I:MIN,V:MAJ,I:MIN,III:MAJ,III:AUG,#VI:DIM,VII:MAJ,I:MIN,IV:MIN,#IV:DIM,V:MIN,VI:MAJ,III:MAJ,IV:MIN,I:MIN,VI:MAJ,IV:MIN,II:DIM,V:MAJ,I:MIN,V:MAJ,I:MIN,V:MAJ,I:MIN,III:MAJ,III:AUG,#VI:DIM,VII:MAJ,I:MIN,IV:MIN,#IV:DIM,V:MIN,VI:MAJ,III:MAJ,IV:MIN,I:MIN,VI:MAJ,IV:MIN,II:DIM,V:MAJ
MAJOR;I:MAJ,V:MAJ,I:MAJ,V:MAJ,I:MAJ,III:MIN,I:MAJ,III:MIN,I:MAJ,V:MAJ,I:MAJ,V:MAJ,I:MAJ,#VI:DIM,III:MIN,I:MAJ
MINOR;I:MIN,V:MAJ,I:MIN,V:MAJ,I:MIN,III:MAJ,III:AUG,#VI:DIM,VII:MAJ,I:MIN,IV:MIN,#IV:DIM,V:MIN,VI:MAJ,III:MAJ,IV:MIN,I:MIN,VI:MAJ,IV:MIN,II:DIM,V:MAJ
MAJOR;I:MAJ,I:MIN
MAJOR;V:MAJ,I:MAJ,IV:MAJ,VI:MIN,II:MIN,V:MAJ,I:MAJ,III:MAJ,VI:MIN,IV:MAJ,VII:DIM,VI:MIN,II:MIN,V:MAJ,I:MAJ,III:MIN,VI:MIN,II:MAJ,V:MAJ,III:MIN,VI:MIN,II:MAJ,V:MAJ,I:MAJ,IV:MAJ,VI:MIN,II:MIN,V:MAJ,I:MAJ,III:MIN,VI:MIN,II:MAJ,V:MAJ,III:MIN,VI:MIN,II:MAJ,V:MAJ,I:MAJ,IV:MAJ,VI:MIN,II:MIN,V:MAJ,I:MAJ
MINOR;I:MIN,VII:MAJ,bII:MAJ,IV:MIN,V:MAJ,I:MIN,VII:MAJ,bII:MAJ,IV:MIN
MAJOR;V:MAJ,III:MIN,VI:MIN,II:MAJ,V:MAJ,III:MIN,VI:MIN,II:MAJ,V:MAJ,I:MAJ,IV:MAJ,VI:MIN,II:MIN,III:MAJ,VI:MIN,IV:MAJ,VII:DIM,VI:MIN,III:MAJ,II:MIN,V:MAJ,I:MAJ
MINOR;I:MIN,VI:MAJ,I:MIN,IV:MIN,I:MIN,V:MIN,III:MAJ,V:MIN,II:MAJ,V:MAJ,I:MIN,VI:MAJ,I:MIN,IV:MIN,I:MIN,V:MIN,III:MAJ,V:MIN,II:MAJ,V:MAJ,#IV:DIM,II:MAJ,#IV:DIM,V:MAJ,#IV:DIM,II:MAJ,#IV:DIM,IV:MAJ,#IV:DIM,VI:MAJ,I:MIN,II:MAJ,V:MAJ,I:MIN,VI:MAJ,I:MIN,IV:MIN,I:MIN,V:MIN,III:MAJ,V:MIN,II:MAJ,V:MAJ,#IV:DIM,II:MAJ,#IV:DIM,V:MAJ,#IV:DIM,II:MAJ,#IV:DIM,IV:MAJ,#IV:DIM,VI:MAJ,I:MIN,II:MAJ,V:MAJ,I:MIN,VI:MAJ,I:MIN,IV:MIN,I:MIN,V:MIN,III:MAJ,V:MIN,II:MAJ,V:MAJ,I:MIN,VI:MAJ,I:MIN,IV:MIN,I:MIN,IV:MIN,bII:MAJ,V:MAJ,I:MIN,IV:MIN,I:MIN,IV:MIN,I:MIN
MINOR;I:MIN,#VII:DIM,I:MIN,#VII:DIM,IV:MIN,#VII:DIM,I:MIN,II:DIM,I:MIN,#VII:DIM,IV:MIN,#VII:DIM,IV:MIN,VII:MAJ,V:MIN,bII:MAJ,IV:MIN,V:MAJ,I:MIN,V:MAJ,I:MIN,VI:MAJ,III:MAJ,VI:MAJ,III:MAJ,VII:MAJ,III:MAJ,VII:MAJ,III:MAJ,VI:MAJ,II:DIM,V:DIM,I:MAJ,IV:MIN,II:MAJ,V:MAJ,I:MIN,#VII:DIM,I:MIN,#VII:DIM,IV:MIN,#VII:DIM,I:MIN,II:DIM,I:MIN,#VII:DIM,IV:MIN,#VII:DIM,IV:MIN,bII:MAJ,IV:MIN,V:MAJ,I:MIN,V:MAJ,I:MIN,VI:MAJ,III:MAJ,VI:MAJ,III:MAJ,VII:MAJ,III:MAJ,VII:MAJ,III:MAJ,VI:MAJ,II:DIM,V:DIM,I:MAJ,IV:MIN,II:MAJ,V:MAJ,I:MIN,#VII:DIM,I:MIN,#VII:DIM,IV:MIN,#VII:DIM,I:MIN,II:DIM,I:MIN,#VII:DIM,IV:MIN,#VII:DIM,IV:MIN,bII:MAJ,IV:MIN,V:MAJ,I:MIN
MAJOR;I:MAJ,V:MAJ,I:MAJ,V:MAJ,VI:MIN,I:MAJ,IV:MAJ,I:MAJ,V:MAJ,I:MAJ,V:MAJ,VI:MIN,I:MAJ,IV:MAJ,I:MAJ,V:MAJ,II:MAJ,V:MAJ,I:MAJ,V:MAJ,I:MAJ,IV:MAJ,I:MAJ,V:MAJ,II:MAJ,V:MAJ,I:MAJ,V:MAJ,I:MAJ,II:MIN,IV:MAJ,I:MAJ,V:MAJ,I:MAJ,V:MAJ,I:MAJ,V:MAJ,VI:MIN,I:MAJ,IV:MAJ,I:MAJ,V:MAJ,I:MAJ,V:MAJ,VI:MIN,I:MAJ,IV:MAJ,I:MAJ
MINOR;I:MIN,II:DIM,V:MAJ,II:DIM,V:MAJ,I:MIN,II:DIM,V:MAJ,II:DIM,V:MAJ,I:MIN,II:DIM,V:MAJ,II:DIM,V:MAJ,I:MIN,II:DIM,V:MAJ,II:DIM,V:MAJ,I:MIN,V:MAJ,II:MAJ,V:MAJ,I:MIN,V:MAJ,I:MIN,IV:MIN,I:MIN,V:MAJ,II:MAJ,V:MAJ,I:MIN,V:MAJ,I:MIN,IV:MIN,I:MIN,V:MAJ
MAJOR;I:MAJ,V:MAJ,I:MAJ,V:MAJ,VI:MIN,I:MAJ,IV:MAJ,I:MAJ,V:MAJ,I:MAJ,V:MAJ,VI:MIN,I:MAJ,IV:MAJ,I:MAJ
MINOR;I:MIN,#VII:DIM,I:MIN,V:MAJ,I:MIN,I:MAJ,#VII:DIM,I:MIN,V:MAJ,I:MIN,III:MAJ,I:MIN,III:MAJ,VII:MAJ,III:MAJ,I:MIN,III:MAJ,II:MAJ,II:DIM,#VII:DIM,V:MIN,VII:MAJ,III:MAJ,I:MIN,III:MAJ,VII:MAJ,V:MAJ,I:MIN,#VI:DIM,I:MIN,VI:MAJ,II:DIM,#IV:MAJ,V:MAJ,I:MIN,#VII:DIM,I:MIN,V:MAJ,I:MIN,I:MAJ,#VII:DIM,I:MIN,V:MAJ,I:MIN,III:MAJ,I:MIN,III:MAJ,VII:MAJ,III:MAJ,I:MIN,III:MAJ,II:MAJ,II:DIM,#VII:DIM,V:MIN,VII:MAJ,III:MAJ,I:MIN,III:MAJ,VII:MAJ,V:MAJ,I:MIN,#VI:DIM,I:MIN,VI:MAJ,II:DIM,#IV:MAJ,V:MAJ,I:MIN,#VII:DIM,I:MIN,V:MAJ,I:MIN,I:MAJ,#VII:DIM,I:MIN,V:MAJ,I:MIN
MAJOR;I:MAJ,II:MIN,I:MAJ,IV:MAJ,I:MAJ,II:MIN,V:MAJ,I:MAJ,III:MIN,#IV:DIM,III:MIN,VI:MIN,III:MIN,#IV:DIM,VII:MAJ,III:MIN,V:MAJ,I:MAJ,V:MAJ,I:MAJ,V:MAJ,I:MAJ,#I:DIM,V:MIN,#I:DIM,bVII:MAJ,#I:DIM,II:MIN,VI:MIN,VII:DIM,VI:MIN,II:DIM,I:MAJ,II:MAJ,V:MAJ,III:MAJ,VI:MIN,VII:DIM,VI:MIN,II:DIM,I:MAJ,II:MAJ,V:MAJ,I:MAJ,V:MAJ,I:MAJ,V:MAJ,I:MAJ,V:MAJ,I:MAJ,#I:DIM,V:MIN,#I:DIM,bVII:MAJ,#I:DIM,II:MIN,VI:MIN,VII:DIM,VI:MIN,II:DIM,I:MAJ,II:MAJ,V:MAJ,III:MAJ,VI:MIN,VII:DIM,VI:MIN,II:DIM,I:MAJ,II:MAJ,V:MAJ,I:MAJ
MAJOR;I:MAJ,V:MAJ,I:MAJ,V:MAJ,I:MAJ,V:MAJ,I:MAJ,V:MAJ,I:MAJ,V:MAJ,VI:MIN,V:MAJ,VI:MIN,V:MAJ,I:MAJ,V:MAJ,#IV:DIM,V:MAJ,I:MAJ,V:MAJ,I:MAJ,V:MAJ,I:MAJ,V:MAJ,I:MAJ,V:MAJ,I:MAJ,V:MAJ,VI:MIN,V:MAJ,VI:MIN,V:MAJ,I:MAJ,V:MAJ,#IV:DIM,V:MAJ,I:MAJ
MINOR;I:MIN,#VII:DIM,I:MIN,#VII:DIM,I:MIN,#VII:DIM,I:MIN,#VII:DIM,I:MIN,#VII:DIM,I:MIN,#VII:DIM,I:MIN,III:MAJ,I:MIN
MINOR;I:MIN,#VII:DIM,I:MIN,#VII:DIM,I:MIN,#VII:DIM,I:MIN,#VII:DIM,I:MIN,#VII:DIM,I:MIN,#VII:DIM,I:MIN,III:MAJ,I:MIN
MINOR;#IV:MIN,II:MAJ,I:MIN,II:MAJ,I:MIN,II:MAJ,VI:MAJ,II:DIM,#VII:DIM,IV:MIN
MAJOR;I:MAJ,#IV:DIM,V:MAJ,I:MAJ,V:MAJ,I:MAJ,V:MAJ,I:MAJ,V:MAJ,I:MAJ,V:MAJ,I:MAJ,V:MAJ,II:MIN,V:MAJ,II:MIN,V:MAJ,I:MAJ,V:MAJ,#IV:DIM,V:MAJ,I:MAJ
MINOR;I:MIN,V:MAJ,I:MIN,V:MAJ,I:MIN,V:MIN,I:MIN,IV:MIN,V:MAJ,VI:MAJ,II:MAJ,V:MAJ,I:MIN,III:MAJ,VII:MAJ,III:MAJ,VII:MAJ,I:MIN,IV:MAJ,VII:MAJ,III:MAJ,VI:MAJ,III:MAJ,VI:MAJ,III:MAJ,V:MAJ,I:MIN,V:MAJ,I:MIN,V:MAJ,I:MIN,V:MIN,I:MIN,IV:MIN,V:MAJ,VI:MAJ,II:MAJ,V:MAJ,I:MIN
MAJOR;I:MAJ,#IV:DIM,V:MAJ,#I:DIM,II:MIN,V:MAJ,I:MAJ,#I:DIM,II:MIN,V:MAJ,I:MAJ,#IV:DIM,V:MAJ,#I:DIM,II:MIN,V:MAJ,I:MAJ,#IV:DIM,VII:MAJ,III:MAJ,VI:MIN,II:MAJ,V:MAJ,I:MAJ,IV:MAJ,VII:MAJ,III:MAJ,V:MAJ,#IV:DIM,V:MAJ,#I:DIM,II:MIN,IV:MAJ,II:DIM,V:MAJ,I:MAJ,#IV:DIM,VII:MAJ,III:MAJ,VI:MIN,II:MAJ,V:MAJ,I:MAJ,IV:MAJ,VII:MAJ,III:MAJ,V:MAJ,I:MAJ,#IV:DIM,V:MAJ,#I:DIM,II:MIN,IV:MAJ,II:DIM,V:MAJ,I:MAJ
MINOR;I:MIN,V:MAJ,I:MIN,V:MAJ,I:MIN,V:MAJ,I:MIN,V:MAJ,I:MIN,III:MAJ,VI:MAJ,VII:MAJ,III:MAJ,IV:MIN,VII:MAJ,III:MAJ,VI:MAJ,VII:MAJ,III:MAJ,IV:MIN,VII:MAJ,III:MAJ,V:MAJ,I:MIN,V:MAJ,I:MIN,V:MAJ,I:MIN,III:MAJ,VI:MAJ,VII:MAJ,III:MAJ,IV:MIN,VII:MAJ,III:MAJ,VI:MAJ,VII:MAJ,III:MAJ,IV:MIN,VII:MAJ,III:MAJ,V:MAJ,I:MIN,V:MAJ,I:MIN,V:MAJ,I:MIN
MAJOR;I:MAJ,V:MAJ,I:MAJ,V:MAJ,I:MAJ,V:MAJ,I:MAJ,V:MAJ,I:MAJ,III:MIN,VII:MAJ,III:MIN,VII:MAJ,III:MIN,VII:MAJ,III:MIN,VII:MAJ,III:MIN,V:MAJ,I:MAJ,II:MIN,IV:MAJ,V:MAJ,VI:MIN,I:MAJ,II:MIN,IV:MAJ,V:MAJ,VI:MIN,I:MAJ
MINOR;V:MAJ,I:MIN,I:MAJ,I:MIN,V:MAJ,IV:MIN,III:MAJ,IV:MIN,V:MAJ,I:MIN,I:MAJ,I:MIN,V:MAJ,IV:MIN,III:MAJ,V:MAJ,I:MIN,III:MAJ,VI:MAJ,III:MAJ,IV:MIN,VII:MAJ,IV:MIN,VII:MAJ,III:MAJ,VI:MAJ,II:DIM,V:MAJ,I:MIN,I:MAJ,I:MIN,V:MAJ,IV:MIN,III:MAJ,IV:MIN,V:MAJ,I:MIN,I:MAJ,I:MIN,V:MAJ,IV:MIN,III:MAJ,V:MAJ,I:MIN,III:MAJ,VI:MAJ,III:MAJ,IV:MIN,VII:MAJ,IV:MIN,VII:MAJ,III:MAJ,VI:MAJ,II:DIM,V:MAJ,I:MIN,I:MAJ,I:MIN,V:MAJ,IV:MIN,III:MAJ,IV:MIN,V:MAJ,I:MIN,I:MAJ,I:MIN,V:MAJ,IV:MIN,III:MAJ,V:MAJ,I:MIN
MINOR;I:MIN,II:DIM,I:MIN,IV:MIN,#III:DIM,IV:MIN,#IV:DIM,V:MAJ,III:MAJ,I:MAJ,IV:MIN,V:MAJ,I:MIN,#VII:DIM,I:MIN,II:DIM,V:MAJ,#VII:DIM,I:MIN,II:DIM,V:MAJ,#VII:DIM,I:MIN,II:DIM,V:MAJ,#VII:DIM,I:MIN,II:DIM,V:MAJ,I:MIN,II:DIM,I:MIN,I:MAJ,IV:MIN,#III:DIM,IV:MIN,#IV:DIM,V:MAJ,III:MAJ,I:MAJ,IV:MIN,V:MAJ,I:MIN
MINOR;I:MIN,V:MAJ,I:MIN,V:MAJ,I:MIN,V:MAJ,I:MIN,bI:AUG,III:MAJ,VII:MAJ,III:MAJ,IV:MIN,VII:MAJ,III:MAJ,IV:MIN,VII:MAJ,III:MAJ,VII:MAJ,III:MAJ,V:MAJ,#VII:DIM,V:MAJ,#VII:DIM,V:MAJ,#VII:DIM,#III:DIM,I:MAJ,#III:DIM,I:MAJ,#III:DIM,bII:MAJ,V:DIM,VII:MIN,V:DIM,VII:MIN,V:DIM,V:MIN,#III:DIM,III:MAJ,V:MIN,V:DIM,I:MAJ,IV:MIN,I:MIN
MAJOR;I:MAJ,VI:MIN,I:AUG,I:MAJ,II:MAJ,V:MAJ,II:MIN,VII:DIM,bVII:MIN,II:MIN,III:MAJ,VI:MIN,I:MIN,II:MAJ,II:DIM,V:MAJ,I:MAJ,VI:MIN,I:MAJ,IV:MAJ,II:MIN,V:MAJ,I:MAJ,I:MIN,II:MAJ,II:DIM,V:MAJ,I:MAJ,VI:MIN,I:MAJ,IV:MAJ,II:DIM,V:MAJ,I:MAJ
MAJOR;VII:DIM,I:MAJ,#I:DIM,V:MAJ,#I:DIM,V:MAJ,VII:DIM,I:MAJ,#IV:DIM,V:MAJ,III:DIM,II:MAJ,V:MAJ,bVII:MAJ,III:MAJ,VI:MIN,#IV:DIM,III:MAJ,VI:MIN,bIII:MAJ,VI:MAJ,II:MIN,VII:DIM,VI:MAJ,II:MIN,II:MAJ,II:MIN,bVII:MAJ,VII:DIM,I:MAJ,#I:DIM,V:MAJ,#I:DIM,V:MAJ,VII:DIM,I:MAJ,#IV:DIM,V:MAJ,VII:DIM,I:MAJ,VI:DIM,V:MAJ,I:MAJ,bVII:MAJ,III:MAJ,VI:MIN,#IV:DIM,III:MAJ,VI:MIN,bIII:MAJ,VI:MAJ,II:MIN,VII:DIM,VI:MAJ,II:MIN,II:MAJ,II:MIN,bVII:MAJ,VII:DIM,I:MAJ,#I:DIM,V:MAJ,#I:DIM,V:MAJ,VII:DIM,I:MAJ,#IV:DIM,V:MAJ,VII:DIM,I:MAJ,VI:DIM,V:MAJ,I:MAJ,VI:DIM,V:MAJ,I:MAJ
MINOR;I:MIN,V:MAJ,I:MIN,III:MAJ,VII:MAJ,III:MAJ,#VII:DIM,#IV:DIM,V:MAJ,#VII:DIM,#IV:DIM,V:MAJ,II:MAJ,V:MAJ,II:MAJ,V:MAJ,II:MAJ,V:MAJ,II:MAJ,V:MAJ,I:MIN,IV:MIN,#III:DIM,VI:MAJ,I:MIN,V:MAJ,I:MIN,#VII:DIM,#IV:DIM,V:MAJ,#VII:DIM,#IV:DIM,V:MAJ,II:MAJ,V:MAJ,II:MAJ,V:MAJ,II:MAJ,V:MAJ,II:MAJ,V:MAJ,I:MIN,IV:MIN,#III:DIM,VI:MAJ,I:MIN,V:MAJ,I:MIN
MAJOR;VI:MIN,I:MAJ,V:MAJ,V:MIN,II:MIN,IV:MAJ,I:MAJ,VI:MIN,II:MAJ,V:MAJ,IV:MAJ,V:MAJ,I:MAJ,II:MIN,V:MAJ,I:MAJ,VI:MIN,II:MAJ,V:MAJ,I:MAJ,V:MAJ,II:MIN,V:MAJ,II:MIN,V:MAJ,II:MIN,V:MAJ,II:MIN,V:MAJ,II:MIN,V:MAJ,VI:MIN,I:MAJ,V:MAJ,V:MIN,II:MIN,IV:MAJ,I:MAJ,VI:MIN,II:MAJ,V:MAJ,IV:MAJ,V:MAJ,I:MAJ,II:MIN,V:MAJ,I:MAJ,VI:MIN,II:MAJ,V:MAJ,I:MAJ,V:MAJ,II:MIN,V:MAJ,II:MIN,V:MAJ,II:MIN,V:MAJ,II:MIN,V:MAJ,II:MIN,V:MAJ,VI:MIN,I:MAJ,V:MAJ,V:MIN,II:MIN,IV:MAJ,I:MAJ,VI:MIN,II:MAJ,V:MAJ,IV:MAJ,V:MAJ,I:MAJ,II:MIN,V:MAJ,I:MAJ,VI:MIN,II:MAJ,V:MAJ,I:MAJ,V:MAJ,I:MAJ,V:MAJ,I:MAJ
MINOR;I:MIN,IV:MAJ,I:MIN,VI:MAJ,I:MIN,III:MAJ,V:MIN,II:MAJ,V:MIN,II:DIM,V:MAJ,#IV:MAJ,IV:MAJ,#III:MAJ,III:MAJ,II:MAJ,I:MAJ,III:AUG,V:MIN,#VI:MAJ,II:MAJ,V:MAJ,II:MAJ,V:MAJ,II:MAJ,V:MAJ,II:MAJ,V:MAJ,II:MAJ,V:MAJ,II:MAJ,V:MAJ,II:MAJ,V:MAJ,I:MIN,IV:MAJ,I:MIN,VI:MAJ,I:MIN,bI:AUG,III:MAJ,V:MAJ,I:MIN,V:DIM,I:MAJ,V:MAJ,I:MAJ
MAJOR;I:MAJ,V:MAJ,I:MAJ,V:MAJ,IV:MAJ,I:MAJ,IV:MAJ,V:MAJ,IV:MAJ,V:MAJ,#V:DIM,VI:MIN,II:MIN,#II:MAJ,VI:MIN,II:MAJ,V:MAJ,V:AUG,I:MAJ,V:MAJ,I:MAJ,V:MAJ,IV:MAJ,I:MAJ,IV:MAJ,V:MAJ,IV:MAJ,V:MAJ,#V:DIM,VI:MIN,II:MIN,#II:MAJ,VI:MIN,II:MAJ,V:MAJ,II:MIN,II:AUG,V:MAJ,II:MIN,V:MAJ,II:MIN,bII:AUG,IV:MAJ,VI:MIN,bVI:MAJ,III:MAJ,#V:MAJ,II:MAJ,I:MAJ,II:MIN,I:MAJ,IV:MAJ,II:MIN,IV:MAJ,I:MAJ,IV:MAJ,V:MAJ,VI:MIN,I:MAJ,VI:MIN,I:MAJ,VII:MAJ,III:MIN,III:DIM,VI:MAJ,II:DIM,V:MAJ,I:MAJ
MAJOR;I:MAJ,VI:MIN,I:MAJ,IV:MAJ,II:MIN,I:MAJ,VI:MIN,I:MAJ,VI:MIN,I:MAJ,IV:MAJ,II:MIN,IV:MAJ,I:MAJ,I:AUG,VI:MIN,I:AUG,VI:MIN,bVI:AUG,bVI:MAJ,bIII:AUG,V:MAJ,II:AUG,V:MAJ,III:MIN,bIII:AUG,V:MAJ,bIII:AUG,VI:MIN,#IV:DIM,VI:MIN,V:MAJ,VII:DIM,V:MAJ,II:DIM,V:MAJ,VII:DIM,II:DIM,VII:DIM,IV:MIN,VII:DIM,IV:MIN,VII:DIM,IV:MIN,VII:DIM,V:MAJ,VII:DIM,V:MAJ,VII:DIM,V:MAJ,VII:DIM,V:MAJ,IV:MIN,bVI:MAJ,II:DIM,V:MAJ,I:MAJ,IV:MAJ,II:MIN,I:MAJ,VI:MIN,I:MAJ,IV:MAJ,II:MIN,IV:MAJ,I:MAJ,VI:MIN,V:MAJ,VI:MIN,#IV:DIM,bVI:AUG,V:MAJ,V:AUG,I:MAJ,#IV:DIM,VI:MIN,bVI:AUG,V:MAJ,I:AUG,V:MAJ,IV:MIN,bII:MAJ,bVII:MAJ,bVI:MAJ,I:MAJ,IV:MAJ,IV:MIN,I:MAJ
MINOR;IV:MIN,I:MIN,V:MAJ,I:MIN,V:MIN,II:MAJ,V:MAJ,II:DIM,V:MAJ,II:DIM,V:MAJ,II:MIN,II:MAJ,V:MAJ,II:MIN,II:MAJ,V:MAJ,IV:MIN,V:MAJ,III:MIN,IV:MAJ,IV:MIN,I:MIN,V:MIN,#IV:DIM,V:MIN,I:MIN,IV:MAJ,VII:MAJ,III:MAJ,#VI:DIM,II:MAJ,#I:DIM,II:MAJ,#VI:MAJ,II:MAJ,II:MIN,#I:DIM,II:MIN,#VI:MAJ,II:MIN,VII:MAJ,V:MAJ,IV:MIN,I:MIN,V:MAJ,I:MIN,V:MIN,II:MAJ,V:MAJ,II:DIM,V:MAJ,II:DIM,V:MAJ,II:MIN,II:MAJ,V:MAJ,II:MIN,II:MAJ,V:MAJ,IV:MIN,V:MAJ,III:MIN,IV:MAJ,IV:MIN,I:MIN,V:MIN,#IV:DIM,V:MIN,I:MIN,IV:MAJ,VII:MAJ,III:MAJ,#VI:DIM,II:MAJ,#I:DIM,II:MAJ,#VI:MAJ,II:MAJ,II:MIN,#I:DIM,II:MIN,#VI:MAJ,II:MIN,VII:MAJ,V:MAJ,IV:MIN,I:MIN,V:MAJ,I:MIN,V:MIN,II:MAJ,V:MAJ,II:DIM,V:MAJ,II:DIM,V:MAJ,II:MIN,II:MAJ,V:MAJ,II:MIN,II:MAJ,V:MAJ,IV:MIN,V:MAJ,III:MIN,IV:MAJ,IV:MIN,I:MIN
MAJOR;I:MAJ,IV:MAJ,I:MAJ,IV:MAJ,I:MAJ,V:AUG,I:MAJ,III:MIN,VI:MIN,III:MIN,VI:MIN,III:MIN,VII:MAJ,III:MIN,VI:MAJ,II:MAJ,VI:MAJ,II:MAJ,VI:MIN,#IV:DIM,II:MAJ,V:MAJ,#IV:DIM,V:MAJ,#IV:DIM,V:MAJ,II:MIN,V:MAJ,IV:MAJ,V:MAJ,II:MIN,V:MIN,II:MAJ,bVII:MAJ,I:MAJ,V:MIN,IV:MAJ,VII:MAJ,IV:MIN,bVII:MAJ,IV:MIN,V:MAJ,bII:MAJ,V:MAJ,I:MAJ,IV:MAJ,I:MAJ,IV:MAJ,I:MAJ,V:AUG,I:MAJ,III:MIN,VI:MIN,III:MIN,VI:MIN,III:MIN,VII:MAJ,III:MIN,VI:MAJ,II:MAJ,VI:MAJ,II:MAJ,II:MIN,V:MAJ,II:MIN,V:MAJ,II:MIN,VII:DIM,V:MAJ,I:MAJ,VII:DIM,I:MAJ,VII:DIM,I:MAJ,II:MIN,V:MAJ,IV:MAJ,V:MAJ,II:MIN,V:MIN,II:MAJ,bVII:MAJ,I:MAJ,V:MIN,IV:MAJ,VII:MAJ,IV:MIN,bVII:MAJ,IV:MIN,V:MAJ,bII:MAJ,V:MAJ,I:MAJ,IV:MAJ,I:MAJ,IV:MAJ,I:MAJ,V:AUG,I:MAJ,III:MIN,VI:MIN,III:MIN,VI:MIN,III:MIN,VII:MAJ,III:MIN,VI:MAJ,II:MAJ,VI:MAJ,II:MAJ,II:MIN,V:MAJ,II:MIN,V:MAJ,II:MIN,VII:DIM,V:MAJ,I:MAJ,VII:DIM,I:MAJ,VII:DIM,I:MAJ
MINOR;I:MIN,V:MIN,II:DIM,V:MAJ,IV:MIN,I:MIN,V:DIM,I:MAJ,V:DIM,VII:DIM,VII:MAJ,III:MAJ,VII:DIM,bII:DIM,bII:MAJ,bV:MAJ,bII:DIM,I:MAJ,bII:DIM,I:MAJ,bII:MAJ,II:DIM,VI:MAJ,IV:MAJ,V:MAJ,I:MIN,V:MIN,II:DIM,V:MAJ,IV:MIN,I:MIN,V:DIM,I:MAJ,V:DIM,VII:DIM,VII:MAJ,III:MAJ,VII:DIM,bII:DIM,bII:MAJ,bV:MAJ,bII:DIM,I:MAJ,bII:DIM,I:MAJ,bII:MAJ,II:DIM,VI:MAJ,IV:MAJ,V:MAJ,I:MIN,V:MIN,II:DIM,V:MAJ,IV:MIN,I:MIN,V:DIM,I:MAJ,bII:MAJ,I:MIN,#VII:DIM,I:MAJ,#VII:DIM,I:MAJ,#VII:DIM,I:MAJ
MAJOR;I:MAJ,V:MAJ,I:MAJ,V:MAJ,I:MAJ,V:MAJ,I:MAJ,V:MAJ,I:MAJ,V:MAJ,I:MAJ,V:MAJ,I:MAJ,V:MAJ,I:MAJ
MINOR;I:MIN,IV:MIN,V:MAJ,I:MIN,V:MAJ,I:MIN,V:MAJ,I:MIN,IV:MIN,V:MIN,IV:MIN,I:MIN,V:MAJ,I:MIN,V:MAJ,I:MIN,V:MAJ,I:MIN,IV:MIN,V:MIN,IV:MIN,I:MIN,V:MAJ,I:MIN,V:MAJ,VI:MAJ,#VI:MAJ,V:MIN,V:AUG,I:MAJ,V:DIM,bII:MAJ,bV:MAJ,VI:MAJ,bII:MAJ,bV:MAJ,VI:MAJ,bII:MAJ,IV:MIN,V:MAJ,#VII:DIM,I:MIN,V:MAJ,I:MIN,V:MAJ,I:MIN,IV:MIN,V:MIN,IV:MIN,I:MIN,V:MAJ,I:MIN,V:MAJ,VI:MAJ,#VI:MAJ,V:MIN,V:AUG,I:MAJ,V:DIM,bII:MAJ,bV:MAJ,VI:MAJ,bII:MAJ,bV:MAJ,VI:MAJ,bII:MAJ,IV:MIN,V:MAJ,#VII:DIM,I:MIN,V:MAJ,I:MIN,V:MAJ,I:MIN,IV:MIN,V:MIN,IV:MIN,I:MIN,V:MAJ,I:MIN,V:MAJ,I:MIN
MAJOR;I:MAJ,II:MIN,V:MAJ,I:MAJ,II:MIN,V:MAJ,I:MAJ,VI:MIN,III:MIN,I:MAJ,V:MIN,VII:MIN,V:MAJ,VII:MIN,VI:MIN,#IV:DIM,I:MAJ,VII:MIN,III:MIN,#II:DIM,V:MAJ,#IV:MIN,VII:MIN,bVII:AUG,II:MIN,II:MAJ,II:MIN,II:MAJ,V:MIN,V:MAJ,V:MIN,V:MAJ,I:MAJ,II:MIN,V:MAJ,I:MAJ,II:MIN,V:MAJ,I:MAJ,VI:MIN,III:MIN,I:MAJ,V:MIN,VII:MIN,V:MAJ,VII:MIN,VI:MIN,#IV:DIM,I:MAJ,VII:MIN,III:MIN,#II:DIM,V:MAJ,#IV:MIN,VII:MIN,bVII:AUG,II:MIN,II:MAJ,II:MIN,II:MAJ,V:MIN,V:MAJ,V:MIN,V:MAJ,I:MAJ,II:MIN,V:MAJ,I:MAJ,II:MIN,V:MAJ,I:MAJ
MINOR;I:MIN,III:AUG,III:MAJ,#VI:DIM,III:AUG,II:DIM,V:MAJ,I:MIN,III:AUG,III:MAJ,#VI:DIM,III:AUG,II:DIM,V:MAJ,I:MIN,#VI:DIM,#VII:DIM,V:MAJ,I:MIN,#VI:DIM,#VII:DIM,V:MAJ,II:DIM,#VII:DIM,#I:DIM,#VI:MAJ,II:DIM,#VII:DIM,#I:DIM,#VI:MAJ,#III:DIM,#I:DIM,#II:DIM,#VII:MAJ,#II:DIM,#VII:MAJ,#II:DIM,#VII:MAJ,II:MAJ,#VII:DIM,V:MAJ,V:MIN,II:MAJ,bII:MAJ,I:MIN,III:AUG,III:MAJ,#VI:DIM,III:AUG,II:DIM,V:MAJ,I:MIN,III:AUG,III:MAJ,#VI:DIM,III:AUG,II:DIM,V:MAJ,I:MIN,#VI:DIM,#VII:DIM,V:MAJ,I:MIN,#VI:DIM,#VII:DIM,V:MAJ,II:DIM,#VII:DIM,#I:DIM,#VI:MAJ,II:DIM,#VII:DIM,#I:DIM,#VI:MAJ,#III:DIM,#I:DIM,#II:DIM,#VII:MAJ,#II:DIM,#VII:MAJ,#II:DIM,#VII:MAJ,II:MAJ,#VII:DIM,V:MAJ,V:MIN,II:MAJ,bII:MAJ,I:MIN,III:AUG,III:MAJ,#VI:DIM,III:AUG,II:DIM,V:MAJ,I:MIN,III:AUG,III:MAJ,#VI:DIM,III:AUG,II:DIM,V:MAJ,I:MIN
MINOR;I:MIN,bII:MIN,VI:MAJ,II:MAJ,V:MAJ,I:MIN,bII:MIN,VI:MAJ,II:MAJ,V:MAJ,I:MAJ,I:MIN,V:MAJ,#III:DIM,#VI:MAJ,II:MAJ,II:MIN,#VI:MAJ,#IV:DIM,#VII:MAJ,#V:DIM,#I:MAJ,VII:DIM,III:MAJ,VI:MIN,bIV:MAJ,bII:MAJ,#VII:MIN,V:MAJ,I:MIN,bII:MIN,VI:MAJ,II:MAJ,V:MAJ,V:DIM,I:MAJ,IV:MIN,V:MAJ,I:MIN,I:MAJ,IV:MIN,V:MAJ,I:MIN,I:MAJ,I:MIN
MAJOR;I:MAJ,IV:MAJ,V:MAJ,I:MAJ,IV:MAJ,II:MIN,I:MAJ,VII:DIM,I:MAJ,V:MAJ,II:MAJ,V:MAJ,II:MAJ,V:MAJ,I:MAJ,IV:MAJ,V:MAJ,I:MAJ,IV:MAJ,II:MIN,I:MAJ,VII:DIM,I:MAJ,V:MAJ,II:MAJ,V:MAJ,II:MAJ,V:MAJ,#V:DIM,IV:MAJ,VI:MIN,#II:DIM,III:MAJ,VII:MAJ,III:MAJ,VII:DIM,VI:DIM,I:MIN,#IV:DIM,V:MAJ,II:MAJ,V:MAJ,II:MAJ,V:MAJ,II:MIN,V:MAJ,II:MAJ,V:MAJ,II:MIN,V:MAJ,II:MAJ,V:MAJ,II:MIN,V:MAJ,II:MIN,V:MAJ,VII:DIM,I:MAJ,IV:MAJ,VI:MIN,IV:MAJ,VI:MIN,VII:DIM,III:MIN,V:MAJ,III:MIN,V:MAJ,VI:MIN,II:MIN,IV:MAJ,II:MIN,V:MAJ,VII:DIM,V:MAJ,I:MAJ,V:MAJ,I:MAJ,IV:MAJ,V:MAJ,III:MIN,IV:MAJ,II:MIN,V:MAJ,I:MAJ,II:MIN,VII:DIM,III:MIN,VI:MIN,II:MIN,V:MAJ,I:MAJ,IV:MAJ,V:MAJ,IV:MAJ,V:MAJ,III:MIN,IV:MAJ,II:MIN,V:MAJ,I:MAJ,II:MIN,VII:DIM,III:MIN,VI:MIN,II:MIN,V:MAJ,I:MAJ,IV:MAJ,V:MAJ,IV:MAJ,V:MAJ,III:MIN,IV:MAJ,II:MIN,V:MAJ,I:MAJ,II:MIN,VII:DIM,III:MIN,VI:MIN,II:MIN,V:MAJ,I:MAJ,IV:MAJ,V:MAJ,bVI:MAJ,IV:MIN,bVI:MAJ,IV:MIN,bVI:MAJ,IV:MIN,bVI:MAJ,IV:MIN,I:MAJ,IV:MAJ,I:MAJ,IV:MAJ,I:MAJ,IV:MAJ,I:MAJ,IV:MAJ,I:MAJ,IV:MAJ,I:MAJ,IV:MAJ,I:MAJ,IV:MAJ,I:MAJ,IV:MAJ,V:MAJ,I:MAJ,IV:MAJ,V:MAJ,I:MAJ,#V:DIM,IV:MAJ,VI:MIN,#II:DIM,III:MAJ,VII:MAJ,III:MAJ,VII:DIM,VI:DIM,I:MIN,#IV:DIM,V:MAJ,II:MAJ,V:MAJ,II:MAJ,V:MAJ,II:MIN,V:MAJ,II:MAJ,V:MAJ,II:MIN,V:MAJ,II:MAJ,V:MAJ,II:MIN,V:MAJ,II:MIN,V:MAJ,VII:DIM,I:MAJ,IV:MAJ,VI:MIN,IV:MAJ,VI:MIN,VII:DIM,III:MIN,V:MAJ,III:MIN,V:MAJ,VI:MIN,II:MIN,IV:MAJ,II:MIN,V:MAJ,VII:DIM,V:MAJ,I:MAJ,V:MAJ,I:MAJ,IV:MAJ,V:MAJ,III:MIN,IV:MAJ,II:MIN,V:MAJ,I:MAJ,II:MIN,VII:DIM,III:MIN,VI:MIN,II:MIN,V:MAJ,I:MAJ,IV:MAJ,V:MAJ,IV:MAJ,V:MAJ,III:MIN,IV:MAJ,II:MIN,V:MAJ,I:MAJ,II:MIN,VII:DIM,III:MIN,VI:MIN,II:MIN,V:MAJ,I:MAJ,IV:MAJ,V:MAJ,IV:MAJ,V:MAJ,III:MIN,IV:MAJ,II:MIN,V:MAJ,I:MAJ,II:MIN,VII:DIM,III:MIN,VI:MIN,II:MIN,V:MAJ,I:MAJ,IV:MAJ,V:MAJ,bVI:MAJ,IV:MIN,bVI:MAJ,IV:MIN,bVI:MAJ,IV:MIN,bVI:MAJ,IV:MIN,I:MAJ,IV:MAJ,I:MAJ,IV:MAJ,I:MAJ,IV:MAJ,I:MAJ,IV:MAJ,I:MAJ,IV:MAJ,I:MAJ,IV:MAJ,I:MAJ,IV:MAJ,I:MAJ,IV:MAJ,V:MAJ,I:MAJ,IV:MAJ,V:MAJ,I:MAJ,IV:MAJ,I:MAJ,V:MAJ,I:MAJ,IV:MAJ,I:MAJ,V:MAJ,I:MAJ
MINOR;I:MIN,II:MAJ,IV:MIN,V:MAJ,VI:MAJ,III:MAJ,IV:MIN,I:MIN,bII:MAJ,VI:MAJ,V:MAJ,bII:MAJ,V:MAJ,bII:MAJ,V:MAJ,bII:MAJ,V:MAJ,bII:MAJ,V:MAJ,bII:MAJ,V:MAJ,bII:MAJ,V:MAJ,#VII:DIM,#VII:MIN,V:MAJ,#VII:DIM,V:MIN,#VII:DIM,V:MAJ,#VII:MIN,#VII:DIM,III:MAJ,VI:MIN,V:MAJ,I:MIN,II:MAJ,IV:MIN,V:MAJ,I:MIN,VII:MAJ,VI:MAJ,V:MIN,IV:MIN,III:MAJ,V:MIN,VI:MAJ,V:MIN,IV:MIN,III:MAJ,bII:MAJ,I:MIN,V:MIN,I:MIN,VII:MAJ,VI:MAJ,V:MIN,IV:MIN,III:MAJ,V:MIN,VI:MAJ,V:MIN,IV:MIN,III:MAJ,bII:MAJ,I:MIN,V:MIN,bII:MAJ,V:MIN,bII:MAJ,V:MIN,bII:MAJ,V:MIN,bII:MAJ,V:MIN,bII:MAJ,V:MIN,bII:MAJ,I:MIN
MAJOR;I:MAJ,VI:MIN,I:MAJ,VI:MIN,I:MAJ,VI:MIN,VI:DIM,II:MAJ,V:MAJ,V:AUG,I:MAJ,VI:MIN,I:MAJ,VI:MIN,I:MAJ,VI:MIN,VI:DIM,II:MAJ,V:MAJ,bIII:MAJ,I:MAJ
MAJOR;I:MAJ,VI:MIN,I:MAJ,VI:MIN,I:MAJ,VI:MIN,VI:DIM,II:MAJ,V:MAJ,V:AUG,I:MAJ,VI:MIN,I:MAJ,VI:MIN,I:MAJ,VI:MIN,VI:DIM,II:MAJ,V:MAJ,I:MAJ,II:MAJ,V:MAJ,I:MAJ,II:MAJ,V:MAJ
MINOR;I:MIN,II:MAJ,IV:MIN,V:MAJ,VI:MAJ,III:MAJ,IV:MIN,I:MIN,bII:MAJ,VI:MAJ,V:MAJ,bII:MAJ,V:MAJ,bII:MAJ,V:MAJ,bII:MAJ,V:MAJ,bII:MAJ,V:MAJ,bII:MAJ,V:MAJ,bII:MAJ,V:MAJ,#VII:DIM,#VII:MIN,V:MAJ,#VII:DIM,V:MIN,#VII:DIM,V:MAJ,#VII:MIN,#VII:DIM,III:MAJ,VI:MIN,V:MAJ,I:MIN,II:MAJ,IV:MIN,V:MAJ,I:MIN,VII:MAJ,VI:MAJ,V:MIN,IV:MIN,III:MAJ,V:MIN,VI:MAJ,V:MIN,IV:MIN,III:MAJ,bII:MAJ,I:MIN,V:MIN,I:MIN,VII:MAJ,VI:MAJ,V:MIN,IV:MIN,III:MAJ,V:MIN,VI:MAJ,V:MIN,IV:MIN,III:MAJ,bII:MAJ,I:MIN,V:MIN,bII:MAJ,V:MIN,bII:MAJ,V:MIN,bII:MAJ,V:MIN,bII:MAJ,V:MIN,bII:MAJ,V:MIN,bII:MAJ,I:MIN
MAJOR;I:MAJ,VI:MIN,bVI:AUG,I:MAJ,VI:MIN,bVI:AUG,I:MAJ,#IV:DIM,VII:DIM,III:DIM,VI:DIM,#IV:MAJ,II:MAJ,bVI:MAJ,II:MAJ,III:MAJ,VI:DIM,II:MAJ,V:MAJ,VII:DIM,V:MAJ,II:DIM,bVII:MAJ,III:MAJ,bVI:MAJ,II:MAJ,V:MAJ,I:MAJ,VI:MIN,bVI:AUG,I:MAJ,VI:MIN,bVI:AUG,I:MAJ,#IV:DIM,VII:DIM,III:DIM,VI:DIM,#IV:MAJ,II:MAJ,V:MAJ,bII:MAJ,V:MAJ,VI:MAJ,II:DIM,V:MAJ,I:MAJ,IV:MAJ,bVII:MAJ,bIII:MAJ,II:MAJ,bII:MAJ,I:MAJ,VII:MAJ,bVII:MAJ,VI:MAJ,bVI:MAJ,V:MAJ,I:MAJ,IV:MAJ,IV:MIN,I:MAJ
MINOR;I:MIN,V:MAJ,I:MIN,V:MAJ,I:MIN,V:MAJ,I:MIN,V:MAJ,I:MIN,V:DIM,bII:MIN,VII:DIM,bIV:MIN,#VII:DIM,#IV:DIM,V:MAJ,I:MIN,V:MAJ,I:MIN,V:MAJ,I:MIN
MAJOR;I:MAJ,VI:MIN,VII:DIM,I:MAJ,V:MAJ,I:MAJ,IV:MAJ,I:MAJ,V:MAJ,I:MAJ,II:MAJ,V:MAJ,I:MAJ,II:MAJ,V:MAJ,II:MAJ,V:MAJ,II:MAJ,V:MAJ,II:MAJ,V:MAJ,II:MAJ,V:MAJ,I:MAJ,V:MAJ,I:MAJ,V:MAJ,I:MAJ,V:MAJ,I:MAJ,V:MAJ,bIII:MAJ,I:MIN,bIII:MAJ,I:MIN,IV:MAJ,V:MAJ,bIII:MAJ,I:MIN,bIII:MAJ,I:MIN,IV:MAJ,V:MAJ,I:MAJ,VI:MIN,VII:DIM,I:MAJ,V:MAJ,I:MAJ,IV:MAJ,I:MAJ,V:MAJ,I:MAJ,II:MAJ,V:MAJ,I:MAJ
MINOR;I:MIN,V:MAJ,I:MIN,V:MAJ,I:MIN,V:MAJ,I:MIN,V:MAJ,I:MIN,V:DIM,bII:MIN,VII:DIM,bIV:MIN,#VII:DIM,#IV:DIM,V:MAJ,I:MIN,V:MAJ,I:MIN,V:MAJ,I:MIN
MAJOR;I:MAJ,IV:MAJ,I:MAJ,IV:MAJ,I:MAJ,IV:MAJ,I:MAJ,IV:MAJ,I:MAJ,IV:MAJ,I:MAJ,IV:MAJ,I:MAJ,IV:MAJ,I:MAJ,IV:MAJ,I:MAJ,IV:MAJ,I:MAJ,IV:MAJ,I:MAJ,IV:MAJ,I:MAJ,IV:MAJ,VI:MIN,II:MIN,VI:MIN,II:MIN,V:MAJ,III:MIN,V:MAJ,III:MIN,V:MAJ,II:MIN,V:MAJ,II:MIN,V:MAJ,II:MIN,V:MAJ,II:MIN,V:MAJ,II:MIN,V:MAJ,II:MIN,V:MAJ,II:MAJ,V:MAJ,II:MAJ,V:MAJ,II:MAJ,V:MAJ,II:MAJ,V:MAJ,II:MIN,V:MAJ,II:MIN,V:MAJ,II:MIN,V:MAJ,II:MIN,V:MAJ,II:MIN,V:MAJ,II:MAJ,V:MAJ,II:MIN,V:MAJ,II:MAJ,V:MAJ,II:MIN,V:MAJ,II:MIN,V:MAJ,II:MIN,V:MAJ,II:MIN,V:MAJ,II:MAJ,V:MAJ,II:MIN,V:MAJ,II:MAJ,V:MAJ,II:MIN,V:MAJ,II:MIN,V:MAJ,II:MIN,V:MAJ,II:MIN,V:MAJ,II:MIN,V:MAJ,II:MIN,V:MAJ,II:MIN,V:MAJ,II:MIN,V:MAJ,II:MIN,V:MAJ,II:MIN,V:MIN,II:MIN,V:MAJ,II:MIN,V:MIN,II:MIN,V:MIN,II:MIN,V:MAJ,II:MIN,V:MAJ,II:MIN,V:MAJ,II:MIN,V:MAJ,I:MAJ,IV:MAJ,I:MAJ,IV:MAJ,I:MAJ,IV:MAJ,I:MAJ,IV:MAJ,I:MAJ,IV:MAJ,I:MAJ,IV:MAJ,I:MAJ,IV:MAJ,I:MAJ,IV:MAJ,I:MAJ,IV:MAJ,I:MAJ,IV:MAJ,I:MAJ,IV:MAJ,I:MAJ,IV:MAJ,I:MAJ,IV:MAJ,I:MAJ,IV:MAJ,I:MAJ,IV:MAJ,III:MAJ,VI:MAJ,III:MIN,II:MIN,I:MAJ,IV:MAJ,I:MAJ,IV:MAJ,I:MAJ,IV:MAJ,I:MAJ,IV:MAJ,I:MAJ,IV:MAJ,I:MAJ,IV:MAJ,I:MAJ,IV:MAJ,I:MAJ,IV:MAJ,I:MAJ
MINOR;I:MIN,II:DIM,#VII:DIM,I:MIN,V:MIN,VI:MAJ,V:MAJ,I:MIN,II:DIM,#VII:DIM,I:MIN,V:MAJ,I:MIN,V:MIN,IV:MAJ,I:MIN,V:MAJ,IV:MAJ,V:MAJ,bI:MIN,IV:MIN,VII:MAJ,IV:MIN,II:DIM,bII:MAJ,III:MAJ,I:MIN,II:DIM,#VII:DIM,I:MIN,#VI:DIM,VII:MIN,V:DIM,VI:MAJ,#IV:MAJ,II:DIM,#IV:MAJ,V:MAJ,I:MIN,II:DIM,#VII:DIM,I:MIN,V:MIN,VI:MAJ,V:MAJ,I:MIN,II:DIM,#VII:DIM,I:MIN,V:MAJ,VII:DIM,bII:MIN,bIV:MAJ,bVI:MIN,II:DIM,bV:MAJ,VII:MIN,#III:DIM,VI:MAJ,I:MIN,#IV:DIM,VI:MAJ,II:DIM,I:MIN,V:MAJ,#VII:DIM,IV:MIN,VI:MAJ,#VII:DIM,II:DIM,IV:MIN,#IV:DIM,V:MAJ,I:MIN,V:DIM,I:MAJ,bII:MAJ,II:MAJ,V:MAJ,I:MIN
MAJOR;I:MAJ,IV:MAJ,V:MAJ,I:MAJ,#I:DIM,VII:DIM,V:MAJ,#II:DIM,I:MAJ,IV:MAJ,V:MAJ,I:MAJ,#I:DIM,II:MAJ,V:MAJ,I:MAJ,IV:MAJ,V:MAJ,I:MAJ,#I:DIM,VII:DIM,V:MAJ,#II:DIM,I:MAJ,IV:MAJ,V:MAJ,I:MAJ,#I:DIM,II:MAJ,V:MAJ,IV:MAJ,VII:DIM,IV:MAJ,bII:MAJ,bV:MAJ,bIV:MAJ,bVII:DIM,bIV:MAJ,I:MAJ,IV:MAJ,bIII:MAJ,bVI:MAJ,bV:MAJ,I:MAJ,bVII:MAJ,bIII:MAJ,bII:MAJ,bV:MAJ,V:DIM
MAJOR;I:MAJ,IV:MAJ,V:MAJ,I:MAJ
MAJOR;I:MAJ,IV:MAJ,V:MAJ,I:MAJ,#I:DIM,VII:DIM,V:MAJ,#II:DIM,I:MAJ,II:MAJ,II:DIM,I:MAJ,#IV:DIM,V:MAJ,VII:DIM,I:MAJ,V:MAJ,IV:MAJ,VII:DIM,IV:MAJ,bII:MAJ,bV:MAJ,bIV:MAJ,bVII:DIM,bIV:MAJ,I:MAJ,IV:MAJ,bIII:MAJ,bVI:MAJ,bV:MAJ,I:MAJ,bVII:MAJ,bIII:MAJ,bII:MAJ,bV:MAJ,V:DIM
MAJOR;I:MAJ,IV:MAJ,V:MAJ,I:MAJ
MAJOR;I:MAJ,IV:MAJ,V:MAJ,I:MAJ,#I:DIM,VII:DIM,V:MAJ,#II:DIM,I:MAJ,II:MAJ,II:DIM,I:MAJ,#IV:DIM,V:MAJ,VII:DIM,I:MAJ
MINOR;I:MIN,II:DIM,#VII:DIM,I:MIN,V:MIN,VI:MAJ,V:MAJ,I:MIN,II:DIM,#VII:DIM,I:MIN,V:MAJ,I:MIN,V:MIN,IV:MAJ,I:MIN,V:MAJ,IV:MAJ,V:MAJ,bI:MIN,IV:MIN,VII:MAJ,IV:MIN,II:DIM,bII:MAJ,III:MAJ,I:MIN,II:DIM,#VII:DIM,I:MIN,#VI:DIM,VII:MIN,V:DIM,VI:MAJ,#IV:MAJ,II:DIM,#IV:MAJ,V:MAJ,I:MIN,II:DIM,#VII:DIM,I:MIN,V:MIN,VI:MAJ,V:MAJ,I:MIN,II:DIM,#VII:DIM,I:MIN,V:MAJ,VII:DIM,bII:MIN,bIV:MAJ,bVI:MIN,II:DIM,bV:MAJ,VII:MIN,#III:DIM,VI:MAJ,I:MIN,#IV:DIM,VI:MAJ,II:DIM,I:MIN,V:MAJ,#VII:DIM,IV:MIN,VI:MAJ,#VII:DIM,II:DIM,IV:MIN,#IV:DIM,V:MAJ,I:MIN,V:DIM,I:MAJ,bII:MAJ,II:MAJ,V:MAJ,I:MIN
MAJOR;I:MAJ,V:MAJ,I:MAJ,V:MAJ,I:MAJ,V:MAJ,#IV:DIM,V:MAJ,I:MAJ,V:MAJ,I:MAJ,V:MAJ,I:MAJ,V:MAJ,#IV:DIM,V:MAJ,I:MAJ,V:MAJ,#I:DIM,VI:DIM,V:MAJ,#I:DIM,VI:DIM,V:MAJ,II:MIN,IV:MAJ,#IV:DIM,bVI:MAJ,I:MIN,#I:DIM,bII:MAJ,V:MAJ,II:MIN,VI:MIN,I:MAJ,bI:AUG,bI:MAJ,bV:AUG,bVII:MAJ,bbVII:AUG,bbVII:MAJ,bIV:AUG,bVI:MAJ,IV:MIN,V:MAJ,VII:DIM,V:MAJ,I:MAJ,V:MAJ,I:MAJ,V:MAJ,I:MAJ,V:MAJ,#IV:DIM,V:MAJ,I:MAJ,V:MAJ,I:MAJ,V:MAJ,I:MAJ,V:MAJ,#IV:DIM,V:MAJ,I:MAJ,V:MAJ,#I:DIM,VI:DIM,V:MAJ,#I:DIM,VI:DIM,V:MAJ,II:MIN,IV:MAJ,#IV:DIM,bVI:MAJ,I:MIN,#I:DIM,bII:MAJ,V:MAJ,II:MIN,VI:MIN,I:MAJ,bI:AUG,bI:MAJ,bV:AUG,bVII:MAJ,bbVII:AUG,bbVII:MAJ,bIV:AUG,bVI:MAJ,IV:MIN,V:MAJ,VII:DIM,V:MAJ,I:MAJ,V:MAJ,I:MAJ,V:MAJ,I:MAJ,V:MAJ,#IV:DIM,V:MIN,I:MAJ,IV:MAJ,I:MAJ,IV:MAJ,I:MAJ,IV:MAJ,I:MIN,IV:MAJ,II:MAJ,V:MAJ,#IV:DIM,V:MAJ,I:MAJ,#I:DIM,II:MIN,#II:DIM,III:MIN,V:MAJ,I:MAJ,V:MAJ,I:MAJ,V:MAJ,I:MAJ,V:MAJ,I:MAJ,V:MAJ,I:MAJ,V:MAJ,I:MAJ,V:MAJ,IV:MAJ,IV:MIN,I:MAJ
MINOR;I:MIN,V:MAJ,#VII:DIM,VI:MAJ,VII:MAJ,IV:MIN,I:MAJ,IV:MAJ,#IV:MAJ,#VII:DIM,V:MAJ,I:MIN,VII:MAJ,VI:MAJ,V:MIN,IV:MIN,V:MAJ,I:MIN,V:MAJ,#I:DIM,#I:MAJ,II:MAJ,V:MAJ,VII:MAJ,#III:DIM,IV:MAJ,VII:MAJ,VI:MAJ,VII:MAJ,IV:MIN,VII:MAJ,V:MAJ,IV:MIN,V:MAJ,II:DIM,V:MAJ,II:DIM,V:MAJ,bIII:MAJ,VII:MIN,#IV:MAJ,#III:MIN,VII:DIM,#VI:MAJ,II:MAJ,V:MAJ,#VII:DIM,VI:MAJ,VII:MAJ,IV:MIN,I:MAJ,IV:MAJ,#IV:MAJ,#VII:DIM,V:MAJ,I:MIN,VII:MAJ,VI:MAJ,V:MIN,IV:MIN,V:MAJ,I:MIN,V:MAJ,#I:DIM,#I:MAJ,II:MAJ,V:MAJ,VII:MAJ,#III:DIM,IV:MAJ,VII:MAJ,VI:MAJ,VII:MAJ,IV:MIN,VII:MAJ,V:MAJ,IV:MIN,V:MAJ,II:DIM,V:MAJ,II:DIM,V:MAJ,bIII:MAJ,VII:MIN,#IV:MAJ,#III:MIN,VII:DIM,#VI:MAJ,II:MAJ,V:MAJ,#VII:DIM,VI:MAJ,VII:MAJ,IV:MIN,I:MAJ,IV:MAJ,#IV:MAJ,#VII:DIM,V:MAJ,I:MIN,VII:MAJ,VI:MAJ,V:MIN,IV:MIN,V:MAJ,I:MIN
MAJOR;V:MAJ,III:DIM,V:MIN,VI:MAJ,II:MAJ,V:MAJ,I:MAJ,VI:MIN,I:AUG,II:MIN,III:DIM,bVI:AUG,IV:MIN,II:MAJ,V:MAJ,I:MAJ,III:MIN,VII:MIN,II:MIN,VI:MIN,I:MIN,VII:MAJ,I:MIN,VII:MAJ,IV:MIN,III:MAJ,IV:MIN,III:MAJ,IV:MIN,II:DIM,IV:DIM,bVII:MAJ,II:DIM,V:MAJ,III:DIM,V:MIN,VI:MAJ,II:MAJ,V:MAJ,I:MAJ,VI:MIN,I:AUG,II:MIN,III:DIM,bVI:AUG,IV:MIN,II:MAJ,V:MAJ,I:MAJ,III:MIN,VII:MIN,II:MIN,VI:MIN,I:MIN,VII:MAJ,I:MIN,VII:MAJ,IV:MIN,III:MAJ,IV:MIN,III:MAJ,IV:MIN,II:DIM,IV:DIM,bVII:MAJ,II:DIM,V:MAJ,III:DIM,V:MIN,VI:MAJ,II:MAJ,V:MAJ,I:MAJ,VI:MIN,I:AUG,II:MIN,III:DIM,bVI:AUG,IV:MIN,II:MAJ,V:MAJ,I:MAJ,V:MAJ,I:MAJ
MAJOR;V:MAJ,II:MIN,V:MAJ,II:MIN,V:MAJ,II:MIN,V:MAJ,II:MIN,V:MAJ,I:MAJ,II:MAJ,V:MAJ,I:MAJ,VI:MIN,VII:MAJ,III:MIN,VI:MAJ,VII:MAJ,III:MIN,V:MAJ,II:MIN,V:MAJ,II:MIN,V:MAJ,II:MIN,V:MAJ,II:MIN,V:MAJ,I:MAJ,II:MAJ,V:MAJ,I:MAJ,VI:MIN,VII:MAJ,III:MIN,VI:MAJ,VII:MAJ,III:MIN,V:MAJ,II:MIN,V:MAJ,I:MAJ,V:MAJ,II:MIN,V:MAJ,IV:MAJ,II:MIN,V:MAJ,III:MIN,V:MAJ,I:MAJ,V:MAJ,IV:MIN,II:DIM,bVII:MAJ,bIII:MAJ,bIII:MIN,IV:MAJ,I:DIM,#IV:MIN,#V:MAJ,#II:DIM,II:MAJ,#IV:MAJ,II:MAJ,V:MAJ,II:MIN,V:MAJ,II:MIN,V:MAJ,II:MIN,V:MAJ,II:MIN,V:MAJ,I:MAJ,II:MAJ,V:MAJ,VII:MAJ,#I:DIM,V:MAJ,I:MAJ,IV:MAJ,V:MAJ,I:MAJ,V:MAJ,II:MIN,V:MAJ,I:MAJ,V:MAJ,II:MIN,V:MAJ,IV:MAJ,II:MIN,V:MAJ,III:MIN,V:MAJ,I:MAJ,V:MAJ,IV:MIN,II:DIM,bVII:MAJ,bIII:MAJ,bIII:MIN,IV:MAJ,I:DIM,#IV:MIN,#V:MAJ,#II:DIM,II:MAJ,#IV:MAJ,II:MAJ,V:MAJ,II:MIN,V:MAJ,II:MIN,V:MAJ,II:MIN,V:MAJ,II:MIN,V:MAJ,I:MAJ,II:MAJ,V:MAJ,VII:MAJ,#I:DIM,V:MAJ,I:MAJ,IV:MAJ,V:MAJ,I:MAJ,VI:DIM,II:DIM,I:MAJ,II:MAJ,IV:MIN,I:MAJ,I:MIN,V:MAJ,I:MAJ,VI:DIM,II:DIM,I:MAJ,II:MAJ,IV:MIN,I:MAJ,I:MIN,V:MAJ,I:MAJ,I:MIN,V:MAJ,I:MAJ,V:MAJ,I:MAJ,V:MAJ,I:MAJ
MINOR;IV:MIN,I:MIN,I:DIM,IV:MAJ,VI:MAJ,II:MAJ,V:MAJ,I:MIN,IV:MIN,III:MAJ,II:DIM,I:MIN,#VII:DIM,#VI:DIM,V:MAJ,#IV:MAJ,V:MAJ,#IV:MAJ,V:MAJ,IV:MIN,I:MIN,I:DIM,IV:MAJ,VI:MAJ,II:MAJ,V:MAJ,I:MIN
MAJOR;I:MAJ,II:MAJ,I:MAJ,II:MAJ,I:MAJ,V:MAJ,VI:MAJ,V:MAJ,IV:MAJ,V:MAJ,IV:MAJ,V:MAJ,IV:MAJ,I:MAJ,II:MAJ,I:MAJ,V:MAJ,II:MIN,V:MAJ,VII:MAJ,#IV:MIN,VII:MAJ,#IV:MIN,VII:MAJ,#IV:MIN,VII:MAJ,#IV:MIN,VII:MAJ,VI:MIN,V:MAJ,IV:MAJ,III:MIN,II:MIN,V:MAJ,I:MAJ,II:MAJ,I:MAJ,II:MAJ,I:MAJ,V:MAJ,VI:MAJ,V:MAJ,IV:MAJ,V:MAJ,IV:MAJ,V:MAJ,IV:MAJ,I:MAJ,II:MAJ,I:MAJ,V:MAJ,II:MIN,V:MAJ,VII:MAJ,#IV:MIN,VII:MAJ,#IV:MIN,VII:MAJ,#IV:MIN,VII:MAJ,#IV:MIN,VII:MAJ,VI:MIN,V:MAJ,IV:MAJ,III:MIN,II:MIN,V:MAJ,I:MAJ,II:MAJ,I:MAJ,II:MAJ,I:MAJ,V:MAJ,VI:MAJ,V:MAJ,IV:MAJ,V:MAJ,IV:MAJ,V:MAJ,IV:MAJ,I:MAJ,II:MAJ,I:MAJ
MINOR;IV:MIN,I:MIN,I:DIM,IV:MAJ,VI:MAJ,II:MAJ,V:MAJ,I:MIN,IV:MIN,III:MAJ,II:DIM,I:MIN,#VII:DIM,#VI:DIM,V:MAJ,#IV:MAJ,V:MAJ,#IV:MAJ,V:MAJ,IV:MIN,I:MIN,I:DIM,IV:MAJ,VI:MAJ,II:MAJ,V:MAJ,I:MIN
MINOR;#VII:DIM,I:MIN,V:MIN,VI:MAJ,V:MIN,IV:MIN,I:MIN,II:MAJ,#IV:DIM,V:MIN,II:MIN,III:MAJ,II:MIN,I:MIN,V:MIN,#VI:MAJ,III:MAJ,#VI:MAJ,III:MAJ,VI:MAJ,bII:MAJ,VI:MAJ,bII:MAJ,V:MAJ,#VII:DIM,IV:MIN,#VII:DIM,IV:MIN,#VII:DIM,bII:MAJ,IV:MIN,#VII:DIM,I:MIN,V:MIN,VI:MAJ,V:MIN,IV:MIN,I:MIN,II:MAJ,#IV:DIM,V:MIN,II:MIN,III:MAJ,II:MIN,I:MIN,V:MIN,#VI:MAJ,III:MAJ,#VI:MAJ,III:MAJ,VI:MAJ,bII:MAJ,V:MAJ,I:MAJ,IV:MAJ,I:MAJ,IV:MAJ,I:MAJ
MAJOR;V:MAJ,I:MAJ,II:MIN,VI:MIN,II:MIN,V:MAJ,I:MAJ,IV:MAJ,II:MIN,VII:DIM,I:MAJ,II:MAJ,V:MAJ,I:MAJ,#IV:DIM,VII:MIN,III:MIN,VI:MIN,VII:MAJ,III:MIN,VI:MIN,VII:MAJ,#IV:MAJ,VII:MAJ,III:MIN,VI:MIN,II:MAJ,V:MAJ,I:MAJ,II:MIN,VI:MIN,II:MIN,V:MAJ,I:MAJ,IV:MAJ,II:MIN,VII:DIM,I:MAJ,II:MAJ,V:MAJ,I:MAJ,#IV:DIM,VII:MIN,III:MIN,VI:MIN,VII:MAJ,III:MIN,VI:MIN,VII:MAJ,#IV:MAJ,VII:MAJ,III:MIN,VI:MIN,II:MAJ,V:MAJ,IV:MAJ,V:DIM,II:MAJ,bIII:MAJ,III:DIM,V:DIM,bV:MAJ,V:DIM,bVII:DIM,#I:MAJ,II:MAJ,V:MAJ,I:MAJ,II:MIN,VI:MIN,II:MIN,V:MAJ,I:MAJ,IV:MAJ,bVII:MAJ,V:MIN,III:DIM,IV:MAJ,V:MAJ,I:MAJ,IV:MAJ,VII:DIM,III:MIN,VI:MIN,II:MIN,III:MAJ,VI:MIN,II:MIN,III:MAJ,VII:MAJ,III:MAJ,VI:MIN,II:MIN,V:MAJ,I:MAJ,V:MAJ,IV:MAJ,V:DIM,II:MAJ,bIII:MAJ,III:DIM,V:DIM,bV:MAJ,V:DIM,bVII:DIM,#I:MAJ,II:MAJ,V:MAJ,I:MAJ,II:MIN,VI:MIN,II:MIN,V:MAJ,I:MAJ,IV:MAJ,bVII:MAJ,V:MIN,III:DIM,IV:MAJ,V:MAJ,I:MAJ,IV:MAJ,VII:DIM,III:MIN,VI:MIN,II:MIN,III:MAJ,VI:MIN,II:MIN,III:MAJ,VII:MAJ,III:MAJ,VI:MIN,II:MIN,V:MAJ,I:MAJ,III:DIM,I:MAJ,VI:DIM,II:DIM,bII:MAJ,VII:MAJ,bVII:MAJ,I:MAJ,IV:MAJ,I:MAJ
MAJOR;I:MAJ,II:MIN,V:MAJ,I:MAJ,V:MAJ,I:MAJ,VI:MIN,II:MAJ,V:MAJ,I:MAJ,V:MAJ,I:MAJ,VI:MIN,II:MAJ,V:MAJ,II:MAJ,V:MAJ,II:MAJ,V:MAJ,II:MAJ,V:MAJ,I:MAJ,V:MAJ,I:MAJ,VI:MIN,II:MAJ,V:MAJ,I:MAJ,V:MAJ,I:MAJ,VI:MIN,II:MAJ,V:MAJ,II:MAJ,V:MAJ,II:MAJ,V:MAJ,II:MAJ,V:MAJ,VII:DIM,V:MAJ,VI:MIN,IV:MAJ,V:MAJ,I:MAJ,V:MAJ,VI:MIN,V:MAJ,I:MAJ,IV:MAJ,I:MAJ,IV:MAJ,II:MIN,V:MAJ,I:MAJ,V:MAJ,I:MAJ,V:MAJ,I:MAJ,V:MAJ,I:MAJ,VII:DIM,V:MAJ,VI:MIN,IV:MAJ,V:MAJ,I:MAJ,V:MAJ,VI:MIN,V:MAJ,I:MAJ,IV:MAJ,I:MAJ,IV:MAJ,II:MIN,V:MAJ,I:MAJ,V:MAJ,I:MAJ,V:MAJ,I:MAJ,V:MAJ,I:MAJ,V:MAJ,I:MAJ,V:MAJ,I:MAJ
MINOR;I:MIN,V:MAJ,I:MIN,bI:AUG,III:MAJ,#VI:DIM,VI:MAJ,V:MAJ,I:MIN,V:MAJ,I:MIN,bI:AUG,III:MAJ,#VI:DIM,VI:MAJ,V:MAJ,I:MIN,VI:AUG,bII:MAJ,VII:MAJ,III:MIN,bI:AUG,bIV:MAJ,IV:MAJ,bI:MIN,IV:DIM,II:MAJ,VI:MIN,II:DIM,#VII:MAJ,IV:MIN,#VII:DIM,VII:MIN,IV:MAJ,IV:MIN,V:MAJ,I:MIN,V:MAJ,I:MIN,VI:MAJ,bII:MAJ,V:MAJ,#III:MIN,III:AUG,V:MAJ,I:MIN,V:MAJ,I:MIN,VI:AUG,bII:MAJ,VII:MAJ,III:MIN,bI:AUG,bIV:MAJ,IV:MAJ,bI:MIN,IV:DIM,II:MAJ,VI:MIN,II:DIM,#VII:MAJ,IV:MIN,#VII:DIM,VII:MIN,IV:MAJ,IV:MIN,V:MAJ,I:MIN,V:MAJ,I:MIN,VI:MAJ,bII:MAJ,V:MAJ,#III:MIN,III:AUG,V:MAJ,I:MIN,IV:MIN,IV:MAJ,I:MIN,IV:MIN,IV:MAJ,I:MIN,IV:MIN,I:MIN,IV:MIN,I:MIN,IV:MIN,I:MIN,VI:MAJ,I:MIN
MAJOR;I:MAJ,bI:MAJ,bI:MIN,bVII:MAJ,V:MAJ,III:MIN,V:MAJ,bIII:MAJ,I:MAJ,I:AUG,I:MAJ,bI:MAJ,bI:MIN,bVII:MAJ,V:MAJ,bIII:AUG,V:MAJ,I:MAJ,IV:MAJ,bIII:MAJ,VI:DIM,V:MAJ,III:MIN,V:MAJ,bIII:MAJ,I:MAJ,II:DIM,I:MAJ,II:DIM,I:MAJ
MAJOR;I:MAJ,II:MIN,V:MAJ,I:MAJ,II:MIN,V:MAJ,I:MAJ,V:MAJ,bVII:MAJ,bII:MAJ,bVI:MIN,bII:MAJ,bVI:MIN,bII:MAJ,V:MAJ,I:MAJ,II:MIN,V:MAJ,bVII:MAJ,I:MIN,IV:MAJ,bVI:MAJ,IV:MAJ,bVI:MAJ,IV:MAJ,bVI:MAJ,IV:MAJ,bVI:MAJ,IV:MAJ,bVI:MAJ,IV:MAJ,II:MIN,I:MAJ
MINOR;I:MIN,V:MAJ,IV:MIN,I:MIN,V:MIN,#VI:DIM,III:MAJ,I:MIN,II:MAJ,V:MIN,IV:MIN,I:MAJ,VII:MIN,IV:MIN,I:MIN,II:DIM,VI:MAJ,IV:MIN,V:MAJ,I:MIN,III:MAJ,VII:MAJ,#VII:DIM,I:MIN,V:MAJ,IV:MIN,I:MIN,II:DIM,VI:MAJ,IV:MIN,V:MAJ,I:MIN,III:MAJ,VII:MAJ,#VII:DIM,I:MIN,V:MAJ,IV:MIN,I:MIN,II:DIM,VI:MAJ,IV:MIN,V:MAJ,I:MIN,I:DIM,IV:MAJ,II:DIM,VI:MAJ,IV:MIN,V:MAJ
MAJOR;I:MAJ,II:MIN,V:MAJ,I:MAJ,II:MIN,V:MAJ,I:MAJ,V:MAJ,bVII:MAJ,bII:MAJ,bVI:MIN,bII:MAJ,bVI:MIN,bII:MAJ,V:MAJ,I:MAJ,II:MIN,V:MAJ,bVII:MAJ,I:MIN,IV:MAJ,bVI:MAJ,IV:MAJ,bVI:MAJ,IV:MAJ,bVI:MAJ,IV:MAJ,bVI:MAJ,IV:MAJ,bVI:MAJ,IV:MAJ,II:MIN,I:MAJ,V:MAJ,I:MAJ
MINOR;V:MAJ,I:MIN,V:MIN,#VI:DIM,VI:MAJ,V:MIN,IV:MIN,VII:MAJ,III:MAJ,bII:MAJ,V:MAJ,I:MIN,V:MAJ,#VI:DIM,V:MAJ,IV:MIN,VI:MAJ,VII:MAJ,I:MIN,bII:MAJ,V:MIN,V:MAJ,IV:MIN,V:MAJ,I:MIN,III:AUG,II:DIM,V:MAJ,I:MIN,V:MIN,#VI:DIM,VI:MAJ,V:MIN,IV:MIN,VI:MAJ,VII:MAJ,III:MAJ,bII:MAJ,IV:MIN,V:MAJ,I:MIN,V:MAJ,I:MIN,#VII:DIM,V:MAJ,I:MIN,V:MAJ,I:MIN,V:MAJ,I:DIM,IV:MAJ,IV:MIN,#VII:DIM,#VII:MAJ,IV:MIN
MAJOR;I:MAJ,II:MAJ,V:MAJ,I:MAJ,II:MAJ,V:MAJ,I:MAJ,II:MAJ,V:MAJ,I:MAJ,II:MAJ,V:MAJ,I:MAJ,IV:MAJ,I:MAJ,II:MIN,I:MAJ,VI:MIN,II:MAJ,V:MAJ,bVII:MAJ,IV:MAJ,V:MIN,IV:MAJ,II:MIN,V:MAJ,I:MAJ,IV:MAJ,I:MAJ,II:MIN,I:MAJ,VI:MIN,II:MAJ,V:MAJ,bVII:MAJ,IV:MAJ,V:MIN,IV:MAJ,II:MIN,V:MAJ,I:MAJ,II:MAJ,I:MAJ
MINOR;V:MAJ,I:MIN,V:MIN,#VI:DIM,VI:MAJ,V:MIN,IV:MIN,VII:MAJ,III:MAJ,bII:MAJ,V:MAJ,I:MIN,V:MAJ,#VI:DIM,V:MAJ,IV:MIN,VI:MAJ,VII:MAJ,I:MIN,bII:MAJ,V:MIN,V:MAJ,IV:MIN,V:MAJ,I:MIN,III:AUG,II:DIM,V:MAJ,I:MIN,V:MIN,#VI:DIM,VI:MAJ,V:MIN,IV:MIN,VI:MAJ,VII:MAJ,III:MAJ,bII:MAJ,IV:MIN,V:MAJ,I:MIN,V:MAJ,I:MIN,#VII:DIM,V:MAJ,I:MIN,V:MAJ,I:MIN,V:MAJ,I:DIM,IV:MAJ,IV:MIN,II:DIM,V:MAJ,I:MAJ,I:MIN,IV:MAJ,I:MIN
MAJOR;V:MAJ,I:MAJ,II:MIN,V:MAJ,I:MAJ,II:MIN,VII:DIM,I:MAJ,VI:MIN,V:MAJ,VI:MIN,IV:MAJ,V:MAJ,IV:MAJ,II:MIN,V:MAJ,I:MAJ,II:MIN,V:MAJ,I:MAJ,II:MAJ,V:MAJ,IV:MAJ,V:MAJ,IV:MAJ,II:MIN,V:MAJ,I:MAJ,III:MAJ,VI:MIN,VII:DIM,I:AUG,V:MAJ,#IV:DIM,VII:DIM,V:MAJ,III:MAJ,#I:DIM,#VI:MAJ,III:MAJ,VI:MAJ,II:MAJ,V:MAJ,I:MAJ,IV:MAJ,V:MAJ,#IV:DIM,V:MAJ,VI:MIN,V:MAJ,I:MAJ,VII:DIM,V:MAJ,I:MAJ,IV:MAJ,VI:MIN,V:MAJ,I:MAJ,III:MAJ,VI:MIN,VII:DIM,I:AUG,V:MAJ,#IV:DIM,VII:DIM,V:MAJ,III:MAJ,#I:DIM,#VI:MAJ,III:MAJ,VI:MAJ,II:MAJ,V:MAJ,I:MAJ,IV:MAJ,V:MAJ,#IV:DIM,V:MAJ,VI:MIN,V:MAJ,I:MAJ,VII:DIM,V:MAJ,I:MAJ,IV:MAJ,VI:MIN,V:MAJ,I:MAJ,II:MIN,V:MAJ,I:MAJ
MINOR;V:MIN,I:MIN,II:DIM,I:MIN,V:MIN,I:MIN,V:MIN,I:MIN,V:MIN,I:MIN,V:MIN,V:MAJ,I:DIM,IV:MAJ,VI:MAJ,I:MIN
MINOR;I:MIN,V:MIN,I:MIN,V:MIN,I:MIN,V:MIN,V:MAJ,I:DIM,IV:MAJ,VI:MAJ,I:MIN
MINOR;I:DIM,IV:MIN,I:DIM,IV:MIN,I:DIM,IV:MIN,VII:MIN,I:DIM,II:DIM,V:MIN,II:DIM,V:MIN,II:DIM,V:MIN,I:MIN,II:DIM,I:MIN,II:MAJ,#IV:DIM,#VII:DIM,I:MIN,V:MIN,I:MIN,V:MIN,I:MIN,V:MIN,V:MAJ,I:DIM,IV:MAJ,VI:MAJ,I:MIN,I:DIM,IV:MIN,I:DIM,IV:MIN,I:DIM,IV:MIN,VII:MIN,I:DIM,II:DIM,V:MIN,II:DIM,V:MIN,II:DIM,V:MIN,I:MIN,II:DIM,I:MIN,II:MAJ,#IV:DIM,#VII:DIM,I:MIN,V:MIN,I:MIN,V:MIN,I:MIN,V:MIN,V:MAJ,I:DIM,IV:MAJ,VI:MAJ,I:MIN
MAJOR;V:MAJ,#VI:DIM,V:MAJ,#VI:DIM,V:MAJ,bVII:MAJ,#I:DIM,bVII:MAJ,#I:DIM,bVII:MAJ,bII:MAJ,III:DIM,bII:MAJ,V:MAJ,#IV:DIM,I:MAJ,bVI:MAJ,V:MAJ,I:MAJ,V:MAJ,V:MIN,V:MAJ,I:MAJ,#IV:MAJ
MAJOR;I:MAJ,V:MAJ,I:MAJ,V:MAJ,I:MAJ
MAJOR;VII:MIN,V:MAJ,#VI:DIM,V:MAJ,#VI:DIM,V:MAJ,bVII:MAJ,#I:DIM,bVII:MAJ,#I:DIM,bVII:MAJ,bII:MAJ,III:DIM,bII:MAJ,V:MAJ,#IV:DIM,I:MAJ,bVI:MAJ,V:MAJ,I:MAJ,V:MAJ,V:MIN,V:MAJ,I:MAJ,#IV:MAJ
MAJOR;I:MAJ,V:MAJ,I:MAJ,V:MAJ,I:MAJ
MAJOR;VII:MIN,V:MAJ,#VI:DIM,V:MAJ,#VI:DIM,V:MAJ,bVII:MAJ,#I:DIM,bVII:MAJ,#I:DIM,bVII:MAJ,bII:MAJ,III:DIM,bII:MAJ,V:MAJ,#IV:DIM,I:MAJ,bVI:MAJ,V:MAJ,I:MAJ
MINOR;I:MIN,IV:MIN,V:MAJ,I:MIN,IV:MIN,II:DIM,III:MAJ,V:MAJ,I:MIN,IV:MIN,VII:MAJ,V:MAJ,I:MIN,V:MAJ,I:MIN,IV:MIN,V:MAJ,I:MIN,IV:MIN,II:DIM,III:MAJ,V:MAJ,I:MIN,IV:MIN,VII:MAJ,V:MAJ,I:MIN,V:MAJ,I:MIN,IV:MAJ,I:MIN,IV:MAJ,I:MIN,IV:MAJ,VII:MAJ,II:MIN,VII:MIN,III:MAJ,VII:MIN,III:MAJ,VII:MIN,III:MAJ,VI:MAJ,#VII:MAJ,V:MAJ,I:MIN,VI:MAJ,IV:MIN,II:DIM,V:MAJ,I:MIN,VII:MAJ,II:DIM,V:MAJ,I:MAJ,IV:MIN,VII:MAJ,VI:MAJ,V:MAJ,V:MIN,#VI:MAJ,#IV:MAJ,V:MAJ,I:MIN,IV:MAJ,I:MIN,IV:MAJ,I:MIN,IV:MAJ,VII:MAJ,II:MIN,VII:MIN,III:MAJ,VII:MIN,III:MAJ,VII:MIN,III:MAJ,VI:MAJ,#VII:MAJ,V:MAJ,I:MIN,VI:MAJ,IV:MIN,II:DIM,V:MAJ,I:MIN,VII:MAJ,II:DIM,V:MAJ,I:MAJ,IV:MIN,VII:MAJ,VI:MAJ,V:MAJ,V:MIN,#VI:MAJ,#IV:MAJ,V:MAJ,I:MIN
MAJOR;I:MAJ,VI:MIN,I:MAJ,VI:MIN,II:MAJ,V:MAJ,IV:MAJ,II:MIN,IV:MAJ,V:MAJ,I:MAJ,VI:MIN,I:MAJ,VI:MIN,II:MAJ,V:MAJ,IV:MAJ,II:MIN,IV:MAJ,V:MAJ,I:MAJ,V:MAJ,VI:MIN,V:MAJ,VI:MIN,#IV:DIM,V:MAJ,bV:AUG,bVII:MAJ,IV:MAJ,bVII:MAJ,I:MIN,bVII:MAJ,I:MIN,VI:DIM,bVII:MAJ,bII:AUG,bII:MAJ,bVI:MAJ,bII:MAJ,bV:MAJ,bI:MAJ,bVI:MAJ,bIII:MIN,bVI:MAJ,bII:MAJ,bV:MAJ,bIII:DIM,V:MAJ,I:MAJ,VI:MIN,I:MAJ,VI:MIN,II:MAJ,V:MAJ,IV:MAJ,II:MIN,IV:MAJ,V:MAJ,I:MAJ
MAJOR;I:MAJ,V:MAJ,VI:MIN,II:MAJ,V:MAJ,IV:MAJ,VI:MIN,III:MIN,V:MAJ,II:MIN,V:MAJ,I:MAJ,III:MAJ,#I:MAJ,#IV:MAJ,#IV:MIN,VII:MAJ,III:MAJ,I:MAJ,VI:MAJ,II:MAJ,II:MIN,V:MAJ,I:MAJ,V:MAJ,VI:MIN,II:MAJ,V:MAJ,IV:MAJ,VI:MIN,III:MIN,V:MAJ,II:MIN,V:MAJ,I:MAJ
MAJOR;I:MAJ,VI:MIN,I:MAJ,VI:MIN,II:MAJ,V:MAJ,IV:MAJ,II:MIN,IV:MAJ,V:MAJ,I:MAJ,VI:MIN,I:MAJ,VI:MIN,II:MAJ,V:MAJ,IV:MAJ,II:MIN,IV:MAJ,V:MAJ,I:MAJ,V:MAJ,VI:MIN,V:MAJ,VI:MIN,#IV:DIM,V:MAJ,bV:AUG,bVII:MAJ,IV:MAJ,bVII:MAJ,I:MIN,bVII:MAJ,I:MIN,VI:DIM,bVII:MAJ,bII:AUG,bII:MAJ,bVI:MAJ,bII:MAJ,bV:MAJ,bI:MAJ,bVI:MAJ,bIII:MIN,bVI:MAJ,bII:MAJ,bV:MAJ,bIII:DIM,V:MAJ,I:MAJ,VI:MIN,I:MAJ,VI:MIN,II:MAJ,V:MAJ,IV:MAJ,II:MIN,IV:MAJ,V:MAJ,I:MAJ,IV:MAJ,V:MAJ,I:MAJ,IV:MAJ,V:MAJ,I:MAJ,IV:MAJ,I:MAJ,IV:MAJ,I:MAJ
MAJOR;I:MAJ,VI:MIN,I:MAJ,IV:MAJ,I:MAJ,IV:MAJ,V:MAJ,II:MIN,V:MAJ,III:MIN,I:MAJ,III:MIN,VI:MIN,VII:MIN,II:MAJ,V:MAJ,I:MAJ,II:MAJ,V:MAJ,I:MAJ,VI:MIN,I:MAJ,IV:MAJ,I:MAJ,IV:MAJ,V:MAJ,II:MIN,V:MAJ,III:MIN,I:MAJ,III:MIN,VI:MIN,VII:MIN,II:MAJ,V:MAJ,I:MAJ,II:MAJ,V:MAJ,II:MIN,V:MAJ,II:MIN,V:MAJ,II:MIN,IV:MAJ,II:MIN,V:MAJ,II:MIN,IV:MAJ,#IV:DIM,V:MAJ,II:MIN,V:MAJ,II:MIN,V:MAJ,II:MIN,V:MAJ,II:MIN,V:MAJ,I:MAJ,VI:MIN,I:MAJ,VI:MIN,I:MAJ,VII:MAJ,#II:MAJ,I:MAJ,IV:MAJ,V:MAJ,I:MAJ,V:MAJ,II:MIN,V:MAJ,II:MIN,V:MAJ,II:MIN,IV:MAJ,II:MIN,V:MAJ,II:MIN,IV:MAJ,#IV:DIM,V:MAJ,II:MIN,V:MAJ,II:MIN,V:MAJ,II:MIN,V:MAJ,II:MIN,V:MAJ,I:MAJ,VI:MIN,I:MAJ,VI:MIN,I:MAJ,VII:MAJ,#II:MAJ,I:MAJ,IV:MAJ,V:MAJ,I:MAJ
MAJOR;I:MAJ,VI:MIN,II:MAJ,V:MAJ,I:MAJ,VI:MIN,II:MAJ,V:MAJ,VI:MIN,IV:MAJ,I:MAJ,VI:MIN,IV:MAJ,I:MAJ,VI:MIN,IV:MAJ,V:MAJ,I:MAJ,VI:MIN,II:MAJ,V:MAJ,I:MAJ,VI:MIN,II:MAJ,V:MAJ,VI:MIN,IV:MAJ,I:MAJ,VI:MIN,IV:MAJ,I:MAJ,VI:MIN,IV:MAJ,V:MAJ,I:MAJ,III:MIN,II:MIN,IV:MAJ,V:MAJ,I:MAJ,III:MIN,IV:MAJ,VII:DIM,II:MAJ,III:MAJ,VI:MIN,III:MAJ,VI:MIN,III:MAJ,VI:MIN,III:MAJ,VI:MIN,III:MAJ,VI:MIN,III:MAJ,I:MAJ,VI:MIN,II:MAJ,V:MAJ,I:MAJ,VI:MIN,II:MAJ,V:MAJ,VI:MIN,IV:MAJ,I:MAJ,VI:MIN,IV:MAJ,I:MAJ,VI:MIN,IV:MAJ,V:MAJ,I:MAJ,VI:MIN,IV:MAJ,I:MAJ,VI:MIN,IV:MAJ,I:MAJ,VI:MIN,IV:MAJ,V:MAJ,VI:MIN,IV:MAJ,V:MAJ,VI:MIN,IV:MAJ,V:MAJ,I:MAJ,III:MIN,II:MIN,IV:MAJ,V:MAJ,I:MAJ,III:MIN,IV:MAJ,VII:DIM,II:MAJ,III:MAJ,VI:MIN,III:MAJ,VI:MIN,III:MAJ,VI:MIN,III:MAJ,VI:MIN,III:MAJ,VI:MIN,III:MAJ,I:MAJ,VI:MIN,II:MAJ,V:MAJ,I:MAJ,VI:MIN,II:MAJ,V:MAJ,VI:MIN,IV:MAJ,I:MAJ,VI:MIN,IV:MAJ,I:MAJ,VI:MIN,IV:MAJ,V:MAJ,I:MAJ,VI:MIN,IV:MAJ,I:MAJ,VI:MIN,IV:MAJ,I:MAJ,VI:MIN,IV:MAJ,V:MAJ,VI:MIN,IV:MAJ,V:MAJ,VI:MIN,IV:MAJ,V:MAJ,I:MAJ
MAJOR;I:MAJ,V:AUG,I:MAJ,II:MIN,II:DIM,V:MAJ,I:MAJ,IV:MAJ,VII:DIM,III:MAJ,III:MIN,I:MAJ,III:MIN,#I:DIM,V:MAJ,bIII:MAJ,VI:MIN,II:MAJ,V:MAJ,I:MAJ,V:MAJ,I:DIM,V:MAJ,bIII:MAJ,V:MIN,bVII:MAJ,II:MIN,V:MAJ,I:MAJ,IV:MAJ,II:DIM,bVII:MAJ,bIII:MAJ,#I:MAJ,V:MAJ
MAJOR;I:MAJ,V:AUG,V:MAJ,V:MIN,V:AUG,V:MIN,#I:DIM,VI:MAJ,#VII:DIM,#V:MAJ,#I:MIN,VI:MAJ,II:MIN,V:MIN,V:AUG,I:MAJ,II:MIN
MAJOR;V:MAJ,I:MAJ,V:AUG,I:MAJ,II:MIN,II:DIM,V:MAJ,I:MAJ,IV:MAJ,VII:DIM,III:MAJ,VI:MIN,IV:MAJ,VI:MIN,#IV:DIM,I:MAJ,bVI:MAJ,II:MIN,V:MAJ,I:MAJ,IV:MAJ,I:MAJ,IV:DIM,I:MAJ
MINOR;V:MAJ,I:MIN,V:MIN,V:MAJ,VI:MAJ,V:MAJ,V:DIM,I:MIN,II:MAJ,V:MAJ,I:MIN,#VI:DIM,V:MAJ,I:MIN,II:DIM,V:MAJ,bV:MAJ,IV:MAJ,bIV:MAJ,III:MAJ,V:MAJ,V:DIM,I:MIN,V:MIN,V:MAJ,I:MIN,V:MAJ,I:MIN,V:MAJ,I:MIN,V:MAJ,I:MIN,V:MAJ,I:MIN,V:MAJ,I:MIN,V:MAJ,I:MIN,V:MAJ,I:MIN,V:MAJ,I:MIN,#VI:DIM,IV:MAJ,#IV:MAJ,I:MIN,#VI:MAJ,V:MAJ,I:MIN,VI:MAJ,II:MAJ,I:MIN,I:DIM,#VII:DIM,VII:DIM,#VI:DIM,V:MAJ,V:MIN,V:MAJ,I:MIN,V:MAJ,I:MIN,IV:MAJ,II:MIN,I:MIN
MAJOR;I:MAJ,IV:MAJ,I:MAJ,II:MIN,VII:DIM,I:MAJ,V:MAJ,I:MAJ,IV:MAJ,I:MAJ,II:MIN,VII:DIM,I:MAJ,V:MAJ,VI:MIN,II:MAJ,III:MIN,IV:MAJ,VII:DIM,VI:MIN,#IV:DIM,VI:MIN,III:MIN,II:MAJ,V:MAJ,II:MIN,V:MAJ,II:MIN,V:MAJ,V:MIN,I:MAJ,V:MIN,I:MAJ,IV:MAJ,VII:DIM,III:MIN,VI:MIN,II:MIN,V:MAJ,I:MAJ,IV:MAJ,VII:DIM,III:MAJ,VI:MAJ,II:MAJ,bVI:MAJ,I:MAJ,IV:MAJ,III:MIN,I:MAJ,V:MAJ,I:MAJ,II:MIN,V:MAJ,I:MAJ,V:MAJ,I:MAJ,VII:DIM,V:MAJ,II:MIN,V:MAJ,I:MAJ,II:MIN,V:MAJ,I:MAJ,II:MIN,V:MAJ,I:MAJ,II:MIN,V:MAJ,I:MAJ,V:MIN,I:MAJ
MINOR;V:MAJ,VI:MAJ,V:MAJ,I:MAJ,IV:MAJ,VII:MAJ,bII:MAJ,V:MAJ,#IV:MAJ,#VII:MAJ,III:MAJ,V:MAJ,I:MIN,VI:MAJ,V:DIM,VII:MIN,#VI:DIM,#VI:MAJ,#V:DIM,#VI:MAJ,##VI:DIM,#VII:MAJ,##VI:DIM,#VII:MAJ,I:DIM,bII:MAJ,V:MAJ,I:MAJ,IV:MAJ,VII:MAJ,bII:MAJ,V:MAJ,#IV:MAJ,#VII:MAJ,III:MAJ,V:MAJ,I:MIN,VI:MAJ,V:DIM,VII:MIN,#VI:DIM,#VI:MAJ,#V:DIM,#VI:MAJ,##VI:DIM,#VII:MAJ,##VI:DIM,#VII:MAJ,I:DIM,bII:MAJ,V:MAJ,I:MAJ,IV:MAJ,VII:MAJ,bII:MAJ,V:MAJ,#IV:MAJ,#VII:MAJ,III:MAJ,V:MAJ,I:MIN,#VII:MAJ,I:MIN,#VII:MAJ,I:MIN,V:MAJ,I:MIN
MINOR;V:MAJ,I:MIN,#VI:DIM,VI:MAJ,V:MIN,IV:MIN,V:MAJ,#VII:DIM,bII:MAJ,VI:MAJ,VII:MAJ,IV:MIN,V:MAJ,I:MIN,V:MAJ,VI:MAJ,I:MIN,II:MIN,III:MAJ,IV:MIN,V:MIN,III:MAJ,bII:MAJ,V:DIM,VI:MAJ,VII:MAJ,III:MAJ,IV:MIN,V:MAJ,I:MIN,VII:MAJ,III:MAJ,#VI:DIM,VII:MAJ,VI:MAJ,II:DIM,III:MAJ,VII:MAJ,I:MIN,VII:MAJ,VI:MAJ,V:MIN,IV:MIN,V:MAJ,I:MIN,#VI:DIM,VI:MAJ,V:MIN,IV:MIN,V:MAJ,#VII:DIM,bII:MAJ,VI:MAJ,VII:MAJ,IV:MIN,V:MAJ
MAJOR;I:MAJ,II:MIN,I:MAJ,II:MIN,V:MAJ,I:MAJ,V:MAJ,VI:MIN,V:MAJ,VI:MIN,II:MAJ,V:MAJ
MINOR;I:MIN,IV:MAJ,I:MIN,V:MAJ,V:MIN,I:MAJ,V:MIN,II:MAJ,II:MIN,V:MAJ,II:MIN,#VI:MAJ,#VI:MIN,II:MAJ,#VI:MIN,II:MAJ,#VI:MIN,II:MAJ,#VI:MIN,II:MAJ,#VI:MIN,II:MAJ,#VI:MIN,II:MAJ
MAJOR;V:MAJ,I:MAJ,II:MIN,I:MAJ,II:MIN,V:MAJ,I:MAJ,V:MAJ,I:MAJ,V:MAJ,I:MAJ,V:MAJ
MINOR;I:MIN,#VI:DIM,VI:MAJ,V:MIN,IV:MIN,V:MAJ,#VII:DIM,bII:MAJ,VI:MAJ,VII:MAJ,IV:MIN,V:MAJ,I:MIN,V:MAJ,VI:MAJ,I:MIN,II:MIN,III:MAJ,IV:MIN,V:MIN,III:MAJ,bII:MAJ,V:DIM,VI:MAJ,VII:MAJ,III:MAJ,IV:MIN,V:MAJ,I:MIN,VII:MAJ,III:MAJ,#VI:DIM,VII:MAJ,VI:MAJ,II:DIM,III:MAJ,VII:MAJ,I:MIN,VII:MAJ,VI:MAJ,V:MIN,IV:MIN,V:MAJ,I:MIN,#VI:DIM,VI:MAJ,V:MIN,IV:MIN,V:MAJ,#VII:DIM,bII:MAJ,VI:MAJ,VII:MAJ,IV:MIN,V:MAJ,I:MIN
MAJOR;I:MAJ,IV:MAJ,I:MAJ,IV:MAJ,I:MAJ,III:MIN,VI:MIN,II:DIM,VI:MIN,II:DIM,VI:MIN,II:MAJ,V:MAJ,II:MIN,V:MAJ,II:MIN,#V:MAJ,#II:MIN,#V:MAJ,#II:MIN,VI:MAJ,III:MIN,#II:MAJ,#VI:MIN,VI:MAJ,#I:MAJ,V:MAJ,I:MAJ,VII:MAJ,I:MAJ,VII:MAJ,VI:MIN,II:MAJ,V:MAJ,IV:MAJ,III:MAJ,IV:MAJ,III:MAJ,II:MIN,V:MAJ,I:MAJ,IV:MAJ,III:MAJ,VI:MIN,II:MAJ,V:MAJ,I:MAJ,V:MAJ,II:MIN,V:MAJ,II:MIN,#V:MAJ,#II:MIN,#V:MAJ,#II:MIN,VI:MAJ,III:MIN,#II:MAJ,#VI:MIN,VI:MAJ,#I:MAJ,V:MAJ,I:MAJ,VII:MAJ,I:MAJ,VII:MAJ,VI:MIN,II:MAJ,V:MAJ,IV:MAJ,III:MAJ,IV:MAJ,III:MAJ,II:MIN,V:MAJ,I:MAJ,IV:MAJ,III:MAJ,VI:MIN,II:MAJ,V:MAJ,I:MAJ
MINOR;I:MIN,II:MAJ,IV:MIN,V:MAJ,III:MAJ,VII:MAJ,VI:MAJ,III:MAJ,II:DIM,I:MIN,VII:MAJ,VI:MAJ,V:MIN,#VII:DIM,V:MAJ,VI:DIM,#VII:DIM,II:DIM,VII:MAJ,#VII:DIM,II:DIM,IV:DIM,#I:MAJ,II:DIM,IV:DIM,#V:DIM,#III:MAJ,IV:DIM,#V:DIM,#VII:DIM,V:MAJ,II:DIM,VII:MAJ,IV:DIM,#I:MAJ,#V:DIM,#III:MAJ,#VI:MAJ,#III:MAJ,#VI:MAJ,#III:MAJ,#VI:MAJ,#III:MAJ,#VI:MAJ,#V:MAJ,#I:MAJ,#V:MAJ,#I:MAJ,V:MAJ,#I:MAJ,V:MAJ,#I:MAJ,V:MAJ,I:MIN,II:MAJ,IV:MIN,V:MAJ,VI:MAJ,III:MAJ,bII:MAJ,VI:MAJ,V:MIN,IV:MAJ,III:MAJ,II:DIM,bII:MAJ,I:MIN
MAJOR;II:MIN,V:MAJ,I:MAJ,II:MIN,I:MAJ,II:MAJ,V:MAJ,I:MAJ,II:MIN,I:MAJ,V:MAJ,I:MAJ,V:MAJ,VI:MAJ,II:MAJ,VI:MAJ,II:MAJ,V:MIN,#IV:DIM,V:MIN,I:MAJ,IV:MAJ,IV:MIN,III:DIM,IV:MIN,bVII:MAJ,bIII:MAJ,bIII:MIN,bVI:MAJ,II:MAJ,V:MAJ,II:MIN,V:MAJ,I:MAJ,II:MIN,I:MAJ,II:MAJ,V:MAJ,I:MAJ,II:MIN,I:MAJ,V:MAJ,III:MIN,II:MIN,V:MAJ,IV:MIN,bII:MAJ,V:MAJ,I:MAJ,V:MIN,I:MAJ,V:MIN,I:MAJ,V:MIN,I:MAJ,V:MIN,I:MAJ,VI:MIN,III:MAJ,V:MAJ,IV:MAJ,bVII:MAJ,I:MAJ,V:MIN,I:MAJ,bV:MAJ,I:MAJ
MAJOR;V:MAJ,I:MAJ,V:MAJ,I:MAJ,VI:MIN,V:MAJ,I:MAJ,V:MAJ,I:MAJ,VI:MIN,V:MAJ,I:MAJ,V:MAJ,II:MAJ,V:MAJ,I:MAJ,V:MAJ,II:MIN,VI:MAJ,II:MAJ,V:MAJ,II:MAJ,#II:DIM,#IV:DIM,#II:DIM,II:MAJ,#II:DIM,#IV:DIM,II:MAJ,#II:DIM,#IV:DIM,#II:DIM,II:MAJ,#II:DIM,#IV:DIM,II:MAJ,I:MAJ,II:MAJ,I:MAJ,II:MAJ,I:MAJ,II:MAJ,I:MAJ,II:MAJ,I:MAJ,II:MAJ,I:MAJ,II:MAJ,I:MAJ,II:MAJ,V:MAJ,IV:MAJ,V:MAJ,IV:MAJ,V:MAJ,IV:MAJ,V:MAJ,IV:MAJ,V:MAJ,IV:MAJ,V:MAJ,IV:MAJ,V:MAJ,IV:MAJ,V:MAJ,IV:MAJ,V:MAJ,II:MAJ,V:MAJ,II:MAJ,V:MAJ,II:MAJ,V:MAJ,II:MAJ,V:MAJ,II:MAJ,V:MAJ,II:MAJ,V:MAJ,bII:MAJ,V:MAJ,bII:MAJ,V:MAJ,bII:MAJ,V:MAJ,bII:MAJ,V:MAJ,bII:MAJ,IV:MAJ,II:MIN,III:MIN,I:MAJ,II:MIN,VI:MIN,VII:DIM,I:MAJ,IV:MAJ,II:MIN,III:MIN,I:MAJ,II:MIN,VI:MIN,VII:DIM,I:MAJ,IV:MAJ,II:MIN,I:MAJ,IV:MAJ,V:MAJ,I:MAJ,VI:MIN,V:MAJ,I:MAJ,IV:MAJ,II:MIN,I:MAJ,IV:MAJ,V:MAJ,I:MAJ,VI:MIN,V:MAJ,I:MAJ,V:MAJ,I:MAJ,VII:MIN,bVII:MAJ,VI:MIN,bVI:MAJ,V:MAJ,I:MAJ
MINOR;III:MAJ,II:MAJ,bII:MAJ,I:MAJ,bI:MAJ,VI:DIM,#VII:MAJ,V:MAJ,I:MIN,V:MAJ,IV:MIN,V:MAJ,I:MIN,V:MIN,IV:MIN,V:MAJ,I:MIN,VI:MAJ,V:MAJ,bV:MAJ,IV:MAJ,bIV:MAJ,bII:DIM,#III:MAJ,I:MAJ,IV:MIN,I:MAJ,VII:MIN,I:MAJ,IV:MIN,I:MIN,VII:MIN,I:MAJ,IV:MIN,II:AUG,II:MAJ,V:MIN,V:MAJ,V:MIN,V:MAJ,IV:MAJ,bV:MAJ,V:AUG,I:AUG,IV:MAJ,VII:MAJ,IV:MAJ,III:MAJ,IV:MAJ,VII:MAJ,IV:MAJ,III:MAJ,IV:MAJ,VII:MAJ,III:MAJ,I:MAJ,bII:MAJ,II:AUG,V:AUG,I:MAJ,IV:MAJ,I:MAJ,VII:MAJ,I:MAJ,IV:MAJ,I:MAJ,VII:MAJ,I:MAJ,IV:MAJ,II:MIN,#III:MAJ,#VI:MIN,II:MIN,#III:MAJ,II:MIN,V:AUG,V:MAJ,IV:MAJ,I:MAJ,VI:MAJ,V:MAJ,bV:MAJ,IV:MAJ,bIV:MAJ,bII:DIM,#III:MAJ,I:MAJ,IV:MIN,I:MAJ,VII:MIN,I:MAJ,IV:MIN,I:MIN,VII:MIN,I:MAJ,IV:MIN,bII:MAJ,I:MAJ,bI:MAJ,VII:MAJ,bVII:MAJ,bV:DIM,#VI:MAJ,IV:MAJ,VII:MIN,IV:MAJ,III:MIN,IV:MAJ,VII:MIN,IV:MIN,III:MIN,IV:MAJ,VII:MIN,V:AUG,V:MAJ,I:MIN,I:MAJ,I:MIN
MAJOR;I:MAJ,II:MAJ,II:DIM,V:MAJ,I:MAJ,#IV:DIM,I:MAJ,#IV:DIM,I:MAJ,#IV:DIM,I:MAJ,#IV:DIM,I:MAJ,#IV:DIM,#II:DIM,I:MAJ,IV:MAJ,I:MIN
MAJOR;I:MAJ,II:MAJ,II:DIM,V:MAJ,I:MAJ
MAJOR;I:MAJ,II:MAJ,II:DIM,V:MAJ,I:MAJ,bVI:MAJ,III:MAJ,VI:MIN,III:DIM,#I:DIM,III:MAJ,#I:MIN,III:MIN,V:MAJ
MAJOR;I:MAJ,II:MAJ,II:DIM,V:MAJ,I:MAJ,II:MAJ,II:DIM,I:MAJ,II:MAJ,II:MIN,I:AUG,IV:MAJ,#V:DIM,VI:MIN,IV:MAJ,I:MAJ
