MAJOR;I:MAJ,IV:MAJ,I:MAJ,IV:MAJ,I:MAJ,V:MAJ,I:MAJ,V:MAJ,I:MAJ,V:MAJ,I:MAJ
MAJOR;II:MIN,V:MAJ,I:MAJ
MAJOR;I:MAJ,V:MAJ,I:MAJ,V:MAJ,I:MAJ,#IV:DIM,V:MAJ,#IV:DIM,V:MAJ,#IV:DIM,V:MAJ,I:MAJ,IV:MAJ,I:MAJ,IV:MAJ,I:MAJ,V:MAJ
MAJOR;VII:DIM,I:MAJ,V:MAJ,#IV:DIM,V:MAJ,I:MAJ,V:MAJ,I:MAJ,V:MAJ,I:MAJ,V:MAJ,I:MAJ,V:MAJ,I:MAJ,V:MAJ,I:MAJ,IV:MAJ,II:MIN,#I:DIM,II:MIN,VII:DIM,I:MAJ,IV:MAJ,II:MIN,V:MAJ,I:MAJ
MINOR;I:MIN,#VII:DIM,I:MIN
MINOR;V:MAJ,I:MIN
MINOR;V:MAJ,I:MIN,#III:DIM,IV:MIN,bII:MAJ,#IV:DIM,V:MAJ,#IV:DIM,V:MAJ,#IV:DIM,V:MAJ,#IV:DIM,V:MAJ
MAJOR;I:MAJ,IV:MAJ,I:MAJ,V:MAJ,I:MAJ,IV:MAJ,I:MAJ,V:MAJ,I:MAJ,IV:MAJ,I:MAJ,IV:MAJ,I:MAJ,IV:MAJ,I:MAJ,IV:MAJ,I:MAJ,IV:MAJ,II:MIN,V:MAJ,I:MAJ,V:MAJ,I:MAJ,V:MAJ,I:MAJ,VII:DIM,I:MAJ,VII:DIM,I:MAJ,IV:MAJ,I:MAJ,IV:MAJ,I:MAJ,V:MAJ,I:MAJ
MINOR;V:MAJ,I:MIN,III:MAJ,VI:MAJ,III:MAJ,VI:MAJ,#IV:MAJ,V:MAJ,I:MIN,V:MAJ,I:MIN,V:MAJ,I:MIN,V:MAJ,I:MIN,V:MAJ,I:MIN,V:MAJ,I:MIN,IV:MIN,V:MAJ,I:MIN,V:MAJ,I:MIN,V:MAJ,I:MIN
MAJOR;V:MAJ,I:MAJ,V:MAJ,I:MAJ,V:MAJ,I:MAJ,#IV:DIM,V:MAJ,#IV:DIM,V:MAJ,#IV:DIM,V:MAJ,I:MAJ,IV:MAJ,I:MAJ,IV:MAJ,I:MAJ,IV:MAJ,II:MAJ,V:MAJ,III:MAJ,VI:MIN,IV:MAJ,II:MIN,V:MAJ,I:MAJ,V:MAJ,I:MAJ,V:MAJ,I:MAJ,V:MAJ,I:MAJ,V:MAJ,I:MAJ,V:MAJ,I:MAJ,II:MIN,#I:DIM,II:MIN,VII:DIM,I:MAJ,IV:MAJ,II:MIN,V:MAJ,I:MAJ
MINOR;I:MIN,#VII:DIM,I:MIN
MINOR;V:MAJ,I:MIN
MINOR;I:MIN,#III:DIM,IV:MIN,bII:MAJ,#IV:DIM,V:MAJ,#IV:DIM,V:MAJ,#IV:DIM,V:MAJ,#IV:DIM,V:MAJ
MAJOR;I:MAJ,IV:MAJ,I:MAJ,V:MAJ,I:MAJ,IV:MAJ,I:MAJ,V:MAJ,I:MAJ,IV:MAJ,I:MAJ,IV:MAJ,I:MAJ,IV:MAJ,I:MAJ,IV:MAJ,I:MAJ,II:MIN,V:MAJ,I:MAJ,V:MAJ,I:MAJ,V:MAJ,I:MAJ,VII:DIM,I:MAJ,VII:DIM,I:MAJ
MAJOR;I:MAJ,V:MAJ,I:MAJ,V:MAJ,I:MAJ,V:MAJ,I:MAJ,V:MAJ,I:MAJ,V:MAJ,I:MAJ,V:MAJ,I:MAJ,V:MAJ,I:MAJ,V:MAJ,I:MAJ,V:MAJ,I:MAJ,V:MAJ,I:MAJ,V:MAJ,I:MAJ,V:MAJ,I:MAJ,V:MAJ,I:MAJ,V:MAJ,I:MAJ,V:MAJ,I:MAJ,V:MAJ,I:MAJ,V:MAJ,I:MAJ,V:MAJ
MAJOR;II:MIN,I:MAJ,IV:MAJ,V:MAJ,I:MAJ,II:MIN,I:MAJ,II:MIN,V:MAJ,I:MAJ
MAJOR;I:MAJ,V:MAJ,I:MAJ,V:MAJ,I:MAJ,V:MAJ,I:MAJ,V:MAJ,I:MAJ,V:MAJ,I:MAJ,V:MAJ,I:MAJ,V:MAJ,I:MAJ,V:MAJ,I:MAJ
MINOR;I:MIN,V:MAJ,I:MIN,V:MAJ,I:MIN,#IV:MAJ,#IV:DIM,V:MAJ,#VII:DIM,I:MIN,IV:MIN,V:MAJ,I:MIN,#VII:DIM,I:MIN,IV:MIN,V:MAJ,I:MIN
MAJOR;I:MAJ,V:MAJ,I:MAJ,V:MAJ,I:MAJ,V:MAJ,I:MAJ,V:MAJ,I:MAJ,V:MAJ,I:MAJ,V:MAJ,I:MAJ,V:MAJ,I:MAJ,V:MAJ,I:MAJ,V:MAJ,I:MAJ,V:MAJ,I:MAJ,V:MAJ,I:MAJ,V:MAJ,I:MAJ,V:MAJ,I:MAJ,V:MAJ,I:MAJ,V:MAJ,I:MAJ,V:MAJ,I:MAJ,V:MAJ,I:MAJ,V:MAJ,I:MAJ,V:MAJ,I:MAJ,V:MAJ,I:MAJ
MAJOR;I:MAJ,IV:MAJ,I:MAJ,IV:MAJ,VII:DIM,I:MAJ,VII:DIM,I:MAJ,II:MIN,V:MAJ,I:MAJ,V:MAJ,I:MAJ,V:MAJ,I:MAJ,#V:DIM,VI:MIN,#V:DIM,VI:MIN,#V:DIM,VI:MIN
MAJOR;V:MAJ,I:MAJ,V:MAJ,I:MAJ,VII:DIM,I:MAJ,VII:DIM,III:DIM,#V:DIM,VI:MIN,III:DIM,IV:MAJ,II:MIN,V:MAJ,I:MAJ,V:MAJ,I:MAJ,V:MAJ,I:MAJ,V:MAJ,I:MAJ,V:MAJ,I:MAJ,V:MAJ,I:MAJ,V:MAJ,I:MAJ,V:MAJ,#IV:DIM,V:MAJ
MINOR;VI:MAJ,V:MAJ,#IV:DIM,V:MAJ,I:MIN,V:MAJ,I:MIN,#IV:DIM,V:MAJ,VI:MAJ,V:MAJ,#IV:DIM,V:MAJ,I:MIN,V:MAJ,I:MIN,#IV:DIM,V:MAJ
MAJOR;I:MAJ,IV:MAJ,I:MAJ,II:MAJ,V:MAJ,VI:MIN,II:MIN,V:MAJ,VII:DIM,V:MAJ,I:MAJ,V:MAJ,I:MAJ,IV:MAJ,V:MAJ,I:MAJ,VI:MIN,II:MIN,V:MAJ,I:MAJ,VI:MIN,II:MIN,V:MAJ,I:MAJ,V:MAJ,I:MAJ,V:MAJ,I:MAJ,IV:MAJ,I:MAJ,IV:MAJ,VII:DIM,I:MAJ,VII:DIM,I:MAJ,II:MIN,V:MAJ,I:MAJ,V:MAJ,I:MAJ
MAJOR;I:MAJ,V:MAJ,I:MAJ,V:MAJ,I:MAJ
MAJOR;I:MAJ,V:MAJ,I:MAJ
MAJOR;V:MAJ,I:MAJ
MINOR;V:MAJ,I:MIN,VI:MAJ,V:MAJ,#IV:DIM,V:MAJ,I:MIN,V:MAJ,I:MIN,V:MAJ,I:MIN,V:MAJ,I:MIN,V:MAJ,I:MIN,V:MAJ,I:MIN,V:MAJ,I:MIN,V:MAJ,I:MIN,IV:MIN,V:MAJ,I:MIN,V:MAJ,I:MIN,V:MAJ,I:MIN
MAJOR;I:MAJ,V:MAJ,I:MAJ
MINOR;I:MIN,V:MAJ,I:MIN
MAJOR;V:MAJ,II:DIM,V:MAJ,II:DIM,V:MAJ,II:DIM,V:MAJ,I:MAJ,IV:MAJ,I:MAJ,IV:MAJ,VII:DIM,I:MAJ,VII:DIM,I:MAJ,II:MIN,V:MAJ,I:MAJ,V:MAJ,I:MAJ,IV:MAJ,I:MAJ,IV:MAJ,#I:DIM,II:MAJ,VII:DIM,I:MAJ,II:MIN,V:MAJ,I:MAJ,V:MAJ,I:MAJ,VII:DIM,I:MAJ,VII:DIM,I:MAJ,III:MAJ,VI:MIN,I:MAJ,IV:MAJ,II:MIN,V:MAJ,I:MAJ,V:MAJ,I:MAJ,V:MAJ,I:MAJ,V:MAJ,I:MAJ,V:MAJ,I:MAJ,V:MAJ,I:MAJ,V:MAJ,I:MAJ,V:MAJ,#IV:DIM,V:MAJ
MINOR;VI:MAJ,V:MAJ,#IV:DIM,V:MAJ,I:MIN,V:MAJ,I:MIN,#IV:DIM,V:MAJ,VI:MAJ,V:MAJ,#IV:DIM,V:MAJ,I:MIN,V:MAJ,I:MIN,#IV:DIM,V:MAJ
MAJOR;I:MAJ,IV:MAJ,I:MAJ,II:MAJ,V:MAJ,VI:MIN,II:MIN,V:MAJ,VII:DIM,V:MAJ,I:MAJ,V:MAJ,I:MAJ,IV:MAJ,V:MAJ,I:MAJ,VI:MIN,II:MIN,V:MAJ,I:MAJ,VI:MIN,II:MIN,V:MAJ,I:MAJ,V:MAJ,I:MAJ,V:MAJ,I:MAJ
MAJOR;I:MAJ,VII:DIM,I:MAJ,IV:MAJ,I:MAJ,IV:MAJ,VII:DIM,I:MAJ,IV:MAJ,V:MAJ,I:MAJ,II:MIN,#I:DIM,II:MIN,VI:MAJ,II:MIN,V:MAJ,I:MAJ,II:MIN,V:MAJ,VII:DIM,I:MAJ,VII:DIM,I:MAJ,IV:MAJ,I:MAJ,IV:MAJ,VII:DIM,I:MAJ,IV:MAJ,V:MAJ,I:MAJ,II:MIN,V:MAJ,I:MAJ
MAJOR;I:MAJ,II:MIN,V:MAJ,I:MAJ,II:MIN,I:MAJ,IV:MAJ,I:MAJ,II:MIN,V:MAJ,II:MIN,V:MAJ,II:MIN,V:MAJ,II:MIN,II:MAJ,V:MAJ,I:MAJ,V:MAJ,IV:MAJ,V:MAJ,I:MAJ,II:MIN,V:MAJ,I:MAJ,V:MAJ,IV:MAJ,#V:DIM
MINOR;V:MAJ,I:MIN
MINOR;V:MAJ,I:MIN
MAJOR;V:MAJ,I:MAJ
MAJOR;I:MAJ
MAJOR;I:MAJ,VII:DIM,V:MAJ,I:MAJ
MAJOR;V:MAJ,I:MAJ
MAJOR;#IV:DIM,VII:DIM,I:MAJ,V:MAJ,I:MAJ,V:MAJ,#IV:DIM,V:MAJ,I:MIN,V:MAJ,I:MIN,V:MAJ,I:MIN,V:MAJ,#IV:DIM,V:MAJ,I:MAJ,VII:DIM,I:MAJ,IV:MAJ,I:MAJ,IV:MAJ,VII:DIM,I:MAJ,IV:MAJ,V:MAJ,I:MAJ,II:MIN,#I:DIM,II:MIN,VI:MAJ,II:MIN,V:MAJ,I:MAJ,II:MIN,V:MAJ,VII:DIM,I:MAJ,VII:DIM,I:MAJ,IV:MAJ,I:MAJ,IV:MAJ,VII:DIM,I:MAJ,IV:MAJ,V:MAJ,I:MAJ,II:MIN,V:MAJ,I:MAJ,VII:DIM,I:MAJ,IV:MAJ,I:MAJ,VII:DIM,I:MAJ,VII:DIM,I:MAJ,IV:MAJ,V:MAJ,VII:DIM,I:MAJ
MAJOR;V:MAJ,I:MAJ,VI:MIN,II:MIN,VII:DIM,V:MAJ,I:MAJ,VI:MIN,IV:MAJ,V:MAJ,I:MAJ,V:MAJ,I:MAJ,V:MAJ,I:MAJ,V:MAJ,I:MAJ,V:MAJ,I:MAJ,V:MAJ,I:MAJ,V:MAJ,I:MAJ,V:MAJ,I:MAJ,VI:MIN,II:MIN,VII:DIM,V:MAJ,I:MAJ,VI:MIN,IV:MAJ,V:MAJ,I:MAJ,V:MAJ,I:MAJ,II:MIN,V:MAJ,I:MAJ,II:MIN,V:MAJ,I:MAJ,V:MAJ,I:MAJ,V:MAJ,I:MAJ,V:MAJ,I:MAJ,V:MAJ,I:MAJ,V:MAJ,I:MAJ,V:MAJ,I:MAJ,V:MAJ,I:MAJ,II:MIN,V:MAJ,I:MAJ,II:MIN,V:MAJ,I:MAJ,V:MAJ,I:MAJ,II:MIN,V:MAJ,I:MAJ,II:MIN,V:MAJ,I:MAJ,V:MAJ,I:MAJ,II:MIN,V:MAJ,I:MAJ,II:MIN,I:MAJ,V:MAJ,I:MAJ,II:MIN,V:MAJ,I:MAJ,II:MIN,I:MAJ,V:MAJ,I:MAJ,II:MIN,V:MAJ,I:MAJ,II:MIN,V:MAJ,I:MAJ,V:MAJ,I:MAJ,II:MIN,V:MAJ,I:MAJ,II:MIN,V:MAJ,I:MAJ,V:MAJ,I:MAJ,V:MAJ,I:MAJ,V:MAJ,I:MAJ,V:MAJ,I:MAJ,V:MAJ,I:MAJ,V:MAJ,I:MAJ,V:MAJ,I:MAJ,II:MIN,V:MAJ,I:MAJ,II:MIN,V:MAJ,I:MAJ,V:MAJ,I:MAJ,V:MAJ,I:MAJ,IV:MAJ,V:MAJ,I:MAJ,V:MAJ,I:MAJ,V:MAJ,I:MAJ,V:MAJ,I:MAJ,V:MAJ,I:MAJ,V:MAJ,I:MAJ,V:MAJ,I:MAJ,V:MAJ,I:MAJ,V:MAJ,I:MAJ,IV:MAJ,V:MAJ,I:MAJ,V:MAJ,I:MAJ,VII:DIM,I:MAJ,V:MAJ,#IV:DIM,V:MAJ,I:MAJ,II:MIN,V:MAJ,I:MAJ,V:MAJ,I:MAJ,V:MAJ,I:MAJ,V:MAJ,I:MAJ,V:MAJ,I:MAJ,V:MAJ,I:MAJ,V:MAJ,I:MAJ,V:MAJ,I:MAJ,VII:DIM,I:MAJ,V:MAJ,#IV:DIM,V:MAJ,I:MAJ,II:MIN,V:MAJ,I:MAJ,V:MAJ,I:MAJ,II:MIN,V:MAJ,I:MAJ,II:MIN,V:MAJ,I:MAJ,V:MAJ,I:MAJ,V:MAJ,I:MAJ,V:MAJ,I:MAJ,V:MAJ,I:MAJ,V:MAJ,I:MAJ,V:MAJ,I:MAJ,V:MAJ,I:MAJ,II:MIN,V:MAJ,I:MAJ,II:MIN,V:MAJ,I:MAJ,V:MAJ,I:MAJ,V:MAJ,I:MAJ,II:MIN,V:MAJ,I:MAJ,V:MAJ,I:MAJ,V:MAJ,I:MAJ,V:MAJ,I:MAJ,V:MAJ,I:MAJ,V:MAJ,I:MAJ,V:MAJ,I:MAJ,V:MAJ,I:MAJ,V:MAJ,I:MAJ,II:MIN,V:MAJ,I:MAJ,V:MAJ,I:MAJ,V:MAJ,I:MAJ,V:MAJ,VI:MIN,V:MAJ,IV:MAJ,II:MIN,V:MAJ,I:MAJ,V:MAJ,I:MAJ,V:MAJ,I:MAJ,V:MAJ,I:MAJ,V:MAJ,I:MAJ,V:MAJ,I:MAJ,V:MAJ,I:MAJ,V:MAJ,I:MAJ,V:MAJ,I:MAJ,V:MAJ,VI:MIN,V:MAJ,IV:MAJ,II:MIN,V:MAJ,I:MAJ,V:MAJ,I:MAJ,II:MIN,I:MAJ,V:MAJ,VII:DIM,I:MAJ,VII:DIM,I:MAJ,#V:DIM,VI:MIN,III:DIM,IV:MAJ,V:MAJ,I:MAJ,V:MAJ,I:MAJ,#I:DIM,II:MIN,V:MAJ,I:MAJ,#I:DIM,V:MAJ,V:AUG,I:MAJ,V:MAJ,I:MAJ,#I:DIM,II:MIN,V:MAJ,I:MAJ,#I:DIM,V:MAJ,V:AUG,I:MAJ,V:MAJ,I:MAJ,II:MIN,I:MAJ,V:MAJ,VII:DIM,I:MAJ,VII:DIM,I:MAJ,#V:DIM,VI:MIN,III:DIM,IV:MAJ,V:MAJ,I:MAJ,V:MAJ,I:MAJ,V:MAJ,I:MAJ,VI:MIN,IV:MAJ,V:MAJ,I:MAJ,V:MAJ,I:MAJ,VII:DIM,V:MAJ,I:MAJ,V:MAJ,I:MAJ,VII:DIM,V:MAJ,I:MAJ,V:MAJ,I:MAJ,V:MAJ,I:MAJ,VI:MIN,IV:MAJ,V:MAJ,I:MAJ,V:MAJ,I:MAJ,II:MIN,VII:DIM,I:MAJ,IV:MAJ,V:MAJ,I:MAJ,V:MAJ,I:MAJ,V:MAJ,I:MAJ,V:MAJ,I:MAJ,V:MAJ,I:MAJ,V:MAJ,I:MAJ,V:MAJ,I:MAJ,V:MAJ,I:MAJ,II:MIN,VII:DIM,I:MAJ,IV:MAJ,V:MAJ,I:MAJ,V:MAJ,I:MAJ,V:MAJ,I:MAJ,IV:MAJ,V:MAJ,I:MAJ,V:MAJ,I:MAJ,V:MAJ,I:MAJ,V:MAJ,I:MAJ,V:MAJ,I:MAJ,V:MAJ,I:MAJ,IV:MAJ,V:MAJ,I:MAJ
MAJOR;I:MAJ,IV:MAJ,V:MAJ,I:MAJ,IV:MAJ,V:MAJ,I:MAJ,IV:MAJ,I:MAJ,IV:MAJ,I:MAJ,IV:MAJ,I:MAJ,IV:MAJ,I:MAJ,V:MAJ,VI:MIN,I:MAJ,IV:MAJ,V:MAJ,I:MAJ
MAJOR;VII:DIM,V:MAJ,I:MAJ,IV:MAJ,I:MAJ,IV:MAJ,V:MAJ,II:MIN,II:MAJ,V:MAJ,I:MAJ,V:MAJ,I:MAJ,V:MAJ,I:MAJ,V:MAJ,#IV:DIM,V:MAJ,I:MAJ,V:MAJ,I:MAJ,V:MAJ,I:MAJ,V:MAJ,#IV:DIM,V:MAJ,II:MAJ,V:MAJ,I:MAJ,V:MAJ,I:MAJ,V:MAJ
MINOR;I:MIN,VI:MAJ,VII:MAJ,III:MAJ,#VII:DIM,I:MIN,II:MAJ,#IV:MAJ,V:MAJ,#IV:MAJ,II:MAJ,#IV:MAJ,V:MAJ
MAJOR;I:MAJ,#I:DIM,VI:MAJ,II:MIN,V:MAJ,I:MAJ,V:MAJ,I:MAJ,II:MAJ,V:MAJ,I:MAJ,II:MIN,V:MAJ,I:MAJ,II:MIN,V:MAJ,VI:MAJ,#IV:DIM,V:MAJ,I:MAJ,IV:MAJ,II:MIN,V:MAJ,I:MAJ,IV:MAJ,I:MAJ,VI:MIN,I:MAJ,IV:MAJ,I:MAJ,VI:MIN,I:MAJ,IV:MAJ,V:MAJ,I:MAJ,VI:MAJ,II:MIN,VII:DIM,V:MAJ,I:MAJ,IV:MAJ,#IV:DIM,V:MAJ,I:MAJ,V:MAJ,I:MAJ,V:MAJ,I:MAJ,V:MAJ,I:MAJ,V:MAJ,I:MAJ,V:MAJ,I:MAJ,IV:MAJ,V:MAJ,I:MAJ,IV:MAJ,V:MAJ,I:MAJ
MINOR;#VII:DIM,I:MIN,#VII:DIM,IV:MIN,V:MAJ,I:MIN
MINOR;#VII:DIM,I:MIN,#VII:DIM,IV:MIN,V:MAJ,I:MIN,#IV:DIM,V:MAJ,#IV:DIM,V:MAJ,II:MAJ,V:MAJ,I:MIN,V:MAJ,I:MIN,V:MAJ,I:MIN,V:MAJ,#IV:DIM,V:MAJ,I:MIN,V:MAJ,I:MIN,V:MAJ
MINOR;V:MAJ,I:MIN,V:MAJ,I:MIN,V:MAJ,I:MIN,V:MAJ,I:MIN,V:MAJ,I:MIN,V:MAJ,#IV:DIM,V:MAJ,I:MIN,V:MAJ
MINOR;IV:MIN,V:MAJ,IV:MAJ,#VII:DIM,IV:MAJ,V:MAJ
MINOR;V:MAJ,IV:MAJ,#VII:DIM,IV:MAJ,V:MAJ,I:MIN,IV:MIN,II:DIM,IV:MIN,V:MAJ,VI:MAJ,IV:MIN,#IV:MAJ,V:MAJ,I:MIN,IV:MIN,II:DIM,IV:MIN,V:MAJ
MINOR;V:MAJ,I:MIN
MINOR;#VII:DIM,I:MIN,#IV:DIM,V:MAJ,#VII:DIM,I:MIN,VII:DIM,I:MIN,bII:MAJ,V:MAJ,#VII:DIM,I:MIN,IV:MIN,#VII:DIM,I:MIN,IV:MIN,#VII:DIM,I:MIN
MAJOR;I:MAJ,IV:MAJ,VII:DIM,I:MAJ
MINOR;I:MIN,IV:MIN,#VII:DIM,I:MIN
MAJOR;V:MAJ,I:MAJ,VI:MIN,II:MAJ,V:MAJ,II:MAJ,V:MAJ,II:MAJ,V:MAJ,I:MAJ,IV:MAJ,V:MAJ,I:MAJ,IV:MAJ,V:MAJ,I:MAJ,IV:MAJ,I:MAJ,IV:MAJ,I:MAJ,IV:MAJ,I:MAJ,IV:MAJ,I:MAJ
MINOR;I:MIN,VI:MAJ,V:MAJ,I:MIN
MAJOR;V:MAJ,VI:MIN,#IV:DIM,V:MAJ,I:MAJ,V:MAJ,I:MAJ,V:MAJ,I:MAJ,V:MAJ,#IV:DIM,V:MAJ,I:MAJ,V:MAJ,I:MAJ,V:MAJ,I:MAJ,V:MAJ,#IV:DIM,V:MAJ,VI:MIN,II:MIN,V:MAJ,I:MAJ,IV:MAJ,V:MAJ,I:MAJ,V:MAJ,I:MAJ,#IV:DIM,V:MAJ
MINOR;I:MIN,VI:MAJ,VII:MAJ,III:MAJ,#VII:DIM,I:MIN,II:MAJ,#IV:MAJ,V:MAJ,#IV:MAJ,II:MAJ,#IV:MAJ,V:MAJ
MAJOR;I:MAJ,#I:DIM,VI:MAJ,II:MIN,V:MAJ,I:MAJ,V:MAJ,I:MAJ,II:MAJ,V:MAJ,I:MAJ,II:MIN,V:MAJ,I:MAJ,II:MIN,V:MAJ,VI:MAJ,#IV:DIM,V:MAJ,I:MAJ,IV:MAJ,II:MAJ,V:MAJ,III:MAJ,VI:MIN,IV:MAJ,VII:DIM,V:MAJ,I:MAJ,IV:MAJ,VI:MAJ,II:MIN,V:MAJ,I:MAJ,IV:MAJ,I:MAJ,VI:MIN,I:MAJ,IV:MAJ,I:MAJ,VI:MIN,I:MAJ,IV:MAJ,V:MAJ,I:MAJ,VI:MAJ,II:MIN,VII:DIM,V:MAJ,I:MAJ,VI:MIN,V:MAJ,VII:DIM,I:MAJ,V:MAJ,I:MAJ,IV:MAJ,#IV:DIM,V:MAJ,I:MAJ,V:MAJ,I:MAJ,V:MAJ,I:MAJ,V:MAJ,I:MAJ,V:MAJ,I:MAJ,V:MAJ,I:MAJ
MAJOR;I:MAJ,VII:DIM,V:MAJ,I:MAJ,VII:DIM,VI:MIN,V:MAJ,#IV:DIM,V:MAJ,I:MAJ,IV:MAJ,II:MAJ,V:MAJ,I:MAJ,V:MAJ,I:MAJ,V:MAJ,I:MAJ,V:MAJ,I:MAJ
MAJOR;VII:DIM,I:MAJ,V:MAJ,I:MAJ,V:MAJ,I:MAJ,V:MAJ,I:MAJ,IV:MAJ,II:MIN,II:MAJ,V:MAJ,#IV:DIM,V:MAJ,I:MAJ,V:MAJ,I:MAJ,V:MAJ,I:MAJ,V:MAJ,I:MAJ,V:MAJ,I:MAJ,I:AUG,IV:MAJ,III:DIM,IV:MAJ,I:MAJ,IV:MAJ,II:MIN,V:MAJ,I:MAJ,IV:MAJ,V:MAJ,I:MAJ,IV:MAJ,V:MAJ,I:MAJ,IV:MAJ,V:MAJ,I:MAJ,IV:MAJ,V:MAJ,I:MAJ,V:MAJ,I:MAJ,V:MAJ,I:MAJ
MINOR;IV:MIN,II:DIM,#VII:DIM,V:MAJ,#VII:DIM,I:MIN,V:MAJ,I:MIN,V:MAJ,I:MIN,V:MAJ
MINOR;V:MAJ,I:MIN
MAJOR;V:MAJ,I:MAJ,II:MIN,II:MAJ,V:MAJ,I:MAJ,V:MAJ,#I:DIM,V:MAJ,I:MAJ,V:MAJ,#I:DIM,V:MAJ,I:MAJ
MINOR;V:MAJ,#IV:DIM,V:MAJ,I:MIN,V:MAJ,I:MIN,V:MAJ,I:MIN,V:MAJ,I:MIN,V:MAJ,I:MIN,V:MAJ
MAJOR;I:MAJ,VII:DIM,V:MAJ,I:MAJ,V:MIN,#I:DIM,VI:MAJ,II:MIN,VII:DIM,V:MAJ,I:MAJ,VI:MIN,VII:DIM,#V:DIM,III:MAJ,VI:MIN,II:MIN,II:MAJ,V:MAJ,I:MAJ,V:MAJ,I:MAJ,V:MAJ,I:MAJ,IV:MAJ,II:MIN,II:MAJ,V:MAJ,#IV:DIM,V:MAJ,I:MAJ,V:MAJ,I:MAJ,V:MAJ,I:MAJ,V:MAJ,I:MAJ,V:MAJ,I:MAJ,I:AUG,IV:MAJ,III:DIM,IV:MAJ,I:MAJ,IV:MAJ,II:MIN,V:MAJ,I:MAJ,IV:MAJ,V:MAJ,I:MAJ,IV:MAJ,V:MAJ,I:MAJ,IV:MAJ,V:MAJ,I:MAJ,IV:MAJ,V:MAJ,I:MAJ,V:MAJ,I:MAJ,V:MAJ,I:MAJ
MAJOR;V:MAJ,I:MAJ,I:AUG,IV:MAJ,I:MAJ,IV:MAJ,I:MAJ,V:MAJ,I:MAJ,V:MAJ,I:MAJ,V:MAJ,I:MAJ,V:MAJ,I:MAJ,V:MAJ,I:MAJ,V:MAJ
MAJOR;IV:MAJ,I:MAJ,II:MIN,I:MAJ,II:MIN,#IV:DIM,V:MAJ,I:MAJ,V:MAJ,I:MAJ,V:MAJ,I:MAJ,V:MAJ,I:MAJ,IV:MAJ,II:MIN,VII:DIM,I:MAJ,V:MAJ,I:MAJ,IV:MAJ,V:MAJ,I:MAJ,#V:DIM,VI:MIN,I:MAJ,II:MIN,I:MAJ,II:MIN,V:MAJ
MINOR;I:MIN,V:MAJ,I:MIN,V:MAJ
MAJOR;VII:DIM,I:MAJ,VII:DIM,III:DIM,IV:MAJ,II:MIN,IV:MAJ,VII:DIM,I:MAJ,VI:MIN,IV:MAJ,V:MAJ,I:MAJ,V:MAJ,I:MAJ,I:AUG,IV:MAJ,I:MAJ,IV:MAJ,I:MAJ,V:MAJ,I:MAJ,V:MAJ,I:MAJ,V:MAJ,I:MAJ,V:MAJ,I:MAJ
MAJOR;I:MAJ,V:MAJ,I:MAJ,IV:MAJ,I:MAJ,IV:MAJ,III:MIN,II:MIN,#IV:DIM,V:MAJ,I:MAJ,V:MAJ,I:MAJ,V:MAJ,I:MAJ,V:MAJ,I:MAJ,IV:MAJ,II:MIN,V:MAJ,I:MAJ,V:MAJ,I:MAJ,IV:MAJ,V:MAJ,I:MAJ,#V:DIM,VI:MIN,I:MAJ,II:MIN,I:MAJ,II:MIN,V:MAJ
MINOR;I:MIN,V:MAJ,I:MIN,V:MAJ
MAJOR;VII:DIM,I:MAJ,VII:DIM,III:DIM,IV:MAJ,II:MIN,IV:MAJ,VII:DIM,I:MAJ,VI:MIN,IV:MAJ,V:MAJ,I:MAJ
MAJOR;I:MAJ,V:MAJ,I:MAJ,V:MAJ,I:MAJ,V:MAJ,I:MAJ,V:MAJ,I:MAJ,V:MAJ,I:MAJ,II:MIN,V:MAJ,I:MAJ
MINOR;I:MIN,#VII:DIM,I:MIN,V:MAJ,I:MIN
MAJOR;I:MIN,VII:DIM,I:MAJ,V:MAJ,I:MAJ,II:MIN,VI:MAJ,II:MIN,VI:MAJ,II:MIN,V:MAJ,I:MAJ,V:MAJ,I:MAJ,V:MAJ,I:MAJ,V:MAJ,I:MAJ,V:MAJ,I:MAJ,V:MAJ,I:MAJ,II:MIN,V:MAJ,I:MAJ
MINOR;II:DIM,I:MIN,#VII:DIM,I:MIN,V:MAJ,I:MIN
MAJOR;V:MAJ,I:MAJ,V:MAJ,#I:DIM,V:MAJ,I:MAJ,V:MAJ,I:MAJ,V:MAJ,I:MAJ,V:MAJ,I:MAJ,V:MAJ,I:MAJ,V:MAJ,I:MAJ,V:MAJ,I:MAJ,II:MIN,V:MAJ,I:MAJ
MINOR;I:MIN,V:MAJ,I:MIN
MINOR;I:MIN,IV:MIN,V:MAJ,I:MIN
MINOR;V:MAJ,I:MIN,V:MAJ,I:MIN,V:MAJ,I:MIN,V:MAJ,I:MIN,V:MAJ,I:MIN,V:MAJ,I:MIN,V:MAJ,I:MIN
MAJOR;VII:DIM,V:MAJ,I:MAJ,V:MAJ,I:MAJ,V:MAJ,I:MAJ,V:MAJ,I:MAJ,V:MAJ,I:MAJ,V:MAJ,I:MAJ,II:MIN,V:MAJ,I:MAJ
MINOR;V:MAJ,II:DIM,I:MIN,#VII:DIM,I:MIN
MINOR;VI:MIN,I:MIN,II:DIM,V:MAJ,I:MIN,V:MAJ,I:MIN,V:MAJ
MAJOR;I:MAJ,V:MAJ,I:MAJ,V:MAJ,I:MAJ,V:MAJ,I:MAJ,V:MAJ,I:MAJ,V:MAJ,I:MAJ,II:MIN,V:MAJ,I:MAJ,IV:MAJ,I:MAJ,I:AUG,IV:MAJ,VII:DIM,I:MAJ
MINOR;I:MIN,#VII:DIM,VI:MAJ,V:MAJ,I:MIN,#VII:DIM,I:MIN,I:MAJ,IV:MIN,I:MIN
MAJOR;V:MAJ,I:MAJ,V:MAJ,IV:MAJ,VII:DIM
MINOR;V:MAJ,I:MIN,#IV:DIM,V:MAJ,I:MIN,IV:MIN,V:MAJ,I:MIN,V:MAJ,I:MIN,#VII:DIM,I:MIN,V:MAJ,I:MIN,#VII:DIM,I:MIN,IV:MIN
MAJOR;V:MAJ,I:MAJ,IV:MAJ,II:MIN,V:MAJ,I:MAJ,IV:MAJ,II:MIN,V:MAJ,III:MIN,VI:MIN,IV:MAJ,VII:DIM,V:MAJ,I:MAJ,IV:MAJ,II:MIN,VII:DIM,III:MIN,I:MAJ,VI:MIN,II:MIN,VII:DIM,V:MAJ,I:MAJ,VI:MIN,V:MAJ,I:MAJ,IV:MAJ,V:MAJ,I:MAJ,VI:MIN,V:MAJ,I:MAJ,VI:MIN,#IV:DIM,V:MAJ,VII:DIM,#V:DIM,VI:MAJ,#I:DIM,#VI:DIM,VII:MAJ,VII:MIN,#V:DIM,I:MIN,#IV:DIM,V:MIN,III:DIM,IV:MIN,II:DIM,V:MAJ,I:MAJ,V:MAJ,I:MAJ,#IV:MAJ,V:MAJ,I:MAJ,VI:MIN,V:MAJ,IV:MAJ,I:MAJ,IV:MAJ,I:MAJ,V:MAJ,I:MAJ,VI:MIN,V:MAJ,IV:MAJ,I:MAJ,IV:MAJ,I:MAJ,V:MAJ,I:MAJ,I:AUG,IV:MAJ,II:MIN,V:MAJ,I:MAJ,V:MAJ,I:MAJ,V:MAJ,I:MAJ,VII:DIM,VI:MIN,V:MAJ,I:MAJ,VII:DIM,I:MAJ
MAJOR;I:MAJ,VII:DIM
MINOR;IV:MIN,V:MAJ,II:DIM,I:MIN,IV:MIN
MAJOR;V:MAJ,I:MAJ,IV:MAJ,VII:DIM
MINOR;V:MAJ,I:MIN,VI:MAJ,#IV:MAJ,V:MAJ,#IV:DIM,V:MAJ,I:MAJ,IV:MAJ,VII:MAJ,III:MAJ
MINOR;#IV:DIM,V:MAJ,I:MIN
MAJOR;V:MAJ
MINOR;V:MAJ,I:MIN
MAJOR;V:MAJ,I:MAJ,II:MAJ,V:MAJ,I:MAJ,VII:DIM,I:MAJ,V:MAJ,I:MAJ,VII:DIM,I:MAJ,IV:MAJ,II:MIN,V:MAJ,I:MAJ,IV:MAJ,II:MIN,VII:DIM,III:MIN,I:MAJ,VI:MIN,II:MIN,VII:DIM,V:MAJ,I:MAJ,VI:MIN,IV:MAJ,II:MIN,VII:DIM,V:MAJ,III:MIN,I:MAJ,VI:MIN,IV:MAJ,II:MIN,VII:DIM,V:MAJ,III:MIN,I:MAJ,VII:DIM,VI:MIN,V:MAJ,I:MAJ,VII:DIM,I:MAJ
MAJOR;I:MAJ,VII:DIM,VI:MIN
MAJOR;V:MAJ,I:MAJ,VII:DIM,VI:MIN
MINOR;V:MAJ,I:MIN
MINOR;III:MAJ,II:MAJ,V:MAJ,VI:MAJ,#IV:MAJ,V:MAJ,VI:MAJ,#IV:MAJ,V:MAJ,I:MIN,#VII:DIM,I:MIN
MINOR;V:MAJ,I:MIN,#VII:DIM,I:MIN
MINOR;II:DIM,V:MAJ,II:DIM,#VII:DIM,I:MIN,IV:MIN,II:DIM,V:MIN,III:MAJ,VI:MAJ,IV:MIN,VII:MAJ,V:MIN,I:MIN,IV:MIN,II:DIM,VII:MAJ,III:MAJ,I:MIN,VI:MAJ,II:DIM,#VII:DIM,V:MAJ,I:MIN,VI:MAJ,V:MAJ,I:MIN,IV:MIN,V:MAJ,I:MIN,VI:MAJ,V:MAJ,I:MIN,#IV:DIM,V:MAJ,#VII:DIM,V:MAJ,#VI:MAJ,#I:DIM,##VI:DIM,#VII:MAJ,#VII:MIN,#V:DIM,#VI:MIN,#IV:DIM,V:MIN,#III:DIM,IV:MIN,II:DIM,V:MAJ,I:MIN,V:MAJ,I:MIN,#IV:MAJ,V:MAJ,I:MIN,VI:MAJ,V:MIN,IV:MIN,I:MIN,IV:MIN,I:MIN,V:MAJ,I:MIN,VI:MAJ,V:MIN,IV:MIN,I:MIN,IV:MIN,I:MIN,V:MAJ,I:MIN,I:MAJ,IV:MIN,V:MAJ,I:MIN,V:MAJ,I:MIN,V:MAJ,I:MIN
MAJOR;V:MAJ,I:MAJ,VII:DIM,I:MAJ,V:MAJ,I:MAJ,II:MIN,V:MAJ,VI:MIN,I:MAJ,IV:MAJ,I:MAJ,IV:MAJ,#I:DIM,II:MIN,II:MAJ,V:MAJ,VII:DIM,I:MAJ,VI:MIN,IV:MAJ,II:MIN,V:MAJ,I:MAJ,V:MAJ,I:MAJ
MAJOR;I:MAJ,II:MIN,V:MAJ,I:MAJ,IV:MAJ,II:MIN,V:MAJ,I:MAJ,V:MAJ,VI:MIN,II:MAJ,V:MAJ,VI:MIN,VI:MAJ,V:MAJ,I:MAJ,#IV:DIM,V:MAJ,I:MAJ,#IV:DIM,V:MAJ,VII:DIM,I:MAJ,IV:MAJ,II:MIN,V:MAJ,I:MAJ,VI:MIN,#IV:DIM,V:MAJ,II:MAJ,V:MAJ,VII:DIM,I:MAJ,V:MAJ,VI:MIN,#I:DIM,II:MIN,VI:MAJ,II:MIN,II:MAJ,V:MAJ,I:MAJ,#IV:DIM,V:MAJ,II:MAJ,V:MAJ,I:MAJ,V:MAJ,I:MAJ,V:MAJ,I:MIN
MINOR;II:DIM,V:MAJ,I:MIN,V:MAJ,I:MIN,VI:MAJ
MINOR;#VII:DIM,I:MIN
MINOR;#VII:DIM,V:MAJ,I:MIN
MAJOR;V:MAJ,I:MAJ,VII:DIM,I:MAJ,V:MAJ,I:MAJ,II:MIN,V:MAJ,VI:MIN,I:MAJ,IV:MAJ,I:MAJ,VI:MAJ,II:MIN,II:MAJ
MINOR;IV:MIN,V:MAJ,#VII:DIM,I:MIN,VI:MAJ,IV:MIN,II:DIM,V:MAJ,I:MIN,V:MAJ,I:MIN
MAJOR;VII:DIM,V:MAJ,I:MAJ,I:AUG,IV:MAJ,II:MIN,V:MAJ,I:MAJ,V:MAJ,VI:MIN,II:MAJ,V:MAJ,VI:MIN,VI:MAJ,V:MAJ,I:MAJ,#IV:DIM,V:MAJ,I:MAJ,#IV:DIM,V:MAJ,VII:DIM,I:MAJ,IV:MAJ,II:MIN,V:MAJ,I:MAJ,VI:MIN,#IV:DIM,V:MAJ,II:MAJ,V:MAJ,VII:DIM,I:MAJ,V:MAJ,VI:MIN,#I:DIM,II:MIN,VI:MAJ,II:MIN,II:MAJ,V:MAJ,I:MAJ,#IV:DIM,V:MAJ,II:MAJ,V:MAJ,I:MAJ,V:MAJ,I:MAJ
MINOR;I:MIN,IV:MIN,I:MIN,IV:MIN,I:MIN,IV:MIN,I:MIN,IV:MIN,I:MIN,IV:MIN,VII:MAJ,III:MAJ,VI:MAJ,II:DIM,V:MAJ,I:MIN,V:MAJ,I:MIN,#VII:DIM,I:MIN,V:MAJ,VI:MAJ,II:DIM,V:MAJ,I:MIN,#VII:DIM,I:MIN,V:MAJ,I:MIN
MAJOR;II:MIN,V:MAJ,I:MAJ,IV:MAJ,I:MAJ,IV:MAJ,I:MAJ,VII:DIM,I:MAJ,IV:MAJ,V:MAJ,IV:MAJ,V:MAJ,VII:DIM,I:MAJ,IV:MAJ,I:MAJ,IV:MAJ,I:MAJ,VII:DIM,I:MAJ,II:MAJ,V:MAJ,I:MAJ,IV:MAJ,II:MIN,V:MAJ,I:MAJ,#IV:DIM,V:MAJ,I:MAJ,#IV:DIM,V:MAJ,I:MAJ,II:MIN,IV:MIN,V:MAJ,I:MAJ,VII:DIM,I:MAJ,II:MIN,III:DIM,IV:MAJ,#IV:MAJ,V:MAJ,VII:DIM,I:MAJ,V:MAJ,VI:MIN,III:MIN,IV:MAJ,I:MAJ,II:MIN,VI:MIN,V:MAJ,I:MAJ,V:MAJ,I:MAJ,II:MIN,V:MAJ,VI:MIN,#IV:DIM,V:MAJ,I:MAJ,#IV:DIM,V:MAJ,I:MAJ,#IV:DIM,V:MAJ,I:MAJ,V:MAJ,I:MAJ,V:MAJ,I:MAJ,III:MAJ,VI:MIN,III:MAJ,VI:MIN,III:MAJ,VI:MIN,I:MAJ,IV:MAJ,I:MAJ,IV:MAJ,I:MAJ,IV:MAJ,II:MAJ,V:MAJ,I:MAJ,VII:DIM,II:DIM,V:MAJ,II:DIM,V:MAJ,I:MAJ,IV:MAJ,II:MIN,V:MAJ,I:MAJ,II:MIN,VII:DIM,I:MAJ,VI:MIN,II:MIN,V:MAJ,I:MAJ,II:MIN,I:MAJ,II:MIN,I:MAJ
MINOR;V:MAJ,I:MIN,V:MAJ,I:MIN
MINOR;V:MAJ,I:MIN,V:MAJ,I:MIN,V:MAJ,I:MIN
MINOR;V:MAJ,I:MIN,V:MAJ,I:MIN,V:MAJ,I:MIN,IV:MIN,I:MIN,IV:MIN,I:MIN,IV:MIN,I:MIN,IV:MIN,I:MIN,IV:MIN,VII:MAJ,III:MAJ,VI:MAJ,II:MIN,V:MAJ,I:MIN,V:MAJ,I:MIN,#VII:DIM,I:MIN,V:MAJ,VI:MAJ,II:DIM,V:MAJ,I:MIN,#VII:DIM,I:MIN,V:MAJ,I:MIN,IV:MIN
MAJOR;V:MAJ,I:MAJ,IV:MAJ,I:MAJ,IV:MAJ,I:MAJ,VII:DIM,I:MAJ,IV:MAJ,V:MAJ,IV:MAJ,V:MAJ,VII:DIM,I:MAJ,IV:MAJ,I:MAJ,IV:MAJ,I:MAJ,VII:DIM,I:MAJ,II:MAJ,V:MAJ,I:MAJ
MINOR;VII:MAJ,III:MAJ,I:MAJ,IV:MIN,II:DIM,I:MIN,V:MAJ,I:MIN,#IV:DIM,V:MAJ,I:MIN,#IV:DIM,V:MAJ,I:MIN,II:DIM,IV:MIN,V:MAJ,I:MIN,II:DIM,I:MIN,II:DIM,#III:DIM,IV:MIN,#IV:MAJ,V:MAJ,#VII:DIM,I:MIN,V:MIN,VI:MAJ,III:MAJ,IV:MIN,I:MIN,II:DIM,VI:MAJ,V:MAJ,I:MIN,V:MAJ,I:MIN,II:MIN,V:MAJ,VI:MAJ,#IV:MAJ,V:MAJ,I:MIN,#IV:DIM,V:MAJ,I:MIN,#IV:DIM,V:MAJ,I:MIN,V:MAJ,I:MIN,V:MAJ,I:MIN,III:MAJ,VI:MAJ,III:MAJ,VI:MAJ,III:MAJ,VI:MAJ,I:MAJ,IV:MIN,I:MAJ,IV:MIN,I:MAJ,IV:MIN,II:MAJ,V:MAJ,I:MIN,#VII:DIM,II:DIM,V:MAJ,II:DIM,V:MAJ,I:MIN,IV:MIN,II:DIM,V:MAJ,I:MIN,II:DIM,#VII:DIM,I:MIN,VI:MAJ,II:DIM,V:MAJ,I:MIN,#III:DIM,IV:MIN,#VII:DIM,I:MIN,I:MAJ,IV:MIN,#VII:DIM,I:MIN
MINOR;I:MIN,IV:MIN,I:MIN,#VII:DIM,VI:MAJ,V:MAJ,VI:MAJ,V:MAJ,VI:MAJ,V:MAJ,#IV:DIM,V:MAJ,I:MIN,I:MAJ,IV:MIN,I:MAJ,#III:DIM,IV:MIN,III:MAJ,II:DIM,I:MIN,II:DIM,V:MAJ,I:MIN,#VII:DIM,I:MIN
MINOR;#VII:DIM,I:MIN,V:MAJ,I:MIN,#VII:DIM,I:MIN
MINOR;#VII:DIM,I:MIN,II:MAJ,V:MAJ,I:MIN,V:MAJ,I:MIN,II:MAJ,V:MAJ
MAJOR;V:MAJ,I:MAJ,V:MAJ,I:MAJ,V:MAJ,I:MAJ,IV:MAJ,V:MAJ
MINOR;V:MAJ,I:MIN,IV:MIN,V:MAJ,I:MIN
MINOR;#VII:DIM,V:MAJ,I:MIN,II:MAJ,V:MAJ,I:MIN,V:MAJ,I:MIN,II:MAJ,V:MAJ,I:MAJ,IV:MIN,II:DIM,#VII:DIM,V:MAJ,I:MIN,IV:MIN,III:MAJ,II:DIM,#VII:DIM,I:MIN,#IV:DIM,V:MAJ,VI:MAJ,#VII:DIM,II:DIM,I:MIN,#IV:DIM,V:MAJ,#IV:DIM,V:MAJ,#IV:DIM,V:MAJ,#IV:DIM,V:MAJ,I:MIN,II:DIM,I:MIN,II:DIM,I:MIN,II:DIM,I:MIN,#VII:DIM,V:MAJ,I:MIN,V:MAJ,I:MIN,V:MAJ,I:MIN,V:MAJ,IV:MIN,#VII:DIM,I:MIN,II:DIM,IV:MIN,#III:DIM,IV:MIN,V:MAJ,I:MIN,II:DIM,V:MAJ,I:MIN,II:DIM,I:MIN,#VII:DIM,I:MIN,V:MAJ,I:MIN
MAJOR;II:MIN,#IV:DIM,V:MAJ,I:MAJ,VII:DIM,I:MAJ,V:MAJ,I:MAJ
MAJOR;II:MAJ,V:MAJ,I:MAJ,#IV:DIM,V:MAJ,I:MAJ,V:MAJ,I:MAJ,#IV:DIM,V:MAJ,I:MAJ,VII:DIM,V:MAJ,I:MAJ,VII:DIM,V:MAJ,I:MAJ,VII:DIM,V:MAJ,I:MAJ,VII:DIM,V:MAJ,I:MAJ,III:MAJ,VI:MIN,I:MAJ,IV:MAJ,#I:DIM,II:MIN,V:MAJ,I:MAJ,II:MIN,I:MAJ,IV:MAJ,VII:DIM,I:MAJ,II:MIN,I:MAJ,IV:MAJ,VII:DIM,I:MAJ,II:MIN,I:MAJ,IV:MAJ,I:MAJ,IV:MAJ,#I:DIM,II:MIN,V:MAJ,VI:MIN,II:MIN,V:MAJ,I:MAJ,IV:MAJ,V:MAJ,IV:MAJ,I:MAJ,IV:MAJ,#IV:DIM,V:MAJ,I:MAJ,IV:MAJ,I:MAJ,II:MIN,I:MAJ,IV:MAJ,I:MAJ,VII:DIM,I:MAJ
MAJOR;I:MAJ,VII:DIM,I:MAJ,V:MAJ,IV:MAJ,I:MAJ,VII:DIM,I:MAJ,III:MIN,II:MIN,I:MAJ,V:MAJ,VI:MIN,V:MAJ,#IV:DIM,V:MAJ,I:MAJ,#IV:DIM,V:MAJ,VI:MIN,V:MAJ,I:MAJ,#I:DIM,II:MIN,V:MAJ,I:MAJ,V:MAJ,I:MAJ,V:MAJ,I:MAJ,VII:DIM,V:MAJ,I:MAJ,VII:DIM,V:MAJ,I:MAJ,VII:DIM,V:MAJ,I:MAJ,VII:DIM,V:MAJ,I:MAJ
MINOR;V:MAJ,I:MIN,II:DIM,I:MIN,II:DIM,I:MIN,#III:DIM,IV:MIN,#III:DIM,IV:MIN,IV:MAJ,VII:MAJ,III:MAJ,V:MAJ,VI:MAJ,II:DIM,II:MAJ,V:MAJ,I:MIN,I:MAJ,IV:MIN,I:MAJ,IV:MIN,#VII:DIM,I:MIN,#VII:DIM,I:MIN,II:DIM,I:MIN,II:DIM,I:MIN,V:DIM,VI:MAJ,#III:DIM,IV:MIN,I:MAJ,IV:MIN,II:DIM,#IV:DIM,V:MAJ,#VII:DIM,I:MIN,II:DIM,V:MAJ,I:MIN,II:DIM,I:MIN,II:DIM,I:MIN
MINOR;#VII:DIM,IV:MIN,V:MAJ,I:MIN,II:DIM,I:MIN,II:DIM,I:MIN
MINOR;IV:MIN,V:MAJ,I:MIN,V:MAJ,I:MIN,II:DIM,I:MIN,II:DIM,I:MIN,II:DIM,I:MIN,#VII:DIM,V:MAJ,I:MIN,V:MAJ,I:MIN,V:MAJ,I:MIN,V:MAJ,IV:MIN,#VI:DIM,VII:MAJ,V:MAJ,I:MIN,V:MAJ,I:MIN,II:DIM,I:MIN,IV:MIN,V:MAJ,II:DIM,I:MIN,II:DIM,I:MIN,II:DIM,VI:MAJ,V:MAJ,I:MIN,II:DIM,#IV:DIM,V:MAJ,I:MIN,V:MAJ,I:MIN,II:DIM,I:MIN,#VII:DIM,I:MIN,V:MAJ,I:MIN
MAJOR;II:MIN,#IV:DIM,V:MAJ,I:MAJ
MINOR;#VII:DIM,VI:MAJ,V:MAJ,I:MIN
MINOR;II:MAJ,V:MAJ,I:MIN,#IV:MAJ,V:MAJ,I:MIN,#IV:DIM,V:MAJ,#VII:DIM,I:MIN,#IV:DIM,V:MAJ,I:MIN,V:MAJ,I:MIN,V:MAJ,I:MIN,V:MAJ,I:MIN,VII:DIM,V:MAJ,I:MIN,#VII:DIM,V:MAJ,I:MIN,#VII:DIM,V:MAJ,I:MIN,#VII:DIM,V:MAJ,I:MIN,#VII:DIM,V:MAJ,I:MIN,III:MAJ,VI:MAJ,I:MAJ,IV:MIN,VI:MAJ,bII:MAJ,V:MAJ,I:MIN,II:DIM,I:MIN,IV:MIN,#VII:DIM,I:MIN,II:DIM,I:MIN,IV:MIN,#VII:DIM,I:MIN,II:DIM,I:MAJ,IV:MIN,I:MAJ,IV:MIN,II:DIM,V:MAJ,VI:MAJ,#III:DIM,IV:MIN,I:MAJ,IV:MIN,V:MAJ,VI:MAJ,II:DIM,V:MAJ,I:MIN,IV:MIN,I:MAJ,IV:MIN,I:MAJ,I:MIN,#IV:DIM,V:MAJ,I:MIN,IV:MIN,#VII:DIM,I:MIN,IV:MIN,#VII:DIM,I:MIN,IV:MIN,V:MAJ,I:MIN,II:DIM,V:MAJ,VI:MAJ,#IV:MAJ,V:MAJ,I:MIN,IV:MIN,I:MIN,#VII:DIM,VI:MAJ,V:MAJ,VI:MAJ,V:MAJ,VI:MAJ,V:MAJ,#IV:DIM,V:MAJ
MINOR;#VII:DIM,I:MIN,V:MAJ,I:MIN
MINOR;#VII:DIM,I:MIN,II:MAJ,V:MAJ,I:MIN,V:MAJ,I:MIN,II:MAJ,V:MAJ,I:MAJ,IV:MIN,II:DIM,#VII:DIM,V:MAJ,I:MIN,IV:MIN,III:MAJ,II:DIM,#VII:DIM,I:MIN,#IV:DIM,V:MAJ,#VII:DIM,I:MIN,#VII:DIM,I:MIN,II:DIM,V:MAJ,I:MIN,I:MAJ,IV:MIN,I:MAJ,IV:MIN,II:DIM,IV:MIN,#VII:DIM,I:MIN
MAJOR;I:MAJ,II:MIN,I:MAJ,IV:MAJ,II:MIN,VII:DIM,I:MAJ,IV:MAJ,VII:DIM,I:MAJ,V:MAJ,I:MAJ,V:MAJ,I:MAJ
MAJOR;VII:DIM,I:MAJ,VI:MIN,V:MAJ,I:MAJ
MAJOR;I:MAJ,II:MIN,I:MAJ,IV:MAJ,II:MIN,VII:DIM,I:MAJ,IV:MAJ,VII:DIM,I:MAJ,V:MAJ,I:MAJ,V:MAJ,I:MAJ,IV:MAJ,#I:DIM,II:MIN,#IV:DIM,V:MAJ,VII:DIM,I:MAJ,IV:MAJ,V:MAJ,IV:MAJ,VII:DIM,I:MAJ,VII:DIM,I:MAJ,VI:MAJ,II:MIN,V:MAJ,I:MAJ,IV:MAJ,I:MAJ,IV:MAJ,V:MAJ,I:MAJ
MAJOR;II:MIN,V:MAJ,I:MAJ,IV:MAJ,II:MAJ,V:MAJ,I:MAJ,V:MAJ,I:MAJ,V:MAJ,I:MAJ,V:MAJ,I:MAJ,V:MAJ,I:MAJ,V:MAJ,I:MAJ,V:MAJ,I:MAJ,V:MAJ,I:MAJ,V:MAJ,I:MAJ,V:MAJ,I:MAJ,V:MAJ,I:MAJ,V:MAJ,I:MAJ,#I:DIM,II:MIN,III:DIM,I:MAJ,IV:MAJ,#IV:DIM,V:MAJ,I:MAJ,VI:MIN,II:MIN,V:MAJ,I:MAJ,IV:MAJ,I:MAJ,V:MAJ,I:MAJ,IV:MAJ,I:MAJ,V:MAJ,I:MAJ
MAJOR;I:MAJ,V:MAJ,I:MAJ,II:MAJ,V:MAJ,I:MAJ,II:MIN,I:MAJ,IV:MAJ,II:MIN,VII:DIM,I:MAJ,IV:MAJ,VII:DIM,I:MAJ,V:MAJ,I:MAJ,V:MAJ,I:MAJ
MAJOR;VII:DIM,I:MAJ,VI:MIN,V:MAJ,I:MAJ
MAJOR;I:MAJ,II:MIN,I:MAJ,IV:MAJ,II:MIN,VII:DIM,I:MAJ,IV:MAJ,VII:DIM,I:MAJ,V:MAJ,I:MAJ,V:MAJ,I:MAJ,IV:MAJ,#I:DIM,II:MIN,#IV:DIM,V:MAJ,VII:DIM,I:MAJ,IV:MAJ,V:MAJ,IV:MAJ,VII:DIM,I:MAJ,VII:DIM,I:MAJ,VI:MAJ,II:MIN,V:MAJ,I:MAJ,IV:MAJ,I:MAJ,IV:MAJ,V:MAJ,I:MAJ
MINOR;I:MIN,#VII:DIM,I:MIN,IV:MIN,#III:DIM,IV:MIN,II:DIM,#VII:DIM,I:MIN,#IV:DIM,V:MAJ
MAJOR;I:MAJ,II:MIN,I:MAJ,VII:DIM,I:MAJ,VII:DIM,I:MAJ,II:MIN,I:MAJ,IV:MAJ,II:MIN,I:MAJ,V:MAJ,I:MAJ,VI:MIN,V:MAJ,VI:MIN,V:MAJ,#I:DIM,II:MIN,V:MAJ,I:MAJ,VI:MIN,V:MAJ,VII:DIM,I:MAJ,VII:DIM,I:MAJ,VII:DIM,IV:MAJ,I:MAJ,II:MIN,VII:DIM,I:MAJ,II:MIN,I:MAJ,II:MIN,IV:MAJ,I:MAJ,II:MIN,VII:DIM,I:MAJ,IV:MAJ,I:MAJ,IV:MAJ,V:MAJ,VI:MIN,#V:DIM,VI:MIN,VII:DIM,I:MAJ,#V:DIM,VI:MIN,I:MAJ,IV:MAJ,V:MAJ,VI:MIN,VII:DIM,I:MAJ,VI:MIN,II:MIN,V:MAJ,I:MAJ,IV:MAJ,I:MAJ,V:MAJ,I:MAJ,IV:MAJ,I:MAJ,V:MAJ,I:MAJ
MINOR;V:MAJ,I:MIN,#VII:DIM,I:MIN,V:MAJ,VI:MAJ,#III:DIM,IV:MIN,V:MAJ,VI:MAJ,#IV:MAJ,V:MAJ,I:MIN,#VII:DIM,I:MIN,V:MAJ,VI:MAJ,#III:DIM,IV:MIN,V:MAJ,I:MIN,IV:MIN,I:MIN,V:MAJ,I:MIN,IV:MIN,#III:DIM,IV:MIN,#III:DIM,IV:MIN,#VII:DIM,I:MIN,#VII:DIM,I:MIN,#IV:MAJ,V:MAJ,II:MAJ,V:MAJ,II:MAJ,V:MAJ
MAJOR;I:MAJ,II:MIN,I:MAJ,IV:MAJ,II:MIN,VII:DIM,I:MAJ,IV:MAJ,VII:DIM,I:MAJ,V:MAJ,I:MAJ,V:MAJ,I:MAJ
MAJOR;VII:DIM,I:MAJ,VI:MIN,V:MAJ,I:MAJ
MAJOR;I:MAJ,II:MIN,I:MAJ,IV:MAJ,II:MIN,VII:DIM,I:MAJ,IV:MAJ,VII:DIM,I:MAJ,V:MAJ,I:MAJ,V:MAJ,I:MAJ,IV:MAJ,#I:DIM,II:MIN,#IV:DIM,V:MAJ,VII:DIM,I:MAJ,IV:MAJ,V:MAJ,IV:MAJ,VII:DIM,I:MAJ,VII:DIM,I:MAJ,VI:MAJ,II:MIN,V:MAJ,I:MAJ,IV:MAJ,I:MAJ,IV:MAJ,#IV:DIM,V:MAJ,I:MAJ,V:MAJ,I:MAJ,V:MAJ,I:MAJ,V:MAJ,I:MAJ,IV:MAJ,I:MAJ,IV:MAJ,VI:MAJ,II:MIN,II:MAJ,V:MAJ,II:MAJ,V:MAJ,I:MAJ,V:MAJ,I:MAJ,III:MAJ,VI:MIN,I:MAJ,IV:MAJ,II:MAJ,V:MAJ,III:MAJ,VI:MIN,V:MAJ,I:MAJ,II:MIN,I:MAJ,VII:DIM,VI:MIN,VII:DIM,V:MAJ,#IV:DIM,III:MIN,IV:MAJ,II:MIN,I:MAJ,VII:DIM,I:MAJ,VI:MIN,V:MAJ,#IV:DIM,V:MAJ,#IV:DIM,V:MAJ,I:MAJ,II:MIN,I:MAJ,IV:MAJ,II:MIN,VII:DIM,I:MAJ,IV:MAJ,VII:DIM,I:MAJ,V:MAJ,I:MAJ,V:MAJ,I:MAJ,IV:MAJ,#I:DIM,II:MIN,#IV:DIM,V:MAJ,VII:DIM,I:MAJ,IV:MAJ,II:MIN,V:MAJ,I:MAJ,V:MAJ,I:MAJ,V:MAJ,I:MAJ,V:MAJ,I:MAJ,V:MAJ,I:MAJ
MAJOR;I:MAJ,IV:MAJ,VII:DIM,V:MAJ,I:MAJ,VII:DIM,I:MAJ,IV:MAJ,V:MAJ,I:MAJ,VI:MIN,#V:DIM,VI:MIN,V:MAJ,IV:MAJ,I:MAJ,IV:MAJ,I:MAJ,IV:MAJ,I:MAJ,II:MIN,V:MAJ,I:MAJ,VI:MIN,#V:DIM,VI:MIN,V:MAJ,IV:MAJ,I:MAJ,IV:MAJ,I:MAJ,II:MIN,II:MAJ,V:MAJ,IV:MAJ,VII:DIM,I:MAJ,II:MIN,V:MAJ,I:MAJ,IV:MAJ,VII:DIM,V:MIN,VI:MAJ,II:MIN,V:MAJ
MAJOR;VI:MIN,VI:MAJ,VII:DIM,V:MAJ,VI:MIN,VI:MAJ,II:MIN,#IV:DIM,V:MAJ,I:MAJ,VI:MIN,VI:MAJ,VII:DIM,V:MAJ,VI:MIN,VI:MAJ,II:MIN,VII:DIM,#IV:DIM,V:MAJ,I:MAJ,V:MAJ,I:MAJ,V:MAJ,VI:MIN,V:MAJ,I:MAJ,V:MAJ,I:MAJ,V:MAJ,I:MAJ,IV:MAJ,I:MAJ,V:MAJ,I:MAJ,II:MIN,V:MAJ,I:MAJ,II:MIN,V:MAJ
MINOR;I:MIN,V:MAJ,I:MIN,V:MAJ,I:MIN,IV:MIN,V:MAJ,I:MIN,V:MAJ,#III:DIM,IV:MIN,V:MAJ,VI:MAJ,II:DIM,V:MAJ,VI:MAJ,I:MAJ,IV:MIN,II:DIM,#IV:DIM,V:MAJ,I:MIN,V:MAJ,I:MIN,V:MAJ
MAJOR;I:MAJ,V:MAJ,I:MAJ,V:MAJ,I:MAJ,V:MAJ,I:MAJ,I:AUG,IV:MAJ,V:MAJ,I:MAJ,V:MAJ,I:MAJ,V:MAJ,I:MAJ,V:MAJ,I:MAJ,I:AUG,IV:MAJ,#IV:DIM,V:MAJ,I:MAJ,IV:MAJ,V:MAJ,IV:MAJ,I:MAJ,IV:MAJ,VII:DIM,I:MAJ,II:MIN,I:MAJ,IV:MAJ,V:MAJ,IV:MAJ,I:MAJ,IV:MAJ,VII:DIM,I:MAJ,V:MAJ,I:MAJ,V:MAJ,I:MAJ,VII:DIM,I:MAJ,IV:MAJ,V:MAJ,I:MAJ,VI:MIN,#V:DIM,VI:MIN,V:MAJ,IV:MAJ,I:MAJ,IV:MAJ,I:MAJ,II:MIN,V:MAJ
MINOR;I:MIN,IV:MIN,#VII:DIM
MINOR;#VII:DIM,I:MIN
MAJOR;IV:MAJ,VI:MAJ,II:MIN,VII:DIM,V:MAJ,I:MAJ,VII:DIM,I:MAJ,IV:MAJ,V:MAJ,I:MAJ,VI:MIN,#V:DIM,VI:MIN,V:MAJ,IV:MAJ,I:MAJ,IV:MAJ,I:MAJ,IV:MAJ,I:MAJ,II:MIN,V:MAJ,I:MAJ,VI:MIN,#V:DIM,VI:MIN,V:MAJ,IV:MAJ,I:MAJ,IV:MAJ,I:MAJ,V:MAJ,I:MAJ,V:MAJ,I:MAJ
MINOR;IV:MIN,V:MAJ,I:MIN,V:MAJ,I:MIN,V:MAJ,I:MIN,V:MAJ,I:MIN,V:MAJ,I:MIN
MINOR;IV:MIN,V:MAJ,I:MIN,V:MAJ,I:MIN,V:MAJ,I:MIN,#IV:DIM
MINOR;V:MAJ,I:MIN
MINOR;V:MAJ,I:MIN,V:MAJ,I:MIN,V:MAJ,I:MIN,V:MAJ,I:MIN,V:MAJ,I:MIN,VI:MAJ,VII:MAJ,V:MIN,VI:MAJ,IV:MIN,V:MAJ,#VII:DIM,I:MIN,V:MAJ,VI:MAJ,I:MAJ,IV:MIN,#VII:DIM,I:MIN,II:DIM,V:MAJ,I:MIN,VI:MAJ,I:MAJ,IV:MIN,I:MAJ,IV:MIN,#VII:DIM,I:MIN,VI:MAJ,I:MAJ,IV:MIN,I:MAJ
MINOR;#VII:DIM,I:MIN,#VII:DIM,I:MIN,VI:MAJ,I:MAJ,IV:MIN,I:MAJ
MAJOR;#I:DIM,II:MIN,#I:DIM,II:MIN,V:MAJ,II:MIN,VII:DIM,I:MAJ,II:MIN,I:MAJ,IV:MAJ,VII:DIM,V:MIN,VI:MAJ,II:MAJ,V:MAJ,I:MAJ,IV:MAJ,II:MIN,#IV:DIM,V:MAJ,I:MAJ,VI:MIN,VI:MAJ,VII:DIM,V:MAJ,VI:MIN,VI:MAJ,II:MIN,#IV:DIM,V:MAJ,I:MAJ,VI:MIN,VI:MAJ,VII:DIM,V:MAJ,VI:MIN,VI:MAJ,II:MIN,VII:DIM,#IV:DIM,V:MAJ,I:MAJ,V:MAJ,I:MAJ,V:MAJ,VI:MIN,V:MAJ,I:MAJ,V:MAJ,I:MAJ,V:MAJ,I:MAJ,IV:MAJ,I:MAJ,V:MAJ,I:MAJ,II:MIN,V:MAJ,I:MAJ,V:MAJ,I:MAJ,II:MIN,V:MAJ,I:MAJ,II:MIN,V:MAJ
MINOR;I:MIN,V:MAJ,I:MIN,V:MAJ,I:MIN,IV:MIN,V:MAJ,I:MIN,V:MAJ,#III:DIM,IV:MIN,V:MAJ,VI:MAJ,II:DIM,V:MAJ,VI:MAJ,I:MAJ,IV:MIN,#IV:DIM,V:MAJ,I:MIN,V:MAJ,I:MIN,V:MAJ
MAJOR;V:MAJ,I:MAJ,V:MAJ,I:MAJ,V:MAJ,I:MAJ,V:MAJ,I:MAJ,I:AUG,IV:MAJ,V:MAJ,I:MAJ,V:MAJ,I:MAJ,V:MAJ,I:MAJ,V:MAJ,I:MAJ,I:AUG,IV:MAJ,#IV:DIM,V:MAJ,I:MAJ,IV:MAJ,#IV:MAJ,V:MAJ,I:MAJ,VI:MIN,V:MAJ,IV:MAJ,I:MAJ,IV:MAJ,VII:DIM,I:MAJ,II:MIN,I:MAJ,VI:MIN,V:MAJ,IV:MAJ,I:MAJ,IV:MAJ,VII:DIM,I:MAJ,V:MAJ,I:MAJ,V:MAJ,I:MAJ,V:MAJ,I:MAJ,V:MAJ,I:MAJ
MAJOR;I:MAJ,II:MIN,I:MAJ,IV:MAJ,VII:DIM,I:MAJ,V:MAJ,IV:MAJ,V:MAJ,I:MAJ,V:MAJ,I:MAJ,V:MAJ,I:MAJ,V:MAJ,I:MAJ,IV:MAJ,II:MIN,V:MAJ,I:MAJ,II:MIN,I:MAJ,III:MAJ,IV:MAJ,#I:DIM,II:MIN,VII:DIM,I:MAJ,#IV:DIM,V:MAJ,I:MAJ,V:MAJ,IV:MAJ,I:MAJ,#V:DIM,IV:MAJ,V:MAJ,I:MAJ
MAJOR;VI:MAJ,II:MIN,VII:DIM,V:MAJ,I:MAJ,VII:DIM,V:MAJ,I:MAJ,II:MIN,IV:MAJ,II:MIN,IV:MAJ,II:MAJ,V:MAJ,VI:MIN,IV:MAJ,V:MAJ,VI:MIN,III:DIM,IV:MAJ,III:DIM,IV:MAJ,VII:DIM,I:MAJ,IV:MAJ,II:MIN,V:MAJ,I:MAJ
MINOR;#VII:DIM,I:MIN,#VII:DIM,I:MIN,V:MAJ,VI:MAJ,II:DIM,V:MAJ,I:MIN
MAJOR;V:MAJ,II:MIN,V:MAJ,I:MAJ,II:MIN,I:MAJ,III:MAJ,IV:MAJ,#I:DIM,II:MIN,VII:DIM,I:MAJ,#V:DIM,VI:MIN,IV:MAJ,V:MAJ,I:MAJ,V:MAJ,IV:MAJ,I:MAJ,#V:DIM,IV:MAJ,V:MAJ,I:MAJ,II:MIN,IV:MAJ,VII:DIM,I:MAJ,V:MAJ,I:MAJ,II:MIN,IV:MAJ,VII:DIM,I:MAJ
MAJOR;I:MAJ,V:MAJ,I:MAJ,IV:MAJ,I:MAJ,IV:MAJ,VII:DIM,I:MAJ,VI:MIN,V:MAJ,IV:MAJ,I:MAJ,VI:MIN,V:MAJ,IV:MAJ,I:MAJ,V:MAJ,I:MAJ,V:MAJ,I:MAJ,V:MAJ,I:MAJ,V:MAJ,I:MAJ,V:MAJ
MAJOR;VII:DIM,I:MAJ,IV:MAJ,I:MAJ,V:MAJ,I:MAJ
MAJOR;I:MAJ,VII:DIM,I:MAJ
MAJOR;V:MAJ,I:MAJ,VII:DIM,I:MAJ,VII:DIM,I:MAJ,VII:DIM,I:MAJ,VII:DIM,I:MAJ,VI:MIN,IV:MAJ,II:MIN,VII:DIM,I:MAJ,II:MIN,I:MAJ,IV:MAJ,V:MAJ,VI:MIN,VII:DIM,I:MAJ,III:MAJ,VI:MIN,I:MAJ,IV:MAJ,VI:MAJ,II:MIN,V:MAJ,I:MAJ,II:MIN,V:MAJ
MINOR;I:MIN,II:DIM,I:MIN,V:MAJ,I:MIN,II:DIM,I:MIN
MINOR;V:MAJ,I:MIN,II:DIM,I:MIN,V:MAJ,I:MIN,II:DIM,I:MIN,#III:DIM
MINOR;#VII:DIM,I:MIN,#VII:DIM,I:MIN,V:MAJ,VI:MAJ,#III:DIM,IV:MIN,I:MAJ,IV:MIN,V:MAJ,VI:MAJ,I:MAJ,IV:MIN,#IV:MAJ,V:MAJ,#IV:MAJ,V:MAJ,#IV:MAJ,V:MAJ
MAJOR;I:MAJ,II:MIN,VII:DIM,I:MAJ,II:MIN,VII:DIM,I:MAJ,VI:MIN,V:MAJ,IV:MAJ,I:MAJ,VI:MIN,V:MAJ,IV:MAJ,I:MAJ,IV:MAJ,VII:DIM,III:MIN,VI:MAJ,II:MIN,V:MAJ,I:MAJ,IV:MAJ,III:MIN,II:MIN,V:MAJ,I:MAJ,II:MIN,VII:DIM,I:MAJ,II:MIN,VII:DIM,I:MAJ,VI:MIN,IV:MAJ,V:MAJ,I:MAJ,VI:MIN,II:MIN,V:MAJ,I:MAJ,V:MAJ,I:MAJ,V:MAJ,I:MAJ
MINOR;I:MIN,VI:MAJ
MAJOR;I:MAJ,V:MAJ,I:MAJ
MAJOR;VII:DIM,I:MAJ
MAJOR;II:MIN,VII:DIM,I:MAJ,II:MIN,VII:DIM,I:MAJ,II:MIN,VII:DIM,I:MAJ,VI:MIN,V:MAJ,IV:MAJ,I:MAJ,VI:MIN,V:MAJ,IV:MAJ,I:MAJ,V:MAJ,I:MAJ,V:MAJ,I:MAJ,V:MAJ,I:MAJ,V:MAJ,I:MAJ,V:MAJ
MAJOR;VII:DIM,I:MAJ,IV:MAJ,I:MAJ,V:MAJ,I:MAJ
MAJOR;I:MAJ,II:MIN,I:MAJ,V:MAJ,I:MAJ,II:MIN,I:MAJ
MINOR;V:MAJ,I:MIN,II:DIM,I:MIN,V:MAJ,I:MIN,II:DIM,I:MIN
MINOR;V:MAJ,II:MIN
MAJOR;VII:DIM,I:MAJ
MAJOR;I:MAJ
MAJOR;VII:DIM,I:MAJ
MINOR;I:MIN
MAJOR;VII:DIM,I:MAJ
MAJOR;I:MAJ
MINOR;#VII:DIM,I:MIN
MAJOR;VII:DIM,I:MAJ
MINOR;#VII:DIM,I:MIN
MINOR;V:MAJ,VI:MAJ,I:MAJ,IV:MIN,#IV:MAJ,V:MAJ,#VII:DIM,I:MIN,II:DIM,I:MIN,#VII:DIM,I:MIN,#IV:MAJ,V:MAJ,#VII:DIM,I:MIN,II:DIM,I:MIN,#VII:DIM,I:MIN,#IV:MAJ,V:MAJ,I:MIN,V:MAJ,#IV:DIM,V:MAJ
MAJOR;I:MAJ,VII:DIM,I:MAJ,#I:DIM,II:MIN,VII:DIM,I:MAJ,VII:DIM,I:MAJ,VII:DIM,I:MAJ,VII:DIM,I:MAJ,VI:MIN,IV:MAJ,II:MIN,VII:DIM,I:MAJ,II:MIN,I:MAJ,IV:MAJ,V:MAJ,VI:MIN,VII:DIM,I:MAJ,III:MAJ,VI:MIN,I:MAJ,IV:MAJ,II:MAJ,V:MAJ,III:MAJ,VI:MIN,V:MAJ,I:MAJ,V:MAJ,I:MAJ,II:MIN,V:MAJ
MINOR;I:MIN,II:DIM,I:MIN,V:MAJ,I:MIN,II:DIM,I:MIN
MINOR;V:MAJ,I:MIN,II:DIM,I:MIN,V:MAJ,I:MIN,II:DIM,I:MIN,#III:DIM
MINOR;#VII:DIM,I:MIN,#VII:DIM,I:MIN,V:MAJ,VI:MAJ,#III:DIM,IV:MIN,I:MAJ,IV:MIN,V:MAJ,VI:MAJ,I:MAJ,IV:MIN,#IV:MAJ,V:MAJ,#IV:MAJ,V:MAJ,#IV:MAJ,V:MAJ
MAJOR;I:MAJ,II:MIN,VII:DIM,I:MAJ,II:MIN,VII:DIM,I:MAJ,VI:MIN,V:MAJ,IV:MAJ,I:MAJ,VI:MIN,V:MAJ,IV:MAJ,I:MAJ,IV:MAJ,VII:DIM,III:MIN,VI:MAJ,II:MIN,V:MAJ,I:MAJ,IV:MAJ,III:MIN,II:MIN,V:MAJ,I:MAJ,II:MIN,VII:DIM,I:MAJ,II:MIN,VII:DIM,I:MAJ,VI:MIN,IV:MAJ,V:MAJ,I:MAJ,VI:MIN,II:MIN,V:MAJ,I:MAJ,V:MAJ,I:MAJ,V:MAJ,I:MAJ,V:MAJ,I:MAJ,V:MAJ,I:MAJ
MINOR;V:MAJ,I:MIN,#VII:DIM,II:MAJ,V:MAJ,I:MIN,V:MAJ,I:MIN,VI:MAJ,VII:MAJ,III:MAJ,#VII:DIM,I:MIN,#IV:DIM,V:MAJ,I:MIN,bII:MAJ
MINOR;#VII:DIM,I:MIN,V:MAJ,I:MIN
MINOR;V:MAJ,I:MIN,#IV:DIM,V:MAJ,VI:MAJ,V:MAJ,#VII:DIM,I:MIN,II:DIM,I:MIN,#VII:DIM,I:MIN,#VII:DIM,I:MIN,#IV:MAJ,V:MAJ
MAJOR;I:MAJ,IV:MAJ,I:MAJ,V:MAJ,III:MIN,V:MAJ
MINOR;I:MIN,IV:MIN,I:MIN,V:MAJ,I:MIN,V:MAJ,VI:MAJ,V:MAJ,#IV:DIM,V:MAJ,VI:MAJ,V:MIN,#IV:MAJ,V:MAJ,#VII:DIM,V:MAJ,I:MIN,#VII:DIM,I:MIN,II:DIM,V:MAJ,I:MIN
MAJOR;V:MAJ,I:MAJ,IV:MAJ,I:MAJ,V:MAJ,III:MIN,V:MAJ
MINOR;I:MIN,IV:MIN,I:MIN
MINOR;#VII:DIM,I:MIN,#VII:DIM,IV:MIN,#VII:DIM,V:MAJ,I:MIN,V:MAJ,IV:MIN,VI:MAJ,II:MAJ,V:MAJ,VI:MAJ,V:MIN,#IV:MAJ,V:MAJ,II:DIM,I:MIN,V:MAJ,#IV:DIM,V:MAJ,I:MAJ,V:MAJ,I:MAJ,V:MAJ,I:MAJ,V:MAJ
MINOR;I:MIN,#VII:DIM,I:MIN,#VII:DIM,I:MIN,#VII:DIM,I:MIN,IV:MIN,II:DIM,#VII:DIM,V:MAJ,I:MIN,V:MIN,#IV:MAJ,V:MAJ,I:MIN,V:MAJ,I:MIN,V:MAJ,I:MIN,#IV:DIM,V:MAJ,I:MIN,#VII:DIM,I:MIN,#VII:DIM,I:MIN,II:DIM,I:MIN,#VII:DIM,I:MIN,II:DIM,I:MIN
MINOR;#VII:DIM,I:MIN,II:DIM,I:MIN,#VII:DIM,I:MIN,II:DIM,I:MIN
MAJOR;VI:MIN,V:MAJ,I:MAJ,IV:MAJ,V:MAJ,I:MAJ,V:MAJ,VI:MIN,#IV:DIM,V:MAJ,I:MAJ,V:MAJ,VI:MIN,#IV:DIM,V:MAJ,#IV:DIM,V:MAJ,#IV:DIM,V:MAJ,I:MAJ,V:MAJ,I:MAJ,II:MIN,V:MAJ,I:MAJ,V:MAJ,I:MAJ,V:MAJ,I:MAJ,V:MAJ,I:MAJ,V:MAJ,I:MAJ,V:MAJ,I:MAJ,V:MAJ,I:MAJ,VII:DIM,I:MAJ,VI:MIN,IV:MAJ,II:MIN,V:MAJ,I:MAJ,II:MIN,V:MAJ,I:MAJ,V:MAJ,I:MAJ,V:MAJ,I:MAJ,V:MAJ,VI:MIN,II:MIN,V:MAJ,I:MAJ,V:MAJ,I:MAJ,V:MAJ,I:MAJ,V:MAJ,VI:MIN,#I:DIM,II:MIN,#IV:DIM,V:MAJ,#V:DIM,VI:MIN,VII:DIM,VI:MIN,#I:DIM,II:MIN,III:DIM,II:MIN,VI:MIN,V:MAJ,I:MAJ,III:DIM,IV:MAJ,VI:MAJ,II:MIN,I:MAJ,V:MAJ,I:MAJ,VII:DIM,IV:MAJ,V:MAJ,VII:DIM,I:MAJ,II:MIN,V:MAJ,I:MAJ,VI:MIN,IV:MAJ,II:MIN,V:MAJ,I:MAJ,II:MIN,V:MAJ,I:MAJ,II:MIN,V:MAJ,VII:DIM,I:MAJ,II:MIN,V:MAJ,VII:DIM,I:MAJ,V:MAJ,I:MAJ,II:MIN,V:MAJ,I:MAJ,VII:DIM,I:MAJ,VII:DIM,I:MAJ,V:MAJ,I:MAJ,V:MAJ,I:MAJ
MINOR;V:MAJ,II:DIM,V:MAJ,I:MIN,#IV:MAJ,V:MAJ
MINOR;I:MIN,#VII:DIM
MINOR;V:MAJ,#VII:DIM,I:MIN,II:DIM,I:MIN,#VII:DIM,I:MIN
MINOR;V:MAJ,I:MIN,II:DIM,I:MIN,#VII:DIM,I:MIN
MINOR;V:MAJ,I:MIN,V:MAJ,I:MIN,#VII:DIM
MINOR;#VII:DIM,V:MAJ
MINOR;#VII:DIM,V:MAJ,#VII:DIM,I:MIN,#VII:DIM,I:MIN,#VII:DIM,I:MIN,#III:DIM,IV:MIN,III:MAJ,II:DIM,I:MIN,#VII:DIM,IV:MIN,#VII:DIM,V:MAJ,I:MIN,#IV:MAJ,V:MAJ,I:MIN,V:MAJ,I:MIN,V:MAJ,I:MIN,V:MAJ,I:MIN,V:MAJ,I:MIN,V:MAJ,I:MIN,V:MAJ,#VII:DIM,V:MAJ,#VII:DIM,V:MAJ,#VII:DIM,V:MAJ,I:MIN,#VII:DIM,I:MIN,#VII:DIM,I:MIN,#VII:DIM,I:MIN,#VII:DIM,V:MAJ,I:MIN
MINOR;V:MAJ,I:MIN,II:DIM,I:MIN,#VII:DIM,I:MIN,II:DIM,I:MIN
MINOR;#VII:DIM,I:MIN,II:DIM,I:MIN,#VII:DIM,I:MIN,II:DIM,I:MIN,#IV:DIM,V:MAJ,VII:DIM,I:MIN,IV:MIN,V:MAJ,I:MIN,V:MAJ,I:MIN,#IV:DIM,V:MAJ,I:MIN,V:MAJ,I:MIN,#IV:DIM,V:MAJ,I:MIN
MINOR;V:MAJ,I:MIN,V:MAJ,I:MIN,#IV:DIM,V:MAJ,I:MIN,V:MAJ,I:MIN
MINOR;#VII:DIM,I:MIN,#VII:DIM,I:MIN,#VII:DIM,I:MIN,#IV:MAJ,V:MAJ,I:MIN,V:MAJ,I:MIN,II:DIM,#III:DIM,I:MAJ,IV:MIN,II:MAJ,#IV:MAJ,V:MAJ,I:MIN,V:MAJ,I:MIN,V:MAJ,I:MIN,V:MAJ,I:MIN,#VII:DIM,I:MIN,V:MAJ,I:MIN,V:MAJ,I:MIN,#VII:DIM,I:MIN,V:DIM,VI:MAJ,IV:MIN,VII:MAJ,III:MAJ,VI:MAJ,II:DIM,V:MAJ,I:MIN,II:DIM,V:MAJ,I:MIN,V:MAJ,I:MIN,V:MAJ,I:MIN,V:MAJ,VI:MAJ,II:DIM,V:MAJ,I:MIN,V:MAJ,I:MIN,V:MAJ,I:MIN,V:MAJ,VI:MAJ,I:MAJ,IV:MIN,#IV:DIM,V:MAJ,#VII:DIM,I:MIN,II:DIM,I:MIN,#III:DIM,IV:MIN,V:DIM,IV:MIN,I:MIN,#VII:DIM,I:MIN,#III:DIM,IV:MIN,VI:MAJ,II:DIM,III:MAJ,V:MAJ,I:MIN,#VII:DIM,IV:MIN,V:MAJ,#VII:DIM,I:MIN,II:DIM,V:MAJ,I:MIN,IV:MIN,VII:MAJ,III:MAJ,VI:MAJ,II:DIM,V:MAJ,#VII:DIM,V:MAJ,I:MIN,II:DIM,V:MAJ,I:MIN,II:DIM,V:MAJ,#VII:DIM,I:MIN,II:DIM,V:MAJ,#VII:DIM,I:MIN,V:MAJ,I:MIN,II:DIM,V:MAJ,I:MIN,#VII:DIM,I:MIN,#VII:DIM,I:MIN,#VII:DIM,I:MIN,#VII:DIM,I:MIN,V:MAJ,I:MIN,V:MAJ,I:MIN,II:MAJ,I:MIN,II:MAJ,I:MIN,I:MAJ,IV:MIN,I:MAJ,IV:MIN,I:MAJ,IV:MIN,I:MIN,II:MAJ,I:MIN,II:MAJ,I:MIN,I:MAJ,IV:MIN,I:MAJ,IV:MIN,I:MAJ,IV:MIN,V:MAJ,I:MIN
MINOR;V:MAJ,I:MIN,#VII:DIM,II:DIM,IV:MIN,V:MAJ,I:MIN,V:MAJ,VI:MAJ,V:MAJ,#VII:DIM,I:MIN,#VII:DIM,I:MIN,V:MAJ,VI:MAJ,IV:MIN,V:MAJ,I:MIN
MAJOR;IV:MAJ,VII:DIM,V:MAJ,I:MAJ,II:MIN,V:MAJ,VI:MIN,V:MAJ,I:MAJ,II:MIN,I:MAJ,IV:MAJ,#I:DIM,II:MIN,VII:DIM,V:MAJ,I:MAJ,IV:MAJ,V:MAJ,I:MAJ
MINOR;V:MAJ,I:MIN,V:MAJ,I:MIN,V:MAJ,I:MIN,V:MAJ,II:DIM,V:MAJ,II:DIM,V:MAJ,II:DIM,V:MAJ,I:MIN,#VII:DIM,II:DIM,IV:MIN,V:MAJ,I:MIN,V:MAJ,VI:MAJ,V:MAJ,#VII:DIM,I:MIN,#VII:DIM,I:MIN,V:MAJ,VI:MAJ,IV:MIN,V:MAJ,I:MIN
MAJOR;V:MAJ,I:MAJ,V:MAJ,I:MAJ,#IV:DIM,II:MAJ,V:MAJ,I:MAJ,IV:MAJ,VI:MAJ,II:MIN,V:MAJ,I:MAJ,II:MAJ,V:MAJ,II:MAJ,V:MAJ,II:MAJ,V:MAJ,I:MAJ,V:MAJ,I:MAJ,II:MIN,#IV:DIM,V:MAJ,I:MAJ,IV:MAJ,V:MAJ,I:MAJ
MINOR;V:MAJ,I:MIN,#VII:DIM,II:DIM,IV:MIN,V:MAJ,I:MIN,V:MAJ,VI:MAJ,V:MAJ,#VII:DIM,I:MIN,#VII:DIM,I:MIN,V:MAJ,VI:MAJ,IV:MIN,V:MAJ,I:MIN,V:MAJ,VI:MAJ,V:MAJ,#VII:DIM,I:MIN,II:DIM,I:MIN,#III:DIM,IV:MIN,V:MAJ,I:MIN
MAJOR;V:MAJ,I:MAJ,V:MAJ,I:MAJ,#IV:DIM,II:MAJ,V:MAJ,I:MAJ,IV:MAJ,VI:MAJ,II:MIN,V:MAJ,I:MAJ,II:MAJ,V:MAJ,II:MAJ,V:MAJ,II:MAJ,V:MAJ,I:MAJ,V:MAJ,I:MAJ,IV:MAJ,#IV:DIM,V:MAJ,I:MAJ,IV:MAJ,V:MAJ,I:MAJ
MINOR;V:MAJ,I:MIN,#VII:DIM,II:DIM,IV:MIN,V:MAJ,I:MIN,V:MAJ,VI:MAJ,V:MAJ,#VII:DIM,I:MIN,#VII:DIM,I:MIN,V:MAJ,VI:MAJ,IV:MIN,V:MAJ,I:MIN
MAJOR;V:MAJ,I:MAJ,IV:MAJ,II:MIN,V:MAJ,VI:MIN,V:MAJ,I:MAJ,II:MIN,I:MAJ,IV:MAJ,I:MAJ,II:MIN,VII:DIM,V:MAJ,VII:DIM,I:MAJ,IV:MAJ,V:MAJ,I:MAJ,V:MAJ,VI:MIN,V:MAJ,VII:DIM,I:MAJ,VII:DIM,I:MAJ,#V:DIM,VI:MIN,II:MIN,V:MAJ,I:MAJ
MINOR;V:MAJ,I:MIN,V:MAJ,I:MIN,V:MAJ,I:MIN,V:MAJ,II:DIM,V:MAJ,II:DIM,V:MAJ,II:DIM,V:MAJ,I:MIN,#VII:DIM,II:DIM,IV:MIN,V:MAJ,I:MIN,V:MAJ,VI:MAJ,V:MAJ,#VII:DIM,I:MIN,#VII:DIM,I:MIN,V:MAJ,VI:MAJ,IV:MIN,V:MAJ,I:MIN,V:MAJ,VI:MAJ,V:MAJ,#VII:DIM,I:MIN,II:DIM,I:MIN,#III:DIM,IV:MIN,V:MAJ,I:MIN,IV:MIN,V:MAJ,VI:MAJ,I:MIN,II:DIM,V:MAJ,I:MIN,#VII:DIM,I:MIN,#VII:DIM,I:MIN,V:MAJ,I:MIN,V:MAJ,I:MIN
MAJOR;I:MAJ,V:MAJ,I:MAJ,V:MAJ,I:MAJ,V:MAJ,IV:MAJ,I:MAJ,IV:MAJ,I:MAJ,V:MAJ,VII:DIM,I:MAJ,V:MAJ,I:MAJ,V:MAJ,I:MAJ,V:MAJ,VI:MIN,V:MAJ,VII:DIM,I:MAJ,V:MAJ,I:MAJ,V:MAJ,I:MAJ,V:MAJ,VI:MIN,V:MAJ,VII:DIM,I:MAJ,IV:MAJ,V:MAJ,VII:DIM,I:MAJ,VII:DIM,IV:MAJ,#V:DIM,IV:MAJ,V:MAJ,IV:MAJ,I:MAJ,V:MAJ,I:MAJ,V:MAJ,I:MAJ,V:MAJ,I:MAJ,V:MAJ
MAJOR;V:MAJ,I:MAJ,V:MAJ,I:MAJ,V:MAJ,I:MAJ
MAJOR;I:MAJ,V:MAJ,I:MAJ
MAJOR;II:MIN,VII:DIM,V:MAJ,I:MAJ,IV:MAJ,I:MAJ,II:MIN,I:MAJ,IV:MAJ,I:MAJ,II:MIN,I:MAJ,#IV:DIM,V:MAJ,I:MAJ,V:MAJ,I:MAJ,IV:MAJ,V:MAJ,IV:MAJ,I:MAJ,IV:MAJ,I:MAJ,IV:MAJ,I:MAJ,IV:MAJ,I:MAJ,IV:MAJ,V:MAJ,IV:MAJ,I:MAJ,IV:MAJ,I:MAJ,IV:MAJ,I:MAJ,IV:MAJ,I:MAJ,V:MAJ,#V:DIM,IV:MAJ,VI:MIN,I:MAJ,#IV:DIM,II:MAJ,V:MAJ,I:MAJ,VI:MIN,V:MAJ,I:MAJ,IV:MAJ,V:MAJ,IV:MAJ,I:MAJ,IV:MAJ,I:MAJ,IV:MAJ,I:MAJ,IV:MAJ,I:MAJ,IV:MAJ,V:MAJ,IV:MAJ,I:MAJ,IV:MAJ,I:MAJ,IV:MAJ,I:MAJ,IV:MAJ,I:MAJ,IV:MAJ,I:MAJ,#IV:DIM,II:MAJ,V:MAJ,#V:DIM,IV:MAJ,VI:MIN,#IV:DIM,V:MAJ,VI:MAJ,II:MIN,VII:DIM,I:MAJ,VI:MIN,II:MAJ,V:MAJ,I:MAJ,VI:MIN,IV:MAJ,II:MIN,V:MAJ,I:MAJ,II:MIN,I:MAJ,IV:MAJ,I:MAJ,IV:MAJ,I:MAJ,II:MIN,I:MAJ,II:MIN,I:MAJ,IV:MAJ,I:MAJ,IV:MAJ,I:MAJ,II:MIN,I:MAJ,V:MAJ,#I:DIM,II:MIN,VII:DIM,I:MAJ,#V:DIM,VI:MIN,II:MIN,V:MAJ,I:MAJ,VI:MIN,IV:MAJ,II:MIN,I:MAJ,IV:MAJ,V:MAJ,IV:MAJ,VII:DIM,I:MAJ,II:MIN,I:MAJ,IV:MAJ,V:MAJ,VI:MIN,#IV:DIM,V:MAJ,VII:DIM,I:MAJ,III:DIM,VI:MAJ,II:MIN,IV:MIN,V:MAJ,I:MAJ,#IV:DIM,II:MAJ,#IV:DIM,II:MAJ,#IV:DIM,V:MAJ,I:MAJ,V:MAJ,I:MAJ,V:MAJ,I:MAJ,V:MAJ,I:MAJ,V:MAJ,I:MAJ
MINOR;I:MIN
MAJOR;I:MAJ,V:MAJ,I:MAJ,V:MAJ,I:MAJ
MINOR;V:MAJ,I:MIN,V:MAJ,I:MIN,V:MAJ,I:MIN,V:MAJ,I:MIN,V:MAJ,I:MIN,II:DIM,I:MIN,IV:MIN,I:MIN,IV:MIN,I:MIN,II:DIM,I:MIN
MINOR;#VII:DIM,I:MIN,V:MAJ,VI:MAJ
MAJOR;VII:DIM,I:MAJ,V:MAJ,VI:MIN
MINOR;#VII:DIM,I:MIN,V:MAJ,I:MIN,IV:MIN,I:MIN,II:DIM,I:MIN,IV:MIN,I:MIN,II:DIM,I:MIN,I:MAJ
MINOR;V:MAJ,#IV:DIM,V:MAJ,I:MIN,V:MAJ,I:MIN,II:MIN,I:MIN,V:MAJ,I:MIN,V:MAJ,I:MIN,V:MAJ,I:MIN,II:MIN,I:MIN,V:MAJ,I:MIN,V:MAJ,I:MIN,VI:MAJ,IV:MIN,II:DIM,#VII:DIM,V:MAJ,II:DIM,I:MIN,IV:MIN,VI:MAJ,V:MAJ,#VII:DIM,I:MIN,IV:MIN,II:DIM,V:MAJ,I:MIN,IV:MIN,#IV:DIM,V:MAJ,I:MIN,II:DIM,V:MAJ,VI:MAJ,I:MIN,II:DIM,V:MAJ,I:MIN,IV:MIN
MAJOR;V:MAJ,I:MAJ,V:MAJ,I:MAJ,V:MAJ,I:MAJ,V:MAJ,I:MAJ,V:MAJ,I:MAJ,IV:MAJ,V:MAJ,VII:DIM,I:MAJ,V:MAJ,I:MAJ,V:MAJ,I:MAJ,V:MAJ,I:MAJ,V:MAJ,I:MAJ,V:MAJ,I:MAJ,V:MAJ,VI:MIN,V:MAJ,III:DIM,II:MIN,#I:DIM,V:MAJ,I:MAJ,V:MAJ,II:MAJ,V:MAJ,II:MAJ,V:MAJ,II:MAJ,V:MAJ,I:MAJ,V:MAJ,I:MAJ,V:MAJ,I:MAJ,V:MAJ,I:MAJ,V:MAJ,IV:MAJ,I:MAJ,IV:MAJ,I:MAJ,V:MAJ,IV:MAJ,II:MIN,V:MAJ,I:MAJ,V:MAJ,I:MAJ,V:MAJ,I:MAJ,V:MAJ,I:MAJ,V:MAJ,I:MAJ,#IV:DIM,V:MAJ,I:MAJ,V:MAJ,I:MAJ,IV:MAJ,V:MAJ,IV:MAJ,I:MAJ,IV:MAJ,I:MAJ,IV:MAJ,I:MAJ,IV:MAJ,I:MAJ,IV:MAJ,V:MAJ,IV:MAJ,I:MAJ,IV:MAJ,I:MAJ,IV:MAJ,I:MAJ,IV:MAJ,I:MAJ,V:MAJ,#V:DIM,IV:MAJ,VI:MIN,I:MAJ,#IV:DIM,II:MAJ,V:MAJ,I:MAJ,VI:MIN,V:MAJ,I:MAJ,IV:MAJ,V:MAJ,IV:MAJ,I:MAJ,IV:MAJ,I:MAJ,IV:MAJ,I:MAJ,IV:MAJ,I:MAJ,IV:MAJ,V:MAJ,IV:MAJ,I:MAJ,IV:MAJ,I:MAJ,IV:MAJ,I:MAJ,IV:MAJ,I:MAJ,IV:MAJ,I:MAJ,#IV:DIM,II:MAJ,V:MAJ,#V:DIM,IV:MAJ,VI:MIN,#IV:DIM,V:MAJ,#V:DIM,VI:MIN,VII:DIM,I:MAJ,#I:DIM,II:MIN,I:MAJ,II:MIN,I:MAJ,II:MIN,V:MAJ,VII:DIM,I:MAJ,VI:MIN,IV:MAJ,II:MIN,V:MAJ,I:MAJ,II:MIN,I:MAJ,IV:MAJ,I:MAJ,IV:MAJ,I:MAJ,II:MIN,I:MAJ,II:MIN,I:MAJ,IV:MAJ,I:MAJ,IV:MAJ,I:MAJ,II:MIN,I:MAJ,V:MAJ,#I:DIM,II:MIN,VII:DIM,I:MAJ,#V:DIM,VI:MIN,II:MIN,V:MAJ,I:MAJ,VI:MIN,IV:MAJ,II:MIN,I:MAJ,IV:MAJ,V:MAJ,IV:MAJ,VII:DIM,I:MAJ,II:MIN,I:MAJ,IV:MAJ,V:MAJ,VI:MIN,#IV:DIM,V:MAJ,I:MAJ,III:DIM,VI:MAJ,II:MIN,IV:MIN,V:MAJ,I:MAJ,#IV:DIM,II:MAJ,#IV:DIM,II:MAJ,#IV:DIM,V:MAJ,I:MAJ,V:MAJ,I:MAJ,V:MAJ,I:MAJ,V:MAJ,I:MAJ,V:MAJ,I:MAJ
MAJOR;I:MAJ,V:MAJ,IV:MAJ,III:MIN,II:MIN,VII:DIM,I:MAJ,VII:DIM,VI:MIN,V:MAJ,II:MAJ,V:MAJ,#I:DIM,II:MIN,V:MAJ,I:MAJ,IV:MAJ,I:MAJ,II:MIN,#IV:DIM,V:MAJ,I:MAJ,V:MAJ,I:MAJ,V:MAJ,I:MAJ,V:MAJ,#I:DIM,II:MIN,VII:DIM,I:MAJ,#V:DIM,VI:MIN,IV:MAJ,I:MAJ,II:MIN,V:MAJ,I:MAJ,V:MAJ,I:MAJ,II:MIN,V:MAJ,I:MAJ,V:MAJ,I:MAJ
MAJOR;V:MAJ,I:MAJ,II:MIN,I:MAJ,IV:MAJ,I:MAJ,IV:MAJ,II:MIN,VII:DIM,I:MAJ,V:MAJ,IV:MAJ,III:DIM,#I:DIM,II:MIN,V:MAJ,I:MAJ,VI:MIN,V:MAJ,IV:MAJ,III:MIN,II:MIN,VI:MAJ,II:MIN,V:MAJ,VI:MIN,V:MAJ,I:MAJ,VI:MIN,V:MAJ,IV:MAJ,III:MIN,II:MIN,VI:MAJ,II:MIN,VII:DIM,I:MAJ,IV:MAJ,V:MAJ,I:MAJ
MAJOR;V:AUG,I:MAJ,VI:MAJ,#I:DIM,II:MIN,V:MAJ,VII:DIM,V:MAJ,VII:DIM,V:MAJ,I:MAJ,V:MAJ,IV:MAJ,III:MIN,II:MIN,VII:DIM,I:MAJ,VII:DIM,VI:MIN,V:MAJ,II:MAJ,V:MAJ,#I:DIM,II:MIN,V:MAJ,I:MAJ,IV:MAJ,I:MAJ,II:MIN,#IV:DIM,V:MAJ
MINOR;I:MIN,V:MAJ
MINOR;V:MAJ,I:MIN,#VII:DIM,II:DIM,I:MIN,V:MAJ,I:MIN
MAJOR;VI:MIN,V:MAJ,I:MAJ,IV:MAJ,II:MIN,#IV:DIM,V:MAJ
MINOR;IV:MIN,V:MAJ,I:MIN,VII:MIN,#III:DIM,I:MAJ,IV:MIN,II:MAJ,V:MAJ
MAJOR;#IV:DIM,V:MAJ,#I:DIM,V:MAJ,I:MAJ,V:MAJ,IV:MAJ,III:MIN,II:MIN,VII:DIM,I:MAJ,V:MAJ,VI:MIN,V:MAJ,#IV:DIM,V:MAJ,#I:DIM,II:MIN,VII:DIM,I:MAJ,II:MIN,V:MAJ,I:MAJ
MINOR;V:MAJ,I:MIN,#IV:DIM,V:MAJ,I:MIN,#IV:DIM,V:MAJ,I:MIN,V:MAJ,I:MIN,II:DIM,#III:DIM,IV:MIN,III:MAJ,II:DIM,I:MIN,#VII:DIM,VI:MAJ,V:MAJ,#IV:DIM,V:MAJ
MAJOR;I:MAJ,V:MAJ,IV:MAJ,III:MIN,II:MIN,VII:DIM,I:MAJ,VII:DIM,VI:MIN,V:MAJ,II:MAJ,V:MAJ,#I:DIM,II:MIN,V:MAJ,I:MAJ,IV:MAJ,I:MAJ,II:MIN,#IV:DIM,V:MAJ,I:MAJ,V:MAJ,I:MAJ,V:MAJ,I:MAJ,V:MAJ,#I:DIM,II:MIN,VII:DIM,I:MAJ,#V:DIM,VI:MIN,IV:MAJ,I:MAJ,II:MIN,V:MAJ,I:MAJ,V:MAJ,I:MAJ,II:MIN,V:MAJ,I:MAJ
MAJOR;I:MAJ,VI:MIN,II:MIN,V:MAJ,I:MAJ,V:MAJ,I:MAJ,VI:MIN,II:MIN,II:MAJ,V:MAJ,I:MAJ,VI:MIN,II:MIN,V:MAJ,I:MAJ,V:MAJ,I:MAJ,VI:MIN,II:MIN,V:MAJ,III:MIN,VI:MIN,IV:MAJ,VII:DIM,I:MAJ,V:MAJ,#V:DIM,VI:MIN,II:MIN,V:MAJ,I:MAJ,VII:DIM,I:MAJ,V:MAJ,I:MAJ,VI:MIN,#V:DIM,VI:MIN
MAJOR;VII:DIM,I:MAJ,V:MAJ,I:MAJ,V:MAJ,I:MAJ,V:MAJ,I:MAJ,V:MAJ,I:MAJ,V:MAJ,I:MAJ,V:MAJ
MINOR;I:MIN,V:MAJ,I:MIN,V:MAJ,I:MIN,V:MAJ,I:MIN,V:MAJ,I:MIN,V:MAJ,I:MIN,V:MAJ,I:MIN,V:MAJ,#VII:DIM,I:MIN,#VII:DIM,I:MIN,II:DIM,III:MAJ,II:DIM,III:MAJ
MINOR;#VII:DIM,I:MIN,#VII:DIM,I:MIN,II:DIM,I:MIN
MAJOR;I:MAJ,VII:DIM,VI:MIN,V:MAJ,#IV:DIM,V:MAJ,VI:MIN,VII:DIM,V:MAJ,VI:MIN,VII:DIM,I:MAJ,VII:DIM,I:MAJ,II:MIN,I:MAJ,VII:DIM
MINOR;V:MAJ,I:MIN,#VII:DIM,I:MIN
MAJOR;IV:MAJ,III:MIN,II:MIN,V:MAJ,I:MAJ,VII:DIM,I:MAJ
MAJOR;V:MAJ,I:MAJ,VII:DIM,I:MAJ
MINOR;V:MAJ,I:MIN,II:DIM,I:MIN,II:DIM,I:MIN,I:MAJ,IV:MAJ,#IV:MAJ,V:MAJ,I:MIN,V:MAJ,I:MIN,V:MAJ
MAJOR;I:MAJ,II:MIN,I:MAJ,IV:MAJ,I:MAJ,II:MIN,I:MAJ,II:MIN,I:MAJ,IV:MAJ,I:MAJ,II:MIN,I:MAJ,V:MAJ,I:MAJ,IV:MAJ,V:MAJ,#V:DIM,VI:MIN,II:MIN,V:MAJ,I:MAJ,V:MAJ,I:MAJ,IV:MAJ,V:MAJ,I:MAJ,V:MAJ,VI:MIN,II:MIN,V:MAJ,I:MAJ,II:MIN,V:MAJ,I:MAJ,II:MIN,V:MAJ,I:MAJ,V:MAJ,I:MAJ,V:MAJ,I:MAJ
MAJOR;I:MAJ,VI:MIN,II:MIN,V:MAJ,I:MAJ,V:MAJ,I:MAJ,VI:MIN,II:MIN,II:MAJ,V:MAJ,I:MAJ,VI:MIN,II:MIN,V:MAJ,I:MAJ,V:MAJ,I:MAJ,VI:MIN,II:MIN,V:MAJ,III:MIN,VI:MIN,IV:MAJ,VII:DIM,I:MAJ,VII:DIM,I:MAJ,II:MIN,V:MAJ
MINOR;I:MIN,#VII:DIM,I:MIN,V:MAJ,I:MIN
MAJOR;I:MAJ,V:MAJ,I:MAJ
MINOR;I:MIN,V:MAJ,I:MIN
MAJOR;V:MAJ,I:MAJ,II:MAJ,V:MAJ,I:MAJ,#IV:DIM,V:MAJ,I:MAJ,#IV:DIM,V:MAJ,I:MAJ,II:MIN,III:MIN,IV:MAJ,V:MAJ,VI:MIN,VII:DIM,I:MAJ,V:MAJ,I:MAJ,V:MAJ,VI:MIN,V:MAJ,IV:MAJ,I:MAJ,V:MAJ,I:MAJ,II:MIN,III:MIN,IV:MAJ,V:MAJ,VI:MIN,VII:DIM,I:MAJ,V:MAJ,I:MAJ,V:MAJ,VI:MIN,V:MAJ,IV:MAJ,I:MAJ,V:MAJ,I:MAJ,VII:DIM,I:MAJ,II:MIN,#I:DIM,II:MIN,IV:MAJ,V:MAJ,III:MIN,I:MAJ,V:MAJ,II:MIN,VII:DIM,I:MAJ,V:MAJ,I:MAJ,IV:MAJ,V:MAJ,VI:MIN,V:MAJ,I:MAJ,V:MAJ,I:MAJ,V:MAJ,VI:MIN,V:MAJ,IV:MAJ,I:MAJ,V:MAJ,I:MAJ,V:MAJ,I:MAJ,IV:MAJ,V:MAJ,VI:MIN,V:MAJ,I:MAJ,V:MAJ,I:MAJ,V:MAJ,VI:MIN,V:MAJ,IV:MAJ,I:MAJ,V:MAJ,I:MAJ,II:MIN,III:MIN,II:MIN,III:MIN,IV:MAJ,III:MIN,II:MIN,I:MAJ,V:MAJ,I:MAJ,VII:DIM,I:MAJ,V:MAJ,I:MAJ,V:MAJ,I:MAJ
MINOR;I:MIN,V:MAJ,I:MIN,V:MAJ,I:MIN,VI:MAJ,#IV:MAJ,V:MAJ,VI:MAJ,#IV:MAJ,V:MAJ,I:MIN,V:MAJ,I:MIN,V:MAJ
MAJOR;I:MAJ,VI:MIN,II:MIN,V:MAJ,I:MAJ,V:MAJ,I:MAJ,VI:MIN,II:MIN,II:MAJ,V:MAJ,I:MAJ,VI:MIN,II:MIN,V:MAJ,I:MAJ,V:MAJ,I:MAJ,VI:MIN,II:MIN,VII:DIM,III:MIN,I:MAJ,IV:MAJ,II:MIN,VII:DIM,V:MAJ,I:MAJ,II:MIN,V:MAJ,I:MAJ,II:MIN,V:MAJ,I:MAJ,II:MIN,V:MAJ,I:MAJ,V:MAJ,I:MAJ,II:MIN,II:MAJ,V:MAJ,VII:DIM,V:MAJ,VI:MIN,VII:DIM,V:MAJ,I:MAJ,VII:DIM,I:MAJ,V:MAJ,I:MAJ,V:MAJ,I:MAJ,IV:MAJ,V:MAJ,VI:MIN,V:MAJ,I:MAJ,V:MAJ,I:MAJ,IV:MAJ,V:MAJ,VI:MIN,V:MAJ,I:MAJ,V:MAJ,I:MAJ,IV:MAJ,V:MAJ,VI:MIN,V:MAJ,I:MAJ,II:MIN,V:MAJ,I:MAJ,V:MAJ,I:MAJ,V:MAJ,I:MAJ
MAJOR;I:MAJ,IV:MAJ,I:MAJ,II:MIN,V:MAJ,I:MAJ,II:MIN,I:MAJ,V:MAJ,I:MAJ,V:MAJ,I:MAJ,V:MAJ,I:MAJ,V:MAJ,I:MAJ,IV:MAJ,I:MAJ,V:MAJ,I:MAJ,IV:MAJ,I:MAJ,V:MAJ,I:MAJ,V:MAJ,VI:MIN,II:MAJ,V:MAJ,VI:MAJ,II:MIN,V:MAJ,I:MAJ,#IV:DIM,V:MAJ,I:MAJ,#IV:DIM,V:MAJ,I:MAJ,#IV:DIM,V:MAJ,VII:DIM,I:MAJ
MAJOR;VII:DIM,I:MAJ,IV:MAJ,II:MIN,VII:DIM,I:MAJ,VI:MIN,II:MIN,VII:DIM,V:MAJ,I:MAJ,VI:MIN,IV:MAJ,II:MAJ,V:MAJ,III:MAJ,VI:MIN,#IV:DIM,V:MAJ,I:MAJ,V:MAJ,I:MAJ,V:MAJ,#IV:DIM,V:MAJ,VI:MIN,V:MAJ,I:MAJ,V:MAJ,I:MAJ,V:MAJ,V:AUG,I:MAJ,#IV:DIM,V:MAJ,I:MAJ,V:MAJ,I:MAJ,V:MAJ,#IV:DIM,V:MAJ,VI:MIN,V:MAJ,I:MAJ,V:MAJ,I:MAJ,II:MIN,I:MAJ,IV:MAJ,I:MAJ,IV:MAJ,V:MAJ,IV:MAJ,I:MAJ,IV:MAJ,I:MAJ,II:MIN,I:MAJ,IV:MAJ,I:MAJ,IV:MAJ,I:MAJ,IV:MAJ,I:MAJ,IV:MAJ,I:MAJ,VI:MIN,#IV:DIM,V:MAJ,II:MAJ,V:MAJ,II:MAJ,V:MAJ,II:MIN,I:MAJ,IV:MAJ,II:MIN,VII:DIM,V:MAJ,I:MAJ,IV:MAJ,V:MAJ,I:MAJ,II:MIN,V:AUG,I:MAJ,#V:DIM,VI:MIN,I:AUG,IV:MAJ,#IV:DIM,V:MAJ,I:MAJ,V:MAJ,I:MAJ,V:MAJ,I:MAJ,V:MAJ,I:MAJ,V:MAJ,I:MAJ,V:MAJ,II:MIN,VI:MIN,IV:MAJ,I:MAJ,V:MAJ,I:MAJ,IV:MAJ,I:MAJ,V:MAJ,I:MAJ,IV:MAJ,I:MAJ,V:MAJ,I:MAJ,V:MAJ,I:MAJ,V:MAJ,I:MAJ,V:MAJ,I:MAJ,V:MAJ,I:MAJ,IV:MAJ,I:MAJ
MINOR;#VII:DIM,I:MIN,II:DIM,#III:DIM,IV:MIN,I:MIN,V:MAJ,I:MIN,V:MAJ,I:MIN,V:MAJ,I:MIN
MINOR;#VII:DIM
MAJOR;V:MAJ,I:MAJ
MINOR;I:MIN,V:MAJ,I:MIN
MAJOR;V:MAJ,I:MAJ
MINOR;V:MAJ,I:MIN
MINOR;II:MAJ,V:MAJ,I:MIN,V:MAJ,I:MIN,V:MAJ,VII:DIM,V:MAJ,#VI:DIM,V:MAJ,I:MIN,V:MAJ,I:MIN,V:MAJ,I:MIN,#IV:DIM,V:MAJ,I:MIN,V:MAJ,I:MIN,V:MAJ,VII:DIM,V:MAJ,#VI:DIM,V:MAJ,I:MIN,V:MAJ,I:MIN,I:MAJ,II:DIM,I:MAJ,IV:MIN,I:MAJ,IV:MIN,II:DIM,#VII:DIM,I:MIN,II:DIM,#VII:DIM,I:MIN,IV:MIN,II:DIM,#VII:DIM,I:MIN,VI:MAJ,IV:MIN,II:DIM,#VII:DIM,I:MIN,#VII:DIM,I:MIN,#III:DIM,IV:MIN,#III:DIM,IV:MIN,II:DIM,#IV:DIM,V:MAJ,I:MIN,IV:MIN,I:MIN,V:MAJ,I:MIN,IV:MIN,I:MIN,V:MAJ,I:MIN,V:MAJ,I:MIN,V:MAJ,I:MIN,V:MAJ,I:MIN
MINOR;V:MAJ,I:MIN
MAJOR;V:MAJ,I:MAJ
MAJOR;I:MAJ,IV:MAJ,I:MAJ,V:MAJ,I:MAJ,IV:MAJ,I:MAJ,V:MAJ,I:MAJ,V:MAJ,I:MAJ
MAJOR;I:MAJ,IV:MAJ,I:MAJ,V:MAJ,I:MAJ,IV:MAJ,I:MAJ,V:MAJ,I:MAJ,V:MAJ,VI:MIN,II:MAJ,V:MAJ,VI:MAJ,II:MIN,V:MAJ,I:MAJ,#IV:DIM,V:MAJ,I:MAJ,#IV:DIM,V:MAJ,I:MAJ,#IV:DIM,V:MAJ,VII:DIM,I:MAJ,IV:MAJ,I:MAJ,II:MIN,VII:DIM,V:MAJ,I:MAJ,IV:MAJ,I:MAJ,II:MIN,I:MAJ,VII:DIM,III:MIN,II:MIN,I:MAJ,VII:DIM,VI:MIN,II:MIN,I:MAJ,VII:DIM,VI:MIN,V:MAJ,I:MAJ,VI:MIN,IV:MAJ,II:MAJ,V:MAJ,III:MAJ,VI:MIN,#IV:DIM,V:MAJ,I:MAJ,V:MAJ,I:MAJ,V:MAJ,#IV:DIM,V:MAJ,VI:MIN,V:MAJ,I:MIN,V:MAJ,I:MIN,V:MAJ,I:MIN,#IV:DIM,V:MAJ,I:MAJ,V:MAJ,I:MAJ,V:MAJ,II:MAJ,V:MAJ,VI:MIN,V:MAJ,I:MAJ,V:MAJ,I:MAJ,II:MIN,I:MAJ,IV:MAJ,I:MAJ,I:AUG,IV:MAJ,I:AUG,IV:MAJ,II:MIN,I:MAJ,IV:MAJ,I:MAJ,II:MIN,I:MAJ,IV:MAJ,I:MAJ,I:AUG,IV:MAJ,I:AUG,IV:MAJ,II:MIN,I:MAJ,IV:MAJ,I:MAJ,#IV:DIM,V:MAJ,II:MAJ,V:MAJ,II:MAJ,V:MAJ,II:MIN,I:MAJ,IV:MAJ,II:MIN,VII:DIM,V:MAJ,I:MAJ,IV:MAJ,V:MAJ,I:MAJ,II:MIN,V:AUG,I:MAJ,V:MAJ,VI:MIN,I:AUG,IV:MAJ,#IV:DIM,I:MAJ,V:MAJ,I:MAJ,V:MAJ,VI:MIN,III:MAJ,IV:MAJ,I:MAJ,II:MIN,V:MAJ,VI:MIN,#IV:DIM,V:MAJ,I:MAJ,V:MAJ,I:MAJ,V:MAJ,I:MAJ,V:MAJ,I:MAJ,V:MAJ,I:MAJ,V:MAJ,II:MIN,VI:MIN,IV:MAJ,I:MAJ,V:MAJ,I:MAJ,IV:MAJ,I:MAJ,V:MAJ,I:MAJ,IV:MAJ,I:MAJ,V:MAJ,I:MAJ,V:MAJ,I:MAJ,V:MAJ,I:MAJ,V:MAJ,I:MAJ,V:MAJ,I:MAJ
MAJOR;I:MAJ,V:MAJ,II:MIN,V:MAJ,I:MAJ,V:MAJ,I:MAJ,V:MAJ,I:MAJ,I:AUG,IV:MAJ,#IV:DIM,V:MAJ,I:MAJ,V:MAJ,II:MIN,V:MAJ,I:MAJ,V:MAJ,I:MAJ,V:MAJ,I:MAJ,I:AUG,IV:MAJ,II:MIN,V:MAJ,I:MAJ,IV:MAJ,I:MAJ,V:MAJ,#I:DIM,II:MIN,I:MAJ,IV:MAJ,V:MAJ,I:MAJ,V:MAJ,I:MAJ,V:MAJ,I:MAJ,V:MAJ,I:MAJ,V:MAJ,#I:DIM,II:MIN,V:MAJ,I:MAJ,V:MAJ,I:MAJ,#I:DIM,II:MIN,I:MAJ,IV:MAJ,V:MAJ,I:MAJ,#IV:DIM,V:MAJ,VI:MIN,V:MAJ,#I:DIM,II:MIN,V:MAJ,I:MAJ,#IV:DIM,V:MAJ,VI:MIN,V:MAJ,#I:DIM,II:MIN,I:MAJ,IV:MAJ,I:MAJ,V:MAJ,II:MIN,V:MAJ,I:MAJ,V:MAJ,I:MAJ,V:MAJ,I:MAJ,I:AUG,IV:MAJ,II:MIN,V:MAJ,I:MAJ,V:MAJ
MAJOR;II:MIN,VII:DIM,I:MAJ,IV:MAJ,I:MAJ,IV:MAJ,#IV:DIM,V:MAJ,I:MAJ,V:MAJ,I:MAJ,#IV:DIM,V:MAJ,I:MAJ,V:MAJ,I:MAJ,#IV:DIM,V:MAJ,I:MAJ,V:MAJ,I:MAJ,V:MAJ,I:MAJ,V:MAJ,I:MAJ,V:MAJ,I:MAJ,V:MAJ,I:MAJ,I:AUG,IV:MAJ,VI:MAJ,II:MIN,V:MAJ,II:MAJ,II:MIN,I:MAJ,IV:MAJ,II:MIN,V:MAJ,III:MIN,VI:MIN,IV:MAJ,V:MAJ,VII:DIM,II:MIN,VII:DIM,I:MAJ,II:MIN,V:MAJ,I:MAJ,II:MIN,I:MAJ,IV:MAJ,V:MAJ,VI:MIN,VII:DIM,I:MAJ,II:MIN,VII:DIM,I:MAJ,VII:DIM,VI:MIN,V:MAJ,IV:MAJ,I:MAJ,II:MIN,I:MAJ,IV:MAJ,II:MIN,V:MAJ,I:MAJ,VII:DIM,I:MAJ,VII:DIM,I:MAJ,II:MIN,V:MAJ,I:MAJ,VII:DIM,I:MAJ,VII:DIM,I:MAJ,II:MIN,V:MAJ,I:MAJ,V:MAJ,I:MAJ,V:MAJ,I:MAJ
MAJOR;#IV:DIM,V:MAJ,#I:DIM,V:MAJ,I:MAJ,V:MAJ,II:MIN,V:MAJ,I:MAJ,V:MAJ,I:MAJ,V:MAJ,I:MAJ,I:AUG,IV:MAJ,#IV:DIM,V:MAJ,I:MAJ,V:MAJ,II:MIN,V:MAJ,I:MAJ,V:MAJ,I:MAJ,V:MAJ,I:MAJ,I:AUG,IV:MAJ,II:MIN,V:MAJ,I:MAJ
MINOR;I:MIN,IV:MIN,#IV:MAJ,V:MAJ,I:MAJ,IV:MIN,VII:MAJ,III:MAJ,VI:MAJ,II:DIM,V:MAJ,I:MIN,IV:MIN,V:MAJ,VI:MAJ,II:DIM,#IV:DIM,V:MAJ,I:MIN,#VII:DIM,I:MIN,#VII:DIM,I:MIN,IV:MIN,#III:DIM,IV:MIN,#III:DIM,IV:MIN,II:DIM,#VII:DIM,I:MIN,II:DIM,#VII:DIM,I:MIN,#IV:MAJ,V:MAJ,I:MIN,V:MAJ,I:MIN,V:MAJ,I:MIN,VI:MAJ,I:MIN,#IV:DIM,V:MAJ,I:MIN,VI:MAJ,I:MIN,#IV:DIM,V:MAJ,#IV:DIM,V:MAJ,#IV:DIM,V:MAJ
MAJOR;I:MAJ,VII:DIM,V:MAJ
MINOR;I:MIN,#VII:DIM,V:MAJ
MINOR;I:MIN,#VII:DIM,V:MAJ,I:MIN,#VII:DIM,V:MAJ,I:MIN,II:DIM,I:MIN,IV:MIN,V:MAJ,I:MIN,V:MAJ,I:MIN,V:MAJ,I:MIN,V:MAJ,I:MIN,V:MAJ,I:MIN,V:MAJ,I:MIN,V:MAJ,I:MIN,V:MAJ,I:MIN,V:MAJ,I:MIN,#VII:DIM,#III:DIM,IV:MIN,V:MAJ,#VII:DIM,I:MIN,IV:MIN,V:MAJ,I:MIN,#VII:DIM,#III:DIM,I:MIN,V:MAJ,#VII:DIM,I:MIN,II:DIM,V:MAJ,I:MIN
MINOR;V:MAJ,I:MIN
MAJOR;V:MAJ,I:MAJ
MINOR;I:MIN,V:MAJ,I:MIN,VI:MAJ,#IV:MAJ,II:MAJ,V:MAJ,I:MIN,VI:MAJ,I:MIN,#IV:DIM,V:MAJ,I:MIN,VI:MAJ,I:MIN,#IV:DIM,V:MAJ,I:MIN,#IV:DIM,V:MAJ,#VII:DIM,I:MIN,#III:DIM,IV:MIN,#VII:DIM,I:MIN,II:DIM,V:MAJ,I:MIN,#IV:DIM,V:MAJ,#VII:DIM,V:MAJ,#VII:DIM
MAJOR;V:MAJ,I:MAJ,V:MAJ,II:MIN,V:MAJ,I:MAJ,V:MAJ,I:MAJ,V:MAJ,I:MAJ,I:AUG,IV:MAJ,#IV:DIM,V:MAJ,I:MAJ,V:MAJ,II:MIN,V:MAJ,I:MAJ,V:MAJ,I:MAJ,V:MAJ,I:MAJ,I:AUG,IV:MAJ,II:MIN,V:MAJ,I:MAJ,IV:MAJ,I:MAJ,V:MAJ,#I:DIM,II:MIN,I:MAJ,IV:MAJ,V:MAJ,I:MAJ,V:MAJ,I:MAJ,V:MAJ,I:MAJ,V:MAJ,I:MAJ,V:MAJ,#I:DIM,II:MIN,V:MAJ,I:MAJ,V:MAJ,I:MAJ,#I:DIM,II:MIN,I:MAJ,IV:MAJ,V:MAJ,I:MAJ,#IV:DIM,V:MAJ,VI:MIN,V:MAJ,#I:DIM,II:MIN,V:MAJ,I:MAJ,#IV:DIM,V:MAJ,VI:MIN,V:MAJ,#I:DIM,II:MIN,I:MAJ,IV:MAJ,I:MAJ,V:MAJ,II:MIN,V:MAJ,I:MAJ,V:MAJ,I:MAJ,V:MAJ,I:MAJ,I:AUG,IV:MAJ,II:MIN,V:MAJ,I:MAJ,IV:MAJ,V:MAJ,I:MAJ,IV:MAJ,V:MAJ,I:MAJ,IV:MAJ,VI:MIN,II:MIN,IV:MAJ,VII:DIM,II:MIN,V:MAJ,VII:DIM,I:MAJ,II:MIN,V:MAJ,I:MAJ,IV:MAJ,I:MAJ,IV:MAJ,V:MAJ,I:MAJ,IV:MAJ,I:MAJ,IV:MAJ,V:MAJ,I:MAJ,V:MAJ,I:MAJ,V:MAJ,I:MAJ,V:MAJ,I:MAJ
MAJOR;I:MAJ,VII:DIM,I:MAJ,VII:DIM,I:MAJ,IV:MAJ,VII:DIM,I:MAJ,V:MAJ,VII:DIM,V:MAJ,I:MAJ,II:MIN,VII:DIM,V:MAJ,I:MAJ,II:MIN,V:MAJ,I:MAJ,IV:MAJ,VII:DIM,I:MAJ,VII:DIM,I:MAJ,VII:DIM,I:MAJ
MINOR;V:MAJ,#VI:DIM,V:MAJ,I:MIN
MAJOR;V:MAJ,VI:MIN,V:MAJ,I:MAJ,V:MAJ,I:MAJ,V:MAJ,I:MAJ,V:MAJ,VII:DIM,V:MAJ,I:MAJ,V:MAJ,I:MAJ,V:MAJ,I:MAJ,IV:MAJ,V:MAJ,I:MAJ,V:MAJ,I:MAJ,IV:MAJ,VII:DIM,V:MAJ,I:MAJ,II:MIN,V:MAJ,I:MAJ,IV:MAJ,I:MAJ,II:MIN,I:MAJ,IV:MAJ,I:MAJ,II:MIN,I:MAJ,VI:MIN,V:MAJ,#IV:DIM,V:MAJ,VI:MIN,V:MAJ,#IV:DIM,V:MAJ,I:MAJ,II:MIN,I:MAJ,IV:MAJ,VII:DIM,I:MAJ,II:MIN,I:MAJ,II:MIN,I:MAJ,IV:MAJ,V:MAJ,I:MAJ
MINOR;VI:MAJ,II:MAJ,V:MAJ,IV:MAJ,V:MAJ,I:MIN,V:MAJ,I:MIN,#VII:DIM,I:MIN,V:MAJ,VI:MAJ,II:DIM,V:MAJ,I:MIN,#VII:DIM,I:MIN,#VII:DIM,I:MIN
MAJOR;I:MAJ,V:MAJ,I:MAJ,V:MAJ,I:MAJ
MINOR;V:MAJ,I:MIN,V:MAJ,I:MIN,V:MAJ,I:MIN
MAJOR;V:MAJ,I:MAJ,VII:DIM,I:MAJ,VII:DIM,I:MAJ
MINOR;V:MAJ,#VI:DIM,V:MAJ,I:MIN,V:MAJ,#VI:DIM,V:MAJ,I:MIN
MINOR;#VI:DIM,V:MAJ,I:MIN
MINOR;IV:MIN,V:MAJ,IV:MAJ,V:MAJ,I:MIN
MINOR;IV:MIN,V:MAJ,IV:MAJ,V:MAJ,I:MIN,VI:MAJ,IV:MIN,II:DIM,#VII:DIM,I:MIN,V:MAJ,I:MIN,V:MAJ,VI:MAJ,II:DIM,V:MAJ,I:MIN,II:DIM,#VII:DIM,I:MIN,II:DIM,V:MAJ,I:MIN,VI:MAJ,V:MAJ,#IV:DIM,V:MAJ,VI:MAJ,V:MAJ,#IV:DIM,V:MAJ
MAJOR;V:MAJ,II:DIM,V:MAJ,II:DIM,V:MAJ,I:MAJ,VII:DIM,I:MAJ,VII:DIM,I:MAJ
MINOR;V:MAJ,#VI:DIM,V:MAJ,I:MIN
MAJOR;V:MAJ,VI:MIN,V:MAJ,I:MAJ,V:MAJ,I:MAJ,#IV:DIM,V:MAJ,#IV:DIM,V:MAJ,VII:DIM,II:MIN,IV:MAJ,VI:MAJ,II:MIN,V:MAJ,I:MAJ,V:MAJ,I:MAJ,V:MAJ,I:MAJ,IV:MAJ,V:MAJ,I:MAJ,V:MAJ,I:MAJ,IV:MAJ,VII:DIM,V:MAJ,I:MAJ,II:MIN,V:MAJ,I:MAJ,IV:MAJ,I:MAJ,VII:DIM,I:MAJ,IV:MAJ,I:MAJ,VII:DIM,I:MAJ,VII:DIM,I:MAJ,IV:MAJ,I:MAJ,IV:MAJ,VII:DIM,I:MAJ,VI:MIN,V:MAJ,#IV:DIM,V:MAJ,VI:MIN,V:MAJ,#IV:DIM,V:MAJ,I:MAJ,II:MIN,I:MAJ,IV:MAJ,VII:DIM,I:MAJ,II:MIN,I:MAJ,II:MIN,I:MAJ,II:MIN,V:MAJ,I:MAJ
MAJOR;I:MAJ,V:MAJ,I:MAJ,V:MAJ,I:MAJ,II:MIN,V:MAJ,I:MAJ,V:MAJ,I:MAJ,II:MIN,V:MAJ,I:MAJ,V:MAJ,I:MAJ,II:MIN,V:MAJ,I:MAJ,V:MAJ,I:MAJ,V:MAJ
MAJOR;VII:DIM,I:MAJ,V:MAJ,I:MAJ,VII:DIM,V:MAJ,I:MAJ,VII:DIM,V:MAJ,I:MAJ,VII:DIM,V:MAJ,I:MAJ,VII:DIM,V:MAJ,I:MAJ,IV:MAJ,II:MIN,VII:DIM,I:MAJ,II:MIN,V:MAJ,I:MAJ,V:MAJ,I:MAJ,II:MIN,V:MAJ,I:MAJ,II:MIN,I:MAJ,IV:MAJ,I:MAJ,V:MAJ,I:MAJ,V:MAJ,I:MAJ,V:MAJ,I:MAJ,V:MAJ
MAJOR;V:MAJ,I:MAJ,V:MAJ,I:MAJ,V:MAJ,I:MAJ,II:MIN,V:MAJ,I:MAJ,V:MAJ,I:MAJ,II:MIN,V:MAJ,I:MAJ,V:MAJ,I:MAJ,II:MIN,V:MAJ,I:MAJ,I:AUG,IV:MAJ,II:MIN,VII:DIM,I:MAJ,I:AUG,IV:MAJ,I:AUG,IV:MAJ,II:MIN,VII:DIM,V:MAJ,I:MAJ
MAJOR;I:MAJ,I:AUG,IV:MAJ,VII:DIM,V:MAJ,I:MAJ,V:MAJ,I:MAJ,#I:DIM,II:MIN,V:MAJ,I:MAJ,I:AUG,IV:MAJ,VII:DIM,V:MAJ,I:MAJ,VII:DIM,V:MAJ,I:MAJ,IV:MAJ,V:MAJ,I:MAJ,VI:MIN,II:MIN,V:MAJ,I:MAJ,VI:MIN,II:MIN,V:MAJ,I:MAJ,V:MAJ,I:MAJ,V:MAJ,I:MAJ,V:MAJ,I:MAJ,V:MAJ,VII:DIM,I:MAJ,VI:MIN,II:MIN,V:MAJ,I:MAJ,V:MAJ,VII:DIM,I:MAJ,VI:MIN,II:MIN,V:MAJ
MAJOR;V:MAJ,I:MAJ,V:MAJ,I:MAJ,V:MAJ,I:MAJ,V:MAJ,I:MAJ,II:MIN,I:MAJ,IV:MAJ,VI:MAJ,II:MIN,V:MAJ,I:MAJ,II:MIN,V:MAJ,I:MAJ,II:MIN,I:MAJ,IV:MAJ,VI:MAJ,II:MIN,V:MAJ,I:MAJ,IV:MAJ,I:MAJ,IV:MAJ,I:MAJ,I:AUG,II:MIN,V:MAJ,I:MAJ,V:MAJ,I:MAJ,V:MAJ,I:MAJ
MAJOR;I:MAJ,V:MAJ,II:DIM,V:MAJ,I:MAJ,I:AUG,IV:MAJ,VII:DIM,V:MAJ,I:MAJ,V:MAJ,I:MAJ,#I:DIM,II:MIN,V:MAJ,I:MAJ,I:AUG,IV:MAJ,VII:DIM,V:MAJ,I:MAJ,VII:DIM,V:MAJ,I:MAJ,IV:MAJ,V:MAJ,I:MAJ,VI:MIN,II:MIN,V:MAJ,I:MAJ,VI:MIN,II:MIN,V:MAJ,I:MAJ,V:MAJ,I:MAJ,V:MAJ,I:MAJ
MAJOR;I:MAJ,II:MIN,I:MAJ,II:MIN,I:MAJ,I:AUG,VI:MIN,II:MIN,V:MAJ,VII:DIM,I:MAJ,II:MIN,I:MAJ,II:MIN,I:MAJ,I:AUG,VI:MIN,II:MIN,V:MAJ,I:MAJ,V:MAJ,I:MAJ,V:MAJ,I:MAJ,V:MAJ,I:MAJ,V:MAJ,I:MAJ
MAJOR;VII:DIM,I:MAJ,II:MIN,V:MAJ,I:MAJ,II:MIN,V:MAJ,I:MAJ
MAJOR;I:MAJ,V:MAJ,I:MAJ,II:MIN,I:MAJ,II:MIN,I:MAJ,I:AUG,VI:MIN,II:MIN,V:MAJ,VII:DIM,I:MAJ,II:MIN,I:MAJ,II:MIN,I:MAJ,I:AUG,VI:MIN,II:MIN,V:MAJ,I:MAJ,VI:MIN
MAJOR;V:MAJ,I:MAJ,I:AUG,IV:MAJ,VII:DIM,V:MAJ,I:MAJ,V:MAJ,I:MAJ,#I:DIM,II:MIN,V:MAJ,I:MAJ,I:AUG,IV:MAJ,VII:DIM,V:MAJ,I:MAJ,VII:DIM,V:MAJ,I:MAJ,IV:MAJ,V:MAJ,I:MAJ,VI:MIN,II:MIN,V:MAJ,I:MAJ,VI:MIN,II:MIN,V:MAJ,I:MAJ,V:MAJ,I:MAJ,V:MAJ,I:MAJ
MAJOR;I:MAJ,VI:MIN,#V:DIM,VI:MIN,I:MAJ,II:MIN,V:MAJ,I:MAJ,V:MAJ,I:MAJ,V:MAJ,I:MAJ,V:MAJ,I:MAJ,V:MAJ,I:MAJ,VI:MIN,#V:DIM,VI:MIN,IV:MAJ,I:MAJ,VI:MIN,#V:DIM,VI:MIN,IV:MAJ,I:MAJ,V:MAJ,VI:MIN,IV:MAJ,V:MAJ,I:MAJ,V:MAJ,VI:MIN,IV:MAJ,V:MAJ,I:MAJ
MAJOR;V:MAJ,I:MAJ,V:MAJ,I:MAJ,V:MAJ,I:MAJ,V:MAJ,I:MAJ,V:MAJ,II:MAJ,V:MAJ,I:MAJ,V:MAJ,I:MAJ,V:MAJ,I:MAJ,V:MAJ,I:MAJ,V:MAJ,VI:MIN,V:MAJ,VI:DIM,I:MIN,II:MAJ,V:MAJ,I:MAJ,V:MAJ,I:MIN,V:MAJ,I:MIN,III:DIM,IV:MAJ,#IV:MAJ,V:MAJ,VI:DIM,I:MIN,II:MAJ,V:MAJ,I:MAJ,V:MAJ,I:MIN,V:MAJ,I:MIN,III:DIM,IV:MAJ,#IV:MAJ,V:MAJ,I:MAJ,V:MAJ,VII:DIM,I:MAJ,VII:DIM,I:MAJ,II:MIN,V:MAJ,I:MAJ,V:MAJ,I:MAJ,II:MIN,V:MAJ,I:MAJ,II:MIN,V:MAJ,I:MAJ,IV:MAJ,I:MAJ,I:MIN,II:MAJ,V:MAJ,VI:MIN,II:MIN,V:MAJ,I:MAJ,V:MAJ,I:MAJ,V:MAJ,I:MAJ,V:MAJ,I:MAJ,V:MAJ,I:MAJ,V:MAJ,I:MAJ,V:MAJ,I:MAJ,III:MIN,VI:MIN,I:MAJ,IV:MAJ,II:MIN,V:MAJ,I:MAJ,V:MAJ,I:MAJ,V:MAJ,I:MAJ,V:MAJ,I:MAJ,V:MAJ,I:MAJ,V:MAJ,I:MAJ,V:MAJ,I:MAJ,III:MAJ,VI:MIN,II:MIN,V:MAJ,I:MAJ,IV:MAJ,V:MAJ,I:MAJ,VI:MIN,V:MAJ,I:MAJ,IV:MAJ,V:MAJ,I:MAJ,IV:MAJ,V:MAJ,I:MAJ
MINOR;V:MAJ,I:MIN,V:MAJ,I:MIN,V:MAJ,I:MIN,V:MAJ,I:MIN,V:MAJ
MAJOR;I:MAJ,VI:MIN,#V:DIM,VI:MIN,I:MAJ,II:MIN,V:MAJ,I:MAJ,V:MAJ,I:MAJ,V:MAJ,I:MAJ,V:MAJ,I:MAJ,V:MAJ,I:MAJ,VI:MIN,#V:DIM,VI:MIN,IV:MAJ,I:MAJ,VI:MIN,#V:DIM,VI:MIN,IV:MAJ,I:MAJ
MINOR;II:DIM,IV:MIN,V:MAJ,#IV:DIM,V:MAJ,I:MIN
MINOR;IV:MIN,V:MAJ,#IV:DIM,V:MAJ,I:MIN,#VII:DIM,I:MIN,V:MAJ,I:MIN
MINOR;V:MAJ,I:MIN,V:MAJ,I:MIN,V:MAJ,I:MIN
MAJOR;V:MAJ,I:MAJ,V:MAJ,I:MAJ,V:MAJ,I:MAJ
MAJOR;I:MAJ,V:MAJ,I:MAJ,V:MAJ,I:MAJ
MAJOR;I:MAJ,V:MAJ,I:MAJ,V:MAJ,I:MAJ
MINOR;V:MAJ,I:MIN,V:MAJ,I:MIN,V:MAJ,I:MIN
MINOR;IV:MIN,V:MAJ
MINOR;#VII:DIM,I:MIN,II:DIM,V:MAJ,I:MIN,I:MAJ,I:MIN,V:MAJ,I:MIN,V:MAJ,I:MIN,II:DIM,V:MAJ,I:MIN,IV:MIN,#VII:DIM,I:MIN
MAJOR;#I:DIM,II:MIN,V:MAJ,IV:MAJ,V:MAJ,I:MAJ,VI:MIN,#V:DIM,VI:MIN,I:MAJ,II:MIN,V:MAJ,I:MAJ,V:MAJ,I:MAJ,V:MAJ,I:MAJ,V:MAJ,I:MAJ,V:MAJ,I:MAJ,VI:MIN,#V:DIM,VI:MIN,IV:MAJ,I:MAJ,VI:MIN,#V:DIM,VI:MIN,IV:MAJ,I:MAJ,V:MAJ,VI:MIN,IV:MAJ,V:MAJ,I:MAJ
MINOR;VI:MAJ,V:MAJ,VI:MAJ,IV:MIN,V:MAJ,I:MIN,#VII:DIM,I:MIN,#VII:DIM,I:MIN
MAJOR;I:MAJ,V:MAJ,I:MAJ,V:MAJ,I:MAJ,V:MAJ,I:MAJ,V:MAJ,I:MAJ,V:MAJ,II:MAJ,V:MAJ,I:MAJ,V:MAJ,I:MAJ,V:MAJ,I:MAJ,V:MAJ,I:MAJ,V:MAJ,VI:MIN,V:MAJ,I:MIN,II:MAJ,V:MAJ,I:MAJ,V:MAJ,I:MIN,V:MAJ,I:MIN,III:DIM,IV:MAJ,#IV:MAJ,V:MAJ,I:MIN,II:MAJ,V:MAJ,I:MAJ,V:MAJ,I:MIN,V:MAJ,I:MIN,III:DIM,IV:MAJ,#IV:MAJ,V:MAJ,I:MAJ,V:MAJ,VII:DIM,I:MAJ,VII:DIM,I:MAJ,II:MIN,V:MAJ,I:MAJ,V:MAJ,I:MAJ,II:MIN,V:MAJ,I:MAJ,II:MIN,V:MAJ,I:MAJ,IV:MAJ,I:MAJ,I:MIN,II:MAJ,V:MAJ,VI:MIN,II:MIN,V:MAJ,I:MAJ,V:MAJ,I:MAJ,V:MAJ,I:MAJ,V:MAJ,I:MAJ,V:MAJ,I:MAJ,V:MAJ,I:MAJ,V:MAJ,I:MAJ,#IV:DIM,V:MAJ,I:MAJ,II:MIN,V:MAJ,I:MAJ,V:MAJ,I:MAJ,V:MAJ,I:MAJ,V:MAJ,I:MAJ,V:MAJ,I:MAJ,V:MAJ,I:MAJ,V:MAJ,I:MAJ,III:MAJ,VI:MIN,III:MAJ,VI:MAJ,II:MAJ,V:MAJ,I:MAJ,II:MIN,#IV:DIM,V:MAJ,I:MAJ,IV:MAJ,V:MAJ,I:MAJ,VI:MIN,V:MAJ,I:MAJ,IV:MAJ,I:MAJ,IV:MAJ,V:MAJ,I:MAJ
MAJOR;I:MAJ,V:MAJ,I:MAJ,V:MAJ,I:MAJ,V:MAJ,VII:DIM,#I:DIM,II:MIN,V:MAJ,I:MAJ,V:MAJ,I:MAJ,V:MAJ,I:MAJ,#IV:DIM,V:MAJ,I:MAJ,#V:DIM,VI:MIN,I:AUG,IV:MAJ,I:AUG,IV:MAJ,II:MIN,V:MAJ,I:MAJ
MAJOR;VII:DIM,V:MAJ,I:MAJ,VII:DIM,V:MAJ,I:MAJ,IV:MAJ,I:MAJ,II:MIN,#IV:DIM,V:MAJ,I:MAJ,VII:DIM,V:MAJ,I:MAJ,VII:DIM,V:MAJ,I:MAJ,II:MIN,III:DIM,#IV:DIM,V:MIN,I:MAJ,IV:MAJ,I:AUG,IV:MAJ,II:MIN,V:MAJ,I:MAJ
MINOR;II:DIM,VI:MAJ,V:MAJ,I:MIN
MAJOR;II:DIM,bVI:MAJ,V:MAJ,I:MAJ,IV:MAJ,I:AUG,IV:MAJ,#I:DIM,II:MIN,V:MAJ,VII:DIM,V:MAJ,#IV:DIM,II:MAJ,V:MAJ,I:MAJ,V:MAJ,I:MAJ,V:MAJ,I:MAJ,V:MAJ,VII:DIM,#I:DIM,II:MIN,V:MAJ,I:MAJ,V:MAJ,I:MAJ,V:MAJ,I:MAJ,#IV:DIM,V:MAJ,I:MAJ,#V:DIM,VI:MIN,I:AUG,IV:MAJ,I:AUG,IV:MAJ,II:MIN,V:MAJ,I:MAJ,I:AUG,IV:MAJ,I:AUG,IV:MAJ,II:MIN,V:MAJ,I:MAJ,IV:MAJ,II:MIN,I:MAJ,IV:MAJ,II:MIN,V:MAJ,I:MAJ,IV:MAJ,II:MIN,I:MAJ,IV:MAJ,II:MIN,V:MAJ,I:MAJ
MAJOR;I:MAJ,V:MAJ,VI:MIN,III:MIN,II:MIN,I:MAJ,II:MIN,V:MAJ,I:MAJ,V:MAJ,I:MAJ,IV:MAJ,VII:DIM,I:MAJ,II:MIN,V:MAJ,I:MAJ,V:MAJ,I:MAJ,V:MAJ,I:MAJ,V:MAJ,II:MAJ,V:MAJ,II:MAJ,V:MAJ,I:MAJ,V:MAJ,I:MAJ,VI:MAJ,II:MIN,V:MAJ,I:MAJ,II:MIN,V:MAJ,I:MAJ,V:MAJ,I:MAJ,IV:MAJ,VII:DIM,I:MAJ,IV:MAJ,V:MAJ,I:MAJ,II:MIN,V:MAJ,I:MAJ,II:MIN,V:MAJ,I:MAJ
MAJOR;I:MAJ,II:MIN,V:MAJ,I:MAJ,II:MIN,#I:DIM,II:MIN,VI:MAJ,II:MIN,V:MAJ,I:MAJ,II:MIN,#IV:DIM,V:MAJ,I:MAJ,V:MAJ,VI:MIN,III:MIN,IV:MAJ,VII:DIM,I:MAJ,VI:MIN,II:MIN,II:MAJ,V:MAJ,I:MAJ,V:MAJ,II:MAJ,V:MAJ,I:MAJ,II:MIN,V:MAJ
MAJOR;I:MAJ,V:MAJ,I:MAJ,V:MAJ,I:MAJ,V:MAJ,I:MAJ
MINOR;V:MAJ,I:MIN,V:MAJ,I:MIN,VI:MAJ,#IV:MAJ,V:MAJ,#VII:DIM,V:MAJ,I:MIN,V:MAJ,I:MIN,V:MAJ,#VII:DIM,V:MAJ,I:MIN,V:MAJ,I:MIN,V:MAJ,I:MIN,V:MAJ,I:MIN
MAJOR;V:MAJ,I:MAJ,V:MAJ,I:MAJ,VI:MAJ,II:MIN,V:MAJ,I:MAJ,II:MIN,V:MAJ,I:MAJ,V:MAJ,I:MAJ,IV:MAJ,VII:DIM,I:MAJ,IV:MAJ,V:MAJ,I:MAJ,II:MIN,V:MAJ,I:MAJ,II:MIN,V:MAJ
MAJOR;I:MAJ,V:MAJ,I:MAJ,V:MAJ,I:MAJ,V:MAJ,I:MAJ
MINOR;V:MAJ,I:MIN,V:MAJ,I:MIN,II:DIM,I:MIN
MINOR;#IV:DIM,V:MAJ,I:MIN,V:MAJ,#IV:DIM,V:MAJ
MAJOR;I:MAJ,V:MAJ,VI:MIN,III:MIN,II:MIN,I:MAJ,II:MIN,IV:MAJ,V:MAJ,I:MAJ,V:MAJ,I:MAJ
MINOR;V:MAJ,I:MIN,V:MAJ,I:MAJ
MINOR;V:MAJ,I:MIN
MINOR;#VII:DIM,I:MIN,V:MAJ,I:MIN
MINOR;#VII:DIM,I:MIN,V:MAJ,I:MIN,I:MAJ
MINOR;#VII:DIM,I:MIN,#VII:DIM,I:MIN,V:MAJ,I:MIN,II:DIM,#IV:DIM,V:MAJ,I:MIN,II:DIM,#IV:DIM,V:MAJ,#IV:DIM
MAJOR;V:MAJ,I:MAJ,V:MAJ,VI:MIN,III:MIN,II:MIN,I:MAJ,II:MIN,V:MAJ,I:MAJ,V:MAJ,I:MAJ,IV:MAJ,VII:DIM,I:MAJ,II:MIN,V:MAJ,I:MAJ,V:MAJ,I:MAJ,V:MAJ,I:MAJ,V:MAJ,II:MAJ,V:MAJ,II:MAJ,V:MAJ,II:MAJ,V:MAJ,II:MAJ,V:MAJ,I:MAJ,V:MAJ,VI:MIN,III:MIN,IV:MAJ,VII:DIM,I:MAJ,VI:MIN,II:MIN,II:MAJ,V:MAJ,I:MAJ,V:MAJ,I:MAJ,IV:MAJ,VII:DIM,I:MAJ,IV:MAJ,V:MAJ,I:MAJ,II:MIN,V:MAJ,I:MAJ,II:MIN,V:MAJ,I:MAJ,V:MAJ,I:MAJ,V:MAJ,I:MAJ,V:MAJ,I:MAJ,V:MAJ,I:MAJ,V:MAJ,I:MAJ
MINOR;I:MIN,#VII:DIM,I:MIN,IV:MIN,I:MIN,#VII:DIM,I:MIN,V:MAJ,I:MIN,#VII:DIM,I:MIN,V:MAJ,#VII:DIM,V:MAJ,I:MIN,VI:MAJ,bII:MAJ,V:MAJ,I:MIN,V:MAJ,I:MIN,#VII:DIM,I:MIN,#VII:DIM,I:MIN
MINOR;IV:MIN,V:MAJ,I:MIN
MAJOR;V:MAJ,I:MAJ,IV:MAJ,II:MIN,V:MAJ,III:MIN,VI:MIN,IV:MAJ,V:MAJ,I:MAJ,VI:MIN,II:MAJ,V:MAJ,#IV:DIM,V:MAJ,I:MAJ,V:MAJ,I:MAJ,VII:DIM,V:MAJ,#IV:DIM,V:MAJ,I:MAJ,V:MAJ,I:MAJ,VII:DIM,V:MAJ,II:MAJ,V:MAJ,II:MAJ,V:MAJ
MINOR;I:MIN,V:MAJ,I:MIN,V:MAJ,I:MIN,V:MAJ,I:MIN,II:DIM,#IV:DIM,V:MAJ,#VII:DIM,I:MIN,II:DIM,I:MIN,#III:DIM,IV:MIN,V:MIN,IV:MIN,V:MAJ,II:DIM,#IV:DIM,V:MAJ
MAJOR;I:MAJ,V:MAJ,I:MAJ,V:MAJ,I:MAJ,V:MAJ,I:MAJ,#I:DIM,II:MIN,V:MAJ,I:MAJ,II:MAJ,V:MAJ,VII:DIM,I:MAJ,VII:DIM,I:MAJ,VII:DIM,I:MAJ,#V:DIM,VI:MIN,IV:MAJ,V:MAJ,I:MAJ,IV:MAJ,I:MAJ,IV:MAJ,I:MAJ,IV:MAJ,I:MAJ,IV:MAJ,I:MAJ,IV:MAJ,I:MAJ,IV:MAJ,#IV:DIM,V:MAJ,I:MAJ,IV:MAJ,I:MAJ,VII:DIM,I:MAJ,IV:MAJ,I:MAJ,VII:DIM,I:MAJ,V:MAJ,I:MAJ,V:MAJ,I:MAJ,V:MAJ,I:MAJ,III:DIM
MINOR;#VII:DIM,V:MAJ,I:MIN,V:MAJ,I:MIN,V:MAJ,I:MIN,V:MAJ,I:MIN,V:MAJ,I:MIN
MAJOR;IV:MAJ,VI:MIN,II:MIN,IV:MAJ,VII:DIM,II:MIN,VII:DIM,IV:MAJ,V:MAJ,VII:DIM,I:MAJ,IV:MAJ,VII:DIM,I:MAJ,I:AUG,IV:MAJ,I:MAJ,VII:DIM,I:MAJ,V:MAJ
MINOR;I:MIN,#VII:DIM,I:MIN,V:MAJ
MINOR;I:MIN,#VII:DIM,I:MIN,V:MAJ,II:DIM,#VII:DIM,V:MAJ,I:MIN,VI:MAJ,bII:MAJ,V:MAJ,I:MIN,V:MAJ,I:MIN,#VII:DIM,I:MIN,#VII:DIM,I:MIN
MINOR;V:MAJ,II:DIM,#VII:DIM,V:MAJ,I:MIN,#VII:DIM,I:MIN,II:DIM
MINOR;#VII:DIM,II:DIM,#VII:DIM,V:MAJ,I:MIN,#VII:DIM,I:MIN
MINOR;VI:MAJ,IV:MIN,V:MAJ,I:MIN,VII:MAJ,I:MIN,#III:DIM,IV:MIN,#III:DIM,IV:MIN,VI:MAJ,#IV:MAJ,V:MAJ,#IV:DIM,V:MAJ,I:MIN,V:MAJ,I:MIN,#IV:DIM,V:MAJ,II:MAJ,V:MAJ,II:MAJ,V:MAJ,I:MIN,V:MAJ,I:MIN,V:MAJ,I:MIN,V:MAJ
MAJOR;V:MAJ,I:MAJ,V:MAJ,I:MAJ
MINOR;I:MAJ,IV:MIN,V:MAJ,I:MIN,II:DIM,#IV:DIM,V:MAJ,#VII:DIM,I:MIN,II:DIM,I:MIN,#III:DIM,IV:MIN,V:MIN,IV:MIN,V:MAJ,II:DIM,#IV:DIM,V:MAJ,I:MIN,V:MAJ,I:MIN,V:MAJ,I:MIN,V:MAJ,I:MIN,V:MAJ,I:MIN,#VII:DIM,I:MIN,#VII:DIM,VI:MAJ,#IV:MAJ,V:MAJ,#VII:DIM,I:MIN,#VII:DIM,I:MIN,#VII:DIM,I:MIN,V:MAJ,I:MIN,II:DIM,V:MAJ,I:MIN,IV:MIN,I:MAJ,IV:MIN,I:MIN,IV:MIN,I:MIN,I:MAJ,IV:MIN,I:MAJ,IV:MIN,I:MAJ,IV:MIN,#IV:DIM,V:MAJ,I:MIN,IV:MIN,I:MIN,#VII:DIM,I:MIN,IV:MIN,I:MIN,#VII:DIM,I:MIN
MAJOR;I:MAJ,VII:DIM,I:MAJ,VII:DIM,V:MAJ,I:MAJ,V:MAJ,I:MAJ,V:MAJ,I:MAJ,V:MAJ,I:MAJ,V:MAJ,II:MAJ,V:MAJ,I:MAJ,VII:DIM,I:MAJ,VII:DIM,I:MAJ,II:MIN,V:MAJ,I:MAJ,IV:MAJ,II:MIN,VII:DIM,V:MAJ,#IV:DIM,#V:DIM,VI:MIN,II:MIN,#IV:DIM,V:MAJ,I:MAJ
MAJOR;VI:MAJ,II:MIN,V:MAJ,I:MAJ,IV:MAJ,III:MIN,II:MIN,V:MAJ,VII:DIM,V:MAJ,I:MAJ,VI:MIN,IV:MAJ,I:MAJ,IV:MAJ,III:MIN,II:MIN,VII:DIM,I:MAJ,VI:MIN,V:MAJ,I:MAJ,IV:MAJ,II:MIN,VII:DIM,V:MAJ,#IV:DIM,#V:DIM,VI:MIN,II:MIN,#IV:DIM,V:MAJ,I:MAJ
MAJOR;I:MAJ,V:MAJ,I:MAJ,V:MAJ,VII:DIM,V:MAJ,I:MAJ,VII:DIM,I:MAJ,VII:DIM,V:MAJ,I:MAJ,V:MAJ,I:MAJ,V:MAJ,I:MAJ,V:MAJ,I:MAJ,V:MAJ,II:MAJ,V:MAJ,I:MAJ,VII:DIM,I:MAJ,VII:DIM,V:MAJ,I:MAJ,II:MIN,V:MAJ,I:MAJ,IV:MAJ,II:MIN,VII:DIM,V:MAJ,#IV:DIM,#V:DIM,VI:MIN,II:MIN,#IV:DIM,V:MAJ,I:MAJ
MINOR;V:MAJ,I:MIN,V:MAJ,#VII:DIM,I:MIN,#VII:DIM,VI:MAJ,V:MAJ,I:MIN,#VII:DIM,VI:MAJ,V:MAJ,V:DIM,IV:MIN,V:MAJ,II:DIM,II:MAJ,V:MAJ,I:MIN,V:MAJ,#VII:DIM,I:MIN,V:MAJ,#III:DIM,IV:MIN,#IV:DIM,V:MAJ,#VII:DIM,V:MAJ,#VII:DIM,V:MAJ,#VII:DIM,I:MIN,II:DIM,I:MIN,IV:MIN,I:MIN,VI:MAJ,I:MIN,IV:MIN,I:MIN,II:DIM,I:MIN,V:MAJ,#VI:DIM,V:MAJ,I:MIN,V:MAJ,I:MIN,V:MAJ,I:MIN,V:MAJ,#VI:DIM,V:MAJ,I:MIN,I:MAJ,IV:MIN,I:MAJ,IV:MIN,I:MIN,I:MAJ,IV:MIN,I:MAJ,IV:MIN,I:MIN,IV:MIN,#IV:DIM,V:MIN,#VII:DIM,I:MIN,II:DIM,V:MAJ,I:MIN
MAJOR;V:MAJ,I:MAJ,IV:MAJ,II:MIN,V:MAJ,III:MIN,VI:MIN,IV:MAJ,VII:DIM,V:MAJ,I:MAJ,VI:MIN,II:MIN,VII:DIM,III:MIN,I:MAJ,IV:MAJ,II:MIN,III:MIN,I:MAJ,II:MIN,VII:DIM,I:MAJ,VI:MIN,VII:DIM,V:MAJ,VI:MIN,IV:MAJ,V:MAJ,III:MIN,IV:MAJ,II:MIN,III:MIN,I:MAJ,II:MIN,VII:DIM,I:MAJ,VI:MIN,II:MIN,II:MAJ,V:MAJ,I:MIN,#IV:MAJ,V:MAJ,I:MIN,#IV:MAJ,V:MAJ,VII:DIM,V:MAJ,I:MAJ,V:MAJ,VII:DIM,V:MAJ,I:MAJ,V:MAJ,I:MAJ,V:MAJ,I:MAJ,II:MIN,V:MAJ,I:MAJ,V:MAJ,I:MAJ,V:MAJ,I:MAJ,II:MIN,V:MAJ,I:MAJ,V:MAJ,I:MAJ,VII:DIM,I:MAJ,V:MAJ,I:MAJ,VI:MIN,II:MAJ,V:MAJ,I:MAJ,II:MIN,I:MAJ,IV:MAJ,I:MAJ,VI:MIN,I:MAJ,IV:MAJ,I:MAJ,II:MIN,I:MAJ
MINOR;I:MIN,II:DIM,I:MIN,IV:MIN,I:MIN,VI:MAJ,I:MIN,IV:MIN,I:MIN,II:DIM,I:MIN
MINOR;I:MIN,II:DIM,I:MIN,IV:MIN,I:MIN,VI:MAJ,I:MIN,IV:MIN,I:MIN,II:DIM,I:MIN
MINOR;#VII:DIM,I:MIN,#VII:DIM,I:MIN,V:MAJ,I:MIN,V:MAJ,I:MIN,V:MAJ,#VII:DIM,V:MAJ,#VII:DIM,V:MAJ,I:MIN,V:MAJ,#VII:DIM,I:MIN,V:MAJ,#III:DIM,IV:MIN,#IV:DIM,V:MAJ,#VII:DIM,V:MAJ,#VII:DIM,V:MAJ,#VII:DIM,I:MIN,#IV:DIM,V:MAJ,I:MIN
MAJOR;I:MAJ,IV:MAJ,I:MAJ,IV:MAJ,VII:DIM,V:MAJ,I:MAJ,IV:MAJ,I:MAJ,V:MAJ,I:MAJ,VII:DIM,I:MAJ,VII:DIM,I:MAJ,II:MIN,V:MAJ,I:MAJ,IV:MAJ,I:MAJ,IV:MAJ,VII:DIM,V:MAJ,IV:MAJ,V:MAJ,I:MAJ,V:MAJ,I:MAJ,VII:DIM,I:MAJ,IV:MAJ,I:MAJ,IV:MAJ,I:MAJ,II:MIN,V:MAJ,I:MAJ,V:MAJ,I:MAJ,#I:DIM,V:MAJ,I:MAJ,V:MAJ,VI:MIN,V:MAJ,I:MAJ,#I:DIM,V:MAJ,I:MAJ,V:MAJ,VI:MIN,V:MAJ,II:MAJ,V:MAJ,II:MAJ,V:MAJ,I:MAJ,IV:MAJ,I:MAJ,IV:MAJ,VII:DIM,V:MAJ,I:MAJ,IV:MAJ,I:MAJ,V:MAJ,I:MAJ,VII:DIM,I:MAJ,VII:DIM,I:MAJ,II:MIN,V:MAJ,I:MAJ,IV:MAJ,I:MAJ,IV:MAJ,VII:DIM,V:MAJ,IV:MAJ,V:MAJ,I:MAJ,V:MAJ,I:MAJ,VII:DIM,I:MAJ,IV:MAJ,I:MAJ,IV:MAJ,I:MAJ,II:MIN,V:MAJ,I:MAJ
MINOR;V:MAJ,I:MIN,V:MAJ,#VII:DIM,I:MIN,#VII:DIM,VI:MAJ,V:MAJ,I:MIN,#VII:DIM,VI:MAJ,V:MAJ,V:DIM,IV:MIN,V:MAJ,II:DIM,II:MAJ,V:MAJ,I:MIN,V:MAJ,#VII:DIM,I:MIN,V:MAJ,#III:DIM,IV:MIN,#IV:DIM,V:MAJ,#VII:DIM,V:MAJ,#VII:DIM,V:MAJ,#VII:DIM,I:MIN,II:DIM,I:MIN,IV:MIN,I:MIN,VI:MAJ,I:MIN,IV:MIN,I:MIN,II:DIM,I:MIN,V:MAJ,#VI:DIM,V:MAJ,I:MIN,V:MAJ,I:MIN,V:MAJ,I:MIN,V:MAJ,#VI:DIM,V:MAJ,I:MIN,I:MAJ,IV:MIN,I:MAJ,IV:MIN,I:MIN,I:MAJ,IV:MIN,I:MAJ,IV:MIN,I:MIN,IV:MIN,#IV:DIM,V:MIN,#VII:DIM,I:MIN,II:DIM,V:MAJ,#IV:DIM,V:MAJ,I:MIN,II:DIM,I:MIN,IV:MIN,II:DIM,V:MAJ,I:MAJ,V:MAJ,I:MIN,V:MAJ,I:MIN,V:MAJ,I:MIN,V:MAJ,I:MIN,V:MAJ,I:MIN
MAJOR;V:MAJ,I:MAJ,VII:DIM,I:MAJ,V:MAJ,I:MAJ,V:MAJ,I:MAJ,V:MAJ,I:MAJ,IV:MAJ,V:MAJ,IV:MAJ,I:MAJ,II:MIN,VI:MAJ,II:MIN,VI:MAJ,II:MIN,V:MAJ,I:MAJ,IV:MAJ,V:MAJ,I:MAJ,V:MAJ,I:MAJ,VII:DIM,I:MAJ,V:MAJ,I:MAJ,V:MAJ,I:MAJ,V:MAJ,I:MAJ,V:MAJ,I:MAJ,V:MAJ,I:MAJ,V:MAJ,I:MAJ,IV:MAJ,II:MIN,II:MAJ,V:MAJ,VII:DIM,V:MAJ,VII:DIM,V:MAJ,I:MAJ,VII:DIM,I:MAJ,V:MAJ,I:MAJ,V:MAJ,I:MAJ,V:MAJ,I:MAJ,IV:MAJ,V:MAJ,I:MAJ
MAJOR;III:MIN,II:MIN,I:MAJ,V:MAJ,I:MAJ,V:MAJ,I:MAJ,VII:DIM,I:MAJ,VI:MIN,V:MAJ,IV:MAJ,I:MAJ,IV:MAJ,I:MAJ,II:MIN,#IV:DIM,V:MAJ,I:MAJ,#I:DIM,V:MAJ,I:MIN,I:MAJ,V:MAJ,I:MAJ,V:MAJ,I:MAJ,#I:DIM,V:MAJ,I:MIN,I:MAJ,V:MAJ,I:MAJ,V:MAJ,I:MAJ,#I:DIM,II:MIN,V:MAJ,I:MAJ,V:MAJ,I:MAJ,#I:DIM,II:MIN,V:MAJ,I:MAJ,V:MAJ,I:MAJ,V:MAJ,I:MAJ,VII:DIM,I:MAJ,V:MAJ,I:MAJ,V:MAJ,I:MAJ,V:MAJ,I:MAJ,V:MAJ,I:MAJ,V:MAJ,I:MAJ,V:MAJ,I:MAJ,IV:MAJ,I:MAJ,IV:MAJ,I:MAJ,VI:MAJ,II:MIN,V:MAJ,I:MAJ,II:MIN,V:MAJ,I:MAJ,VI:MAJ,II:MIN,VII:DIM,I:MAJ,II:MIN,V:MAJ,I:MAJ,V:MAJ,I:MAJ,IV:MAJ,I:MAJ,IV:MAJ,I:MAJ,IV:MAJ,I:MAJ,II:MIN,#II:DIM,I:MAJ,IV:MAJ,I:MAJ,II:MIN,#II:DIM,I:MAJ,IV:MAJ,II:MIN,VII:DIM,bVI:MAJ,V:MAJ,#V:DIM,VI:MIN,IV:MAJ,V:MAJ,I:MAJ,V:MAJ,I:MAJ,V:MAJ,I:MAJ,V:MAJ,I:MAJ,V:MAJ,I:MAJ,V:MAJ,I:MAJ,V:MAJ,I:MAJ
MINOR;I:MIN
MINOR;I:MIN,II:DIM,#IV:DIM,V:MAJ,I:MIN,#VII:DIM,I:MIN,V:MAJ,I:MIN,V:MAJ,I:MIN
MINOR;#VII:DIM,I:MIN,V:MAJ,I:MIN,V:MAJ,I:MIN
MINOR;#VII:DIM,I:MIN,V:MAJ,I:MIN,V:MAJ,I:MIN
MAJOR;VII:DIM,I:MAJ
MAJOR;VII:DIM,I:MAJ,IV:MAJ,II:MAJ,V:MAJ,#IV:DIM,V:MAJ,#IV:DIM,V:MAJ,I:MAJ,VII:DIM,I:MAJ,V:MAJ,I:MAJ,V:MAJ,I:MAJ,V:MAJ,I:MAJ,V:MAJ,I:MAJ,V:MAJ,I:MAJ,V:MAJ,I:MAJ
MINOR;V:MAJ,I:MIN,#VII:DIM,I:MIN
MINOR;IV:MIN,V:MAJ,I:MIN,#VII:DIM,I:MIN
MINOR;IV:MIN,V:MAJ,I:MIN,#VII:DIM,I:MIN,II:DIM,#IV:DIM,V:MAJ,I:MIN,#IV:DIM,V:MAJ,I:MIN,#IV:DIM,V:MAJ,III:MAJ,IV:MIN,III:MAJ,I:MIN,II:DIM,I:MIN,IV:MIN,I:MIN,II:DIM,I:DIM,I:MAJ,IV:MIN,I:MIN,II:DIM,I:DIM,I:MAJ,IV:MIN,I:MAJ,IV:MIN,#IV:MAJ,V:MAJ,I:MIN,II:DIM,I:MIN,#VII:DIM,I:MIN,II:DIM,I:MIN
MINOR;#VII:DIM,I:MIN,II:DIM,I:MIN,V:MAJ,I:MIN,II:DIM,I:MIN
MINOR;#VII:DIM,I:MIN,II:DIM,I:MIN,V:MAJ,I:MIN,II:DIM,I:MIN
MAJOR;#IV:DIM,V:MAJ,II:MAJ,V:MAJ,II:MAJ,V:MAJ,II:MAJ,V:MAJ,II:MAJ,V:MAJ,I:MAJ,VII:DIM,I:MAJ,V:MAJ,I:MAJ,V:MAJ,I:MAJ,V:MAJ,I:MAJ,IV:MAJ,V:MAJ,IV:MAJ,I:MAJ,II:MIN,VI:MAJ,II:MIN,VI:MAJ,II:MIN,V:MAJ,I:MAJ,IV:MAJ,V:MAJ,I:MAJ
MINOR;V:MAJ,I:MIN,V:MAJ,I:MIN,#VII:DIM,I:MIN
MINOR;V:MAJ,I:MIN,V:MAJ,I:MIN,#VII:DIM,I:MIN,V:MAJ,I:MIN
MINOR;I:MIN,IV:MIN,I:MIN,IV:MIN,I:MIN,II:DIM,#IV:DIM,V:MAJ,I:MAJ,#I:DIM,V:MAJ,I:MIN,I:MAJ,V:MAJ,I:MAJ,V:MAJ,I:MAJ,#I:DIM,V:MAJ,I:MIN,I:MAJ,V:MAJ,I:MAJ,V:MAJ,I:MIN,V:MAJ,I:MIN,V:MAJ,I:MIN,V:MAJ,I:MIN
MAJOR;V:MAJ,I:MAJ,V:MAJ,I:MAJ,VII:DIM,I:MAJ,V:MAJ,I:MAJ,V:MAJ,I:MAJ,V:MAJ,I:MAJ,V:MAJ,I:MAJ,V:MAJ,I:MAJ,V:MAJ,I:MAJ,IV:MAJ,I:MAJ,IV:MAJ,I:MAJ,VI:MAJ,II:MIN,V:MAJ,I:MAJ,II:MIN,V:MAJ,I:MAJ,VI:MAJ,II:MIN,VII:DIM,I:MAJ,II:MIN,V:MAJ,I:MAJ,V:MAJ,I:MAJ,IV:MAJ,I:MAJ,IV:MAJ,I:MAJ,IV:MAJ,I:MAJ,II:MIN,#II:DIM,I:MAJ,IV:MAJ,I:MAJ,II:MIN,#II:DIM,I:MAJ,IV:MAJ,II:MIN,VII:DIM,bVI:MAJ,V:MAJ,#V:DIM,VI:MIN,IV:MAJ,V:MAJ,I:MAJ,V:MAJ,I:MAJ,V:MAJ,I:MAJ,V:MAJ,I:MAJ,V:MAJ,I:MAJ,V:MAJ,I:MAJ,V:MAJ,I:MAJ,V:MAJ,I:MAJ,V:MAJ,I:MAJ,V:MAJ,I:MAJ
MAJOR;I:MAJ,IV:MAJ,I:MAJ,V:MAJ,I:MAJ,VII:DIM,I:MAJ,VII:DIM,I:MAJ,V:MAJ,IV:MAJ,I:MAJ,V:MAJ,I:MAJ,IV:MAJ,#I:DIM,II:MIN,I:MAJ,II:MIN,VII:DIM,I:MAJ,V:MAJ,I:MAJ,IV:MAJ,I:MAJ,V:MAJ,I:MAJ,VII:DIM,I:MAJ,VII:DIM,I:MAJ,V:MAJ,IV:MAJ,I:MAJ,#IV:DIM,V:MAJ,I:MAJ,II:MIN,V:MAJ,I:MAJ,VII:DIM,I:MAJ,IV:MAJ,V:MAJ,I:MAJ
MAJOR;I:MAJ,V:MAJ,I:MAJ,VII:DIM,V:MAJ,I:MIN,IV:MAJ,II:MIN,III:MIN,VI:MAJ,II:MIN,V:MAJ,I:MAJ,IV:MAJ,II:MIN,II:MAJ,V:MAJ,I:MAJ,V:MAJ,I:MAJ,V:MAJ,I:MAJ,V:MAJ,I:MAJ,V:MAJ,I:MAJ,V:MAJ,I:MAJ,V:MAJ,#V:DIM,VI:MIN,I:MAJ,#V:DIM,VI:MIN,V:MAJ,I:MAJ,IV:MAJ,II:MAJ,V:MAJ,I:MAJ,VI:MIN,#IV:DIM,V:MAJ,I:MAJ,IV:MAJ,II:MAJ
MINOR;I:MIN,VI:MAJ
MINOR;#VII:DIM,I:MIN
MAJOR;IV:MAJ,VII:DIM,V:MAJ,I:MAJ,IV:MAJ,V:MAJ,I:MAJ
MINOR;V:MAJ,I:MIN,V:MAJ,I:MIN,V:MAJ,I:MIN,V:MAJ,I:MIN,V:MAJ,I:MIN,V:MAJ,#IV:MAJ,V:MAJ
MAJOR;V:MAJ,I:MAJ,V:MAJ,I:MAJ,VI:MIN,IV:MAJ,II:MAJ,V:MAJ,I:MAJ,V:MAJ,I:MAJ,IV:MAJ,V:MAJ,I:MAJ,V:MAJ,I:MAJ,V:MAJ,I:MAJ,V:MAJ,I:MAJ,V:MAJ,I:MAJ,V:MAJ,I:MAJ,V:MAJ,I:MAJ,V:MAJ,I:MAJ,V:MAJ,I:MAJ
MAJOR;II:MIN,V:MAJ,I:MAJ,VII:DIM,I:MAJ,II:MIN,VII:DIM,I:MAJ,VII:DIM,I:MAJ,VI:MIN,V:MAJ,IV:MAJ,I:MAJ,VII:DIM,V:MAJ,IV:MAJ,II:MAJ,V:MAJ,I:MAJ,V:MAJ,I:MAJ,V:MAJ,I:MAJ,V:MAJ,I:MAJ,IV:MAJ,I:MAJ,IV:MAJ,I:MAJ,IV:MAJ,I:MAJ,IV:MAJ,I:MAJ,I:MIN
MAJOR;I:MAJ,V:MAJ,I:MAJ,V:MAJ,I:MAJ
MAJOR;#IV:MAJ,V:MAJ,I:MAJ,V:MAJ,I:MAJ,V:MAJ,I:MAJ,V:MAJ,I:MAJ,V:MAJ,I:MAJ,V:MAJ,I:MAJ,V:MAJ,I:MAJ,V:MAJ,I:MAJ,V:MAJ,I:MAJ
MAJOR;I:MAJ,V:MAJ,I:MAJ,VI:MIN,IV:MAJ,II:MAJ,V:MAJ,I:MAJ,V:MAJ,I:MAJ,IV:MAJ,V:MAJ,I:MAJ
MINOR;VI:MAJ,II:DIM,V:MAJ,I:MIN,#VII:DIM,I:MIN,#VII:DIM,I:MIN,#VII:DIM,I:MIN,#VII:DIM,I:MIN,II:DIM,#IV:DIM,V:MAJ
MAJOR;I:MAJ,VI:MIN,II:MIN,V:MAJ,I:MAJ,VII:DIM,I:MAJ,VII:DIM,I:MAJ,V:MAJ,I:MAJ,V:MAJ,I:MAJ,IV:MAJ,II:MIN,VII:DIM,III:MIN,I:MAJ,VI:MIN,II:MIN,VII:DIM,V:MAJ,I:MAJ,IV:MAJ,I:MAJ,IV:MAJ,I:MAJ,IV:MAJ,I:MAJ,IV:MAJ,I:MAJ,I:MIN,#IV:MAJ,V:MAJ,I:MAJ,VI:MIN,II:MIN,V:MAJ,I:MAJ,VII:DIM,I:MAJ,VII:DIM,I:MAJ,VII:DIM,I:MAJ
MINOR;#VII:DIM,I:MIN,V:MAJ,I:MIN,VI:MAJ,V:MAJ,I:MIN,VI:MAJ,II:DIM,V:MAJ,I:MIN,#VII:DIM,I:MIN
MAJOR;II:MIN,V:MAJ,I:MAJ,VII:DIM,I:MAJ
MAJOR;II:DIM,V:MAJ,I:MAJ,VII:DIM,I:MAJ
MINOR;I:MIN,#IV:DIM,V:MAJ,I:MIN,#IV:DIM,V:MAJ,II:MAJ,V:MAJ,II:MAJ,V:MAJ
MINOR;I:MIN,#VII:DIM,I:MIN,VI:MAJ,I:MIN,I:MAJ,IV:MIN,#IV:DIM,V:MAJ,IV:MIN,IV:MAJ,VII:MAJ,#VII:DIM,I:MIN,#VII:DIM,I:MIN,#VII:DIM,I:MIN,#III:DIM,IV:MIN,II:DIM,#IV:DIM,V:MAJ,I:MIN,#VII:DIM,I:MIN,VI:MAJ,I:MIN,I:MAJ,IV:MIN,#IV:DIM,V:MAJ,IV:MIN,IV:MAJ,VII:MAJ,#VII:DIM,I:MIN,V:MAJ,#VII:DIM,I:MIN,#III:DIM,IV:MIN
MAJOR;II:MAJ,V:MAJ,I:MAJ,IV:MAJ,III:MAJ,II:MIN,III:MIN,IV:MAJ,II:MAJ,V:MAJ,I:MAJ,#IV:DIM,II:MAJ,V:MAJ,I:MAJ,V:MAJ,I:MAJ,VI:MAJ,II:MIN,V:MAJ,I:MAJ
MAJOR;V:MAJ,I:MAJ,V:MAJ,I:MAJ
MAJOR;I:MAJ,V:MAJ,I:MAJ
MINOR;V:MAJ,VI:MAJ,#IV:MAJ,V:MAJ,I:MIN,V:MAJ,I:MIN,#VII:DIM,I:MIN,#III:DIM,IV:MAJ,#IV:MAJ,V:MAJ,I:MIN,V:MAJ,I:MIN,#VII:DIM,I:MIN,#III:DIM,IV:MAJ,#IV:MAJ
MAJOR;V:MAJ,I:MAJ,#I:DIM,V:MAJ,I:MAJ,V:MAJ,I:MAJ,V:MAJ,I:MAJ,#I:DIM,V:MAJ,I:MAJ,V:MAJ,I:MAJ,V:MAJ,I:MAJ,V:MAJ,I:MAJ,V:MAJ,I:MAJ,III:MAJ,IV:MAJ,V:MAJ,VI:MIN,VII:DIM,I:MAJ,IV:MAJ,I:MAJ,IV:MAJ,#IV:DIM,V:MAJ,#I:DIM,II:MIN,V:MAJ,VI:MIN,V:MAJ,IV:MAJ,III:MIN,II:MIN,I:MAJ,VII:DIM,VI:MIN,V:MAJ,IV:MAJ,III:MIN,II:MIN,I:MAJ,II:MIN,V:MAJ,I:MAJ,VII:DIM,I:MAJ,IV:MAJ,IV:MIN,V:MAJ,#IV:DIM,V:MAJ,IV:MIN,IV:MAJ,bVII:MAJ,VII:DIM,I:MAJ
MAJOR;VII:DIM,I:MAJ,IV:MAJ
MAJOR;VII:DIM,I:MAJ,IV:MAJ
MINOR;#VII:DIM,I:MIN,#III:DIM,IV:MAJ,#IV:MAJ,V:MAJ,I:MIN,#VII:DIM,I:MIN,VI:MAJ,I:MIN,I:MAJ,IV:MIN,#IV:DIM,V:MAJ,IV:MIN,IV:MAJ,VII:MAJ,#VII:DIM,I:MIN,#VII:DIM,I:MIN,#VII:DIM,I:MIN
MAJOR;I:MAJ,V:MAJ,I:MAJ
MINOR;I:MIN,V:MAJ,I:MIN
MAJOR;V:MAJ,I:MAJ,VII:DIM,III:MAJ,II:MIN,III:MIN,IV:MAJ,II:MAJ,V:MAJ,I:MAJ,II:MAJ,V:MAJ,I:MAJ,V:MAJ,I:MAJ,#I:DIM,II:MIN
MINOR;#IV:DIM,V:MAJ,I:MIN,V:MAJ,I:MIN,V:MAJ,#VII:DIM,V:MAJ,I:MIN,V:MAJ,I:MIN,V:MAJ,I:MIN,V:MAJ,I:MIN,V:MAJ,I:MIN,V:MAJ,I:MIN,V:MAJ,I:MIN,V:MAJ,I:MIN,V:MAJ,I:MIN,IV:MIN,II:DIM,#IV:DIM,V:MAJ,I:MIN,II:DIM,#VII:DIM,I:MIN,II:DIM,#VII:DIM,I:MIN
MAJOR;V:MAJ,I:MAJ
MINOR;V:MAJ,#IV:DIM,V:MAJ,#IV:DIM,V:MAJ,#IV:DIM,V:MAJ,I:MIN,#VII:DIM,I:MIN,VI:MAJ,I:MIN,I:MAJ,IV:MIN,#IV:DIM,V:MAJ,IV:MIN,IV:MAJ,VII:MAJ,#VII:DIM,I:MIN,V:MAJ,#VII:DIM,I:MIN,#III:DIM,IV:MIN
MAJOR;II:MAJ,V:MAJ,I:MAJ,IV:MAJ,VII:DIM
MINOR;V:MAJ,I:MIN,IV:MIN,III:MAJ,II:DIM,I:MIN,#VII:DIM,I:MIN,IV:MIN,V:MAJ,I:MIN,#IV:DIM,II:MAJ,V:MAJ,#IV:DIM,V:MAJ,#IV:DIM,V:MAJ
MAJOR;I:MAJ,V:MAJ,I:MAJ,VI:MAJ,II:MIN,V:MAJ,I:MAJ
MAJOR;V:MAJ,I:MAJ,V:MAJ,I:MAJ
MAJOR;I:MAJ,V:MAJ,I:MAJ
MINOR;V:MAJ,VI:MAJ,#IV:MAJ,V:MAJ,I:MIN,V:MAJ,I:MIN,#VII:DIM,I:MIN,#III:DIM,IV:MIN,I:MAJ,IV:MIN,#III:DIM,IV:MIN,#VI:DIM,#VII:DIM,I:MIN,#VII:DIM,V:MAJ,#VII:DIM,I:MIN,#III:DIM,IV:MIN,III:MAJ,II:DIM,VI:MAJ,V:MAJ,II:DIM,I:MIN,VII:MAJ,IV:MIN,III:MAJ,II:DIM,#IV:DIM,V:MAJ,#VII:DIM,V:MAJ,I:MIN,V:MAJ,I:MIN,V:MAJ,I:MIN,V:MAJ,I:MIN,V:MAJ,I:MIN,V:MAJ,I:MIN,V:MAJ,I:MIN,V:MAJ,I:MIN,V:MAJ,I:MIN,I:MAJ,IV:MIN,#VI:DIM,VII:MAJ,#VII:DIM,I:MIN,#VII:DIM,I:MIN,IV:MIN,#IV:DIM,V:MAJ,I:MAJ,IV:MIN,VII:MAJ,III:MAJ,V:MAJ,I:MIN,bII:MAJ,V:MAJ,I:MIN,I:MAJ,IV:MIN,III:MAJ,II:DIM,I:MIN,#VII:DIM,I:MIN,bII:MAJ,V:MAJ,I:MIN,V:MAJ,I:MIN,V:MAJ,I:MIN
MINOR;V:MAJ,I:MIN,II:DIM,V:MAJ,I:MIN,II:DIM,IV:MIN,V:MAJ,I:MIN
MINOR;II:DIM,V:MAJ,VI:MAJ,I:MIN,II:DIM,V:MAJ,I:MIN
MINOR;V:MAJ,IV:MIN,#VI:DIM,VII:MAJ,V:MAJ,I:MIN,bII:MAJ,VII:MAJ,III:MAJ,I:MAJ,IV:MIN,V:MAJ,I:MAJ,IV:MIN,II:DIM,V:MAJ,I:MIN,VI:MAJ,II:DIM,V:MAJ,I:MIN,V:MAJ,I:MIN,VI:MAJ,I:MIN,II:DIM,V:MAJ,I:MIN,VI:MAJ,II:DIM,V:MAJ,I:MIN
MINOR;II:DIM,V:MAJ,VI:MAJ,II:DIM,V:MAJ,I:MIN
MINOR;V:MAJ,VI:MAJ,IV:MAJ,VII:MAJ,V:MAJ,I:MIN,#VII:DIM,I:MIN,bII:MAJ,VII:MAJ,III:MAJ,I:MAJ,IV:MIN,#III:DIM,IV:MIN,V:MAJ,I:MAJ,IV:MIN,II:DIM,V:MAJ,I:MIN,VI:MAJ,IV:MIN,V:MAJ,I:MIN,V:MAJ,I:MIN,VI:MAJ,II:DIM,V:MAJ,I:MIN,V:MAJ,I:MIN,V:MAJ,I:MIN
MINOR;II:DIM,V:MAJ,I:MIN,IV:MIN,II:DIM,V:MAJ,I:MIN
MINOR;V:MAJ,VI:MAJ,IV:MAJ,VII:MAJ,V:MAJ,I:MIN,#VII:DIM,I:MIN,bII:MAJ,VII:MAJ,III:MAJ,I:MAJ,IV:MIN,#III:DIM,IV:MIN,II:DIM,V:MAJ,I:MAJ,IV:MIN,II:DIM,V:MAJ,I:MIN,VI:MAJ,II:DIM,V:MAJ,I:MIN
MAJOR;V:MAJ,I:MAJ,II:MIN,V:MAJ,I:MAJ,V:MAJ,I:MAJ,V:MAJ,I:MAJ
MAJOR;II:MIN,V:MAJ,VI:MIN,I:MAJ,II:MIN,V:MAJ,I:MAJ
MAJOR;II:MAJ,V:MAJ,I:MAJ,V:MAJ,I:MAJ,IV:MAJ,I:MAJ,V:MAJ,I:MAJ,IV:MAJ,V:MAJ,I:MAJ,VI:MIN,II:MIN,V:MAJ,I:MAJ
MINOR;V:MAJ,I:MIN,VI:MAJ,II:DIM,V:MAJ,I:MIN,II:DIM,II:MAJ,V:MAJ,#VII:DIM,I:MIN
MINOR;II:DIM,V:MAJ,I:MIN,II:DIM,V:MAJ,I:MIN
MINOR;V:MAJ,VI:MAJ,#VI:DIM,VII:MAJ,#VII:DIM,I:MIN,bII:MAJ,II:DIM,III:MAJ,#III:DIM,IV:MIN,II:DIM,V:MAJ,I:MAJ,IV:MIN,II:DIM,V:MAJ,I:MIN,VI:MAJ,bII:MAJ,V:MAJ,I:MIN,V:MAJ,I:MIN,VI:MAJ,II:DIM,V:MAJ,I:MIN,#VII:DIM,I:MIN,V:MAJ,#IV:DIM,V:MAJ,I:MIN,V:MAJ,I:MIN
MINOR;II:DIM,V:MAJ,I:MIN,bII:MAJ,V:MAJ,I:MIN
MINOR;V:MAJ,VI:MAJ,IV:MAJ,VII:MAJ,V:MAJ,I:MIN,V:MAJ,I:MIN,bII:MAJ,VII:MAJ,III:MAJ,I:MAJ,IV:MIN,V:MAJ,IV:MIN,V:MAJ,I:MAJ,IV:MIN,II:DIM,V:MAJ,I:MIN,VI:MAJ,II:DIM,V:MAJ,I:MIN
MAJOR;V:MAJ,I:MAJ,VI:MIN,II:MIN,V:MAJ,I:MAJ,II:MIN,V:MAJ,I:MAJ
MAJOR;II:MIN,VII:DIM,I:MAJ,IV:MAJ,V:MAJ,I:MAJ
MAJOR;II:MIN,V:MAJ,I:MAJ,V:MAJ,I:MAJ,II:MIN,I:MAJ,IV:MAJ,I:MAJ,IV:MAJ,V:MAJ,I:MAJ,IV:MAJ,II:MIN,V:MAJ,I:MAJ,II:MIN,V:MAJ,I:MAJ
MINOR;V:MAJ,I:MIN,VI:MAJ,IV:MIN,V:MAJ,I:MIN,II:DIM,#IV:DIM,V:MAJ,I:MIN
MINOR;II:DIM,#IV:DIM,V:MAJ,I:MIN,II:DIM,V:MAJ,I:MIN
MINOR;V:MAJ,VI:MAJ,IV:MAJ,VII:MAJ,V:MAJ,I:MIN,bII:MAJ,VII:MAJ,III:MAJ,I:MAJ,IV:MIN,V:MAJ,I:MAJ,IV:MIN,II:DIM,V:MAJ,I:MIN,VI:MAJ,II:DIM,V:MAJ,I:MIN,V:MAJ,I:MIN,VI:MAJ,II:DIM,V:MAJ,I:MIN,IV:MIN,III:MAJ,II:DIM,#IV:DIM,V:MAJ,#VII:DIM,I:MIN
MINOR;II:DIM,#IV:DIM,V:MAJ,#VII:DIM,I:MIN,II:DIM,III:MAJ,II:DIM,V:MAJ,I:MIN
MINOR;V:MAJ,VI:MAJ,IV:MAJ,VII:MAJ,#VII:DIM,I:MIN,bII:MAJ,VII:MAJ,III:MAJ,#III:DIM,IV:MIN,II:DIM,V:MAJ,#VII:DIM,I:MAJ,#III:DIM,IV:MIN,III:MAJ,II:DIM,#IV:DIM,V:MAJ,#VII:DIM,I:MIN,II:DIM,V:MAJ,I:MIN,V:MAJ,VI:MAJ,#VI:DIM,V:MIN,V:MAJ,I:MIN,bII:MAJ,II:DIM,I:MIN,I:MAJ,IV:MIN,#VII:DIM,V:MAJ,I:MIN,VI:MAJ,bII:MAJ,III:MAJ,VI:MAJ,IV:MIN,VII:MAJ,I:MAJ,IV:MIN,VII:MAJ,III:MAJ,VI:MAJ,II:DIM,V:MAJ,I:MIN,VI:MAJ,bII:MAJ,#IV:DIM,V:MAJ,I:MIN,V:MAJ,I:MIN,#IV:DIM,V:MAJ,#VII:DIM,V:MAJ,II:DIM,V:MAJ,I:MAJ,IV:MIN,V:MAJ,I:MIN,II:MAJ,V:MAJ,I:MIN,#VII:DIM,I:MIN,II:DIM,V:MAJ,I:MIN,#III:DIM,IV:MIN,#VII:DIM,V:MAJ,I:MIN,#III:DIM,IV:MIN,#VII:DIM,V:MAJ,I:MIN,II:DIM,V:MAJ,I:MIN
MAJOR;I:MAJ,VII:DIM,I:MAJ,IV:MAJ,#II:DIM,I:MAJ,II:MIN,II:MAJ,V:MAJ,I:MAJ,IV:MAJ,V:MAJ,I:MAJ,IV:MAJ,I:MAJ,II:MIN,I:MAJ,VII:DIM,I:MAJ,IV:MAJ,I:MAJ,#II:DIM,I:MAJ,VII:DIM,I:MAJ,IV:MAJ,#II:DIM,I:MAJ,IV:MAJ,#II:DIM,I:MAJ,VI:MIN
MAJOR;VII:DIM,I:MAJ,V:MAJ,I:MAJ,V:MAJ,I:MAJ
MAJOR;I:MAJ,VII:DIM,I:MAJ
MAJOR;II:MIN,V:MAJ,III:MIN,VI:MIN,IV:MAJ,I:MAJ,IV:MAJ,I:MAJ,II:MIN,VII:DIM,I:MAJ,IV:MAJ,II:MAJ,V:MAJ,VI:MIN,V:MAJ,I:MAJ,V:MAJ,VI:MIN,V:MAJ,VI:MIN,V:MAJ,I:MAJ,V:MAJ,VI:MIN,V:MAJ,VI:MIN,V:MAJ,I:MAJ,V:MAJ,VI:MIN,V:MAJ,VI:MIN,V:MAJ,I:MAJ,V:MAJ,VI:MIN,V:MAJ,IV:MAJ,I:MAJ,#II:DIM,III:MIN,V:MAJ,I:MAJ,V:MAJ,I:MAJ,II:MIN,I:MAJ,IV:MAJ,I:MAJ,II:MIN,I:MAJ,II:MIN,I:MAJ,IV:MAJ,I:MAJ,II:MIN,I:MAJ,II:MIN,I:MAJ,IV:MAJ,I:MAJ,II:MIN,I:MAJ,II:MIN,I:MAJ,IV:MAJ,I:MAJ,II:MIN,I:MAJ
MAJOR;IV:MAJ,I:MAJ,V:MAJ,I:MAJ
MAJOR;V:MAJ,IV:MAJ,V:MAJ,I:MAJ,II:MIN,I:MAJ,II:MAJ,V:MAJ,#IV:DIM,V:MAJ,#IV:DIM,V:MAJ,I:MAJ,V:MAJ,I:MAJ,IV:MAJ,V:MAJ,VI:MIN,V:MAJ,VII:DIM,I:MAJ,II:MAJ,V:MAJ,I:MAJ,IV:MAJ,V:MAJ,I:MAJ,V:MAJ,I:MAJ,V:MAJ,I:MAJ,V:MAJ,I:MAJ,V:MAJ,I:MAJ,V:MAJ,I:MAJ,V:MAJ,I:MAJ,V:MAJ,I:MAJ,V:MAJ,I:MAJ,V:MAJ,I:MAJ,V:MAJ,I:MAJ,IV:MAJ,I:MAJ,V:MAJ,I:MAJ,#II:DIM,I:MAJ,I:AUG,IV:MAJ,I:AUG,IV:MAJ,I:MAJ,IV:MAJ,I:AUG,IV:MAJ,#IV:DIM,V:MAJ,bVI:MAJ,V:MAJ,#IV:DIM,V:MAJ,I:MAJ,IV:MAJ,I:MAJ,II:MIN,V:MAJ,I:MAJ,IV:MAJ,V:MAJ,I:MAJ
MAJOR;V:MAJ,I:MAJ,V:MAJ,VII:DIM,I:MAJ,II:MIN,IV:MAJ,V:MAJ,VI:MIN,V:MAJ,VII:DIM,I:MAJ,#II:DIM,III:MIN,III:MAJ,IV:MAJ,#V:DIM,IV:MAJ,II:MIN,V:MAJ,I:MAJ,IV:MAJ,I:MAJ,#II:DIM,I:MAJ,V:MAJ,I:MAJ,IV:MAJ,I:MAJ,#II:DIM,I:MAJ,VII:DIM,I:MAJ,IV:MAJ,#II:DIM,I:MAJ,IV:MAJ,#II:DIM,I:MAJ,IV:MAJ
MINOR;IV:MIN,V:MAJ,I:MIN,IV:MIN,I:MIN
MINOR;V:MAJ,I:MIN,II:MAJ,V:MAJ,#IV:DIM,V:MAJ,#IV:DIM,V:MAJ
MAJOR;I:MAJ
MINOR;II:DIM,V:MAJ,I:MIN
MINOR;II:DIM,V:MAJ,I:MIN,V:MAJ,I:MIN,V:MAJ,I:MIN,V:MAJ
MINOR;II:DIM,V:MAJ,I:MIN,V:MAJ,I:MIN,V:MAJ,I:MIN,V:MAJ,I:MIN,V:MAJ,I:MIN,#VII:DIM,I:MIN
MINOR;I:MIN,#VII:DIM,I:MIN
MINOR;V:MAJ,I:MIN,#VII:DIM,I:MIN
MINOR;I:MIN,#VII:DIM,I:MIN
MINOR;V:MAJ,I:MIN
MINOR;V:MAJ,#VII:DIM,I:MIN,II:MAJ,#IV:DIM,V:MAJ,II:DIM,I:MIN,VI:MAJ
MINOR;II:DIM,I:MIN
MINOR;#VII:DIM,I:MIN,II:DIM,V:MAJ,#VII:DIM,#IV:DIM,V:MAJ,I:MIN
MAJOR;V:MAJ,I:MAJ,VII:DIM,I:MAJ,IV:MAJ,#II:DIM,I:MAJ,IV:MAJ,II:MIN,V:MAJ,III:MIN,VI:MIN,IV:MAJ,I:MAJ,IV:MAJ,I:MAJ,II:MIN,VI:MAJ,#IV:DIM,V:MAJ,III:DIM,IV:MAJ,II:MIN,V:MAJ,I:MAJ,VI:MIN,#IV:DIM,V:MAJ,VI:MIN,V:MAJ,I:MAJ,V:MAJ,VI:MIN,V:MAJ,VI:MIN,V:MAJ,I:MAJ,V:MAJ,VI:MIN,V:MAJ,VI:MIN,V:MAJ,I:MAJ,V:MAJ,VI:MIN,V:MAJ,VI:MIN,V:MAJ,I:MAJ,V:MAJ,VI:MIN,V:MAJ,VI:MIN,V:MAJ,#I:DIM,II:MIN,I:MAJ,IV:MAJ,V:MAJ,I:MAJ,II:MIN,I:MAJ,IV:MAJ,I:MAJ,II:MIN,I:MAJ,II:MIN,I:MAJ,IV:MAJ,I:MAJ,II:MIN,I:MAJ,II:MIN,I:MAJ,IV:MAJ,I:MAJ,II:MIN,I:MAJ,II:MIN,I:MAJ,IV:MAJ,I:MAJ,II:MIN,I:MAJ
MAJOR;IV:MAJ,I:MAJ,V:MAJ,I:MAJ
MAJOR;V:MAJ,IV:MAJ,V:MAJ,I:MAJ,II:MIN,I:MAJ,II:MAJ,V:MAJ,#IV:DIM,V:MAJ,#IV:DIM,V:MAJ,II:MIN,I:MAJ,V:MAJ,I:MAJ
MAJOR;II:MIN,I:MAJ,V:MAJ,I:MAJ,VII:DIM,II:MIN
MAJOR;VI:MIN,V:MAJ,VII:DIM,I:MAJ,II:MAJ,V:MAJ,VII:DIM,I:MAJ,IV:MAJ,V:MAJ,I:MAJ,V:MAJ,I:MAJ,V:MAJ,I:MAJ,V:MAJ,I:MAJ,V:MAJ,I:MAJ,V:MAJ,I:MAJ,V:MAJ,I:MAJ,V:MAJ,I:MAJ,V:MAJ,I:MAJ,V:MAJ,I:MAJ,V:MAJ,I:MAJ,III:MAJ,VI:MIN,I:MAJ,IV:MAJ,VI:MAJ,II:MIN,VII:DIM,I:MAJ,V:MAJ,I:MAJ,#II:DIM,I:MAJ,I:AUG,IV:MAJ,I:AUG,IV:MAJ,I:MAJ,IV:MAJ,I:AUG,IV:MAJ,#IV:DIM,V:MAJ,bVI:MAJ,V:MAJ,#IV:DIM,V:MAJ,I:MAJ,IV:MAJ,I:MAJ,II:MIN,V:MAJ,I:MAJ,IV:MAJ,V:MAJ,IV:MAJ,V:MAJ,I:MAJ,V:MAJ,I:MAJ
MINOR;I:MIN,II:DIM,#VII:DIM,I:MIN,#VII:DIM,I:MIN,#VII:DIM,I:MIN,V:MAJ,I:MIN,V:MAJ,I:MIN,V:MAJ,I:MIN,V:MAJ,I:MIN,II:DIM,#VII:DIM,I:MIN,#III:DIM,IV:MIN,#VII:DIM,I:MIN,IV:MIN,bII:MAJ,V:MAJ,I:MIN,II:DIM,#VII:DIM,I:MIN,II:DIM,#VII:DIM,I:MIN,#VII:DIM
MINOR;I:MIN,#VII:DIM
MINOR;I:MIN,#VII:DIM
MINOR;I:MIN,#VII:DIM
MAJOR;V:MAJ,I:MAJ,V:MAJ,I:MAJ,VI:MIN,#IV:DIM,V:MAJ,#IV:DIM,V:MAJ,I:MAJ,V:MAJ,I:MAJ,I:AUG,IV:MAJ,#II:DIM,V:MAJ,I:MAJ,I:AUG,IV:MAJ,#II:DIM,V:MAJ,I:MAJ,V:MAJ,I:MAJ,V:MAJ,I:MAJ,V:MAJ,I:MAJ,V:MAJ
MINOR;#VII:DIM,I:MIN,II:DIM,#VII:DIM,I:MIN,#VII:DIM,I:MIN,#VII:DIM,I:MIN,V:MAJ,I:MIN,V:MAJ,I:MIN,V:MAJ,I:MIN,V:MAJ,I:MIN,II:DIM,V:MAJ,I:MIN,#III:DIM,IV:MIN,#VII:DIM,I:MIN,IV:MIN,bII:MAJ,V:MAJ,I:MIN,IV:MIN,I:MIN,IV:MIN,I:MIN,VI:MAJ,#IV:DIM,V:MAJ,#III:DIM,IV:MIN,bII:MAJ,#VII:DIM,I:MIN,II:DIM,V:MAJ,I:MIN,VI:MAJ,#IV:DIM,V:MAJ,#III:DIM,I:MIN,bII:MAJ,#VII:DIM,I:MIN,#IV:DIM,V:MAJ,I:MIN,II:DIM,#VII:DIM,I:MIN,II:DIM,#VII:DIM,I:MIN
MAJOR;I:MAJ,V:MAJ,I:MAJ,V:MAJ,I:MAJ,IV:MAJ,II:MIN,#IV:DIM,V:MAJ,I:MAJ,III:DIM,IV:MAJ,V:MAJ,VI:MIN,#I:DIM,II:MIN,V:MAJ,I:MAJ,IV:MAJ,I:MAJ,IV:MAJ,I:MAJ,VI:MIN,IV:MAJ,II:MIN,V:MAJ,IV:MAJ,II:MIN,VII:DIM,V:MAJ,#IV:DIM,#V:DIM,VI:MIN,II:MIN,V:MAJ,I:MAJ,V:MAJ,I:MAJ,V:MAJ,I:MAJ,V:MAJ,I:MAJ,V:MAJ,I:MAJ,V:MAJ,I:MAJ,V:MAJ,I:MAJ,V:MAJ,VI:MIN,V:MAJ,I:MAJ,V:MAJ,VI:MIN,V:MAJ
MAJOR;V:MAJ,I:MAJ,V:MAJ,I:MAJ,V:MAJ,I:MAJ,V:MAJ,#IV:DIM,V:MAJ,#IV:DIM,V:MAJ,I:MAJ,V:MAJ,I:MAJ,V:MAJ,I:MAJ,V:MAJ,I:MAJ,V:MAJ,I:MAJ,V:MAJ,I:MAJ,V:MAJ,I:MAJ,I:AUG,VI:MIN,IV:MAJ,IV:AUG,II:MIN,VII:MIN,V:AUG,III:MIN,I:MAJ,V:MAJ,I:MAJ,IV:MAJ,I:MAJ,IV:MAJ,I:MAJ,#I:DIM,II:MAJ,VII:DIM,I:MAJ,II:MIN,V:MAJ,I:MAJ,V:MAJ,I:MAJ,V:MAJ,I:MAJ,V:MAJ,I:MAJ,V:MAJ
MAJOR;V:MAJ,I:MAJ,V:MAJ,I:MAJ,V:MAJ,I:MAJ,IV:MAJ,II:MIN,#IV:DIM,V:MAJ,I:MAJ,III:DIM,IV:MAJ,V:MAJ,VI:MIN,#I:DIM,II:MIN,V:MAJ,I:MAJ
MINOR;II:DIM,I:MIN,V:MAJ,IV:MIN,I:MIN,#VII:DIM,I:MIN,IV:MIN,I:MIN,IV:MIN,I:MIN,#IV:MAJ,V:MAJ,I:MIN,#IV:MAJ,V:MAJ,V:MIN,III:MAJ
MINOR;#VII:DIM,I:MIN,VI:MAJ
MAJOR;#IV:DIM,V:MAJ
MINOR;#IV:DIM,V:MAJ,I:MIN,V:MAJ,I:MIN,V:MAJ,I:MIN,V:MAJ,I:MIN,V:MAJ
MAJOR;I:MAJ,V:MAJ,I:MAJ,V:MAJ,I:MAJ,V:MAJ,I:MAJ,V:MAJ,I:MAJ,V:MAJ,I:MAJ,V:MAJ,I:MAJ,V:MAJ,I:MAJ
MINOR;V:MAJ,I:MIN,V:MAJ,I:MIN,V:MAJ,I:MIN,V:MAJ,I:MIN
MINOR;V:MAJ,I:MIN,V:MAJ,I:MIN,V:MAJ,I:MIN,V:MAJ,I:MIN,V:MIN,IV:MIN,III:MAJ,II:DIM,I:MIN,#VII:DIM,V:MAJ,I:MIN,IV:MIN,I:MIN,IV:MIN,V:MAJ,I:MIN,IV:MIN,I:MIN,IV:MIN,V:MAJ,I:MIN,IV:MIN
MAJOR;V:MAJ
MAJOR;I:MAJ,IV:MAJ,V:MAJ,I:MAJ,IV:MAJ,V:MAJ,II:MIN,V:MAJ,IV:MAJ,#IV:DIM,V:MAJ,I:MAJ,II:MIN,V:MAJ,I:MAJ,IV:MAJ,V:MAJ,I:MAJ,III:MAJ,VI:MIN,III:MAJ,VI:MIN,VII:DIM,III:MAJ,VI:MIN
MAJOR;V:MAJ,I:MAJ,VII:DIM,I:MAJ,II:MIN,II:MAJ,V:MAJ,I:MAJ,V:MAJ,I:MAJ,V:MAJ,I:MAJ,V:MAJ,I:MAJ,V:MAJ,I:MAJ,V:MAJ,I:MAJ,V:MAJ,I:MAJ,V:MAJ,I:MAJ,V:MAJ
MINOR;IV:MIN,V:MAJ,IV:MIN,I:MIN,V:MAJ
MINOR;V:MAJ,IV:MIN,I:MIN,V:MAJ
MINOR;V:MAJ,IV:MIN,I:MIN,V:MAJ,I:MIN,#VII:DIM,I:MIN
MAJOR;#IV:DIM,V:MAJ,#V:DIM,VI:MIN,VII:DIM,I:MAJ,#I:DIM,II:MIN,III:DIM,IV:MAJ,III:MAJ,IV:MAJ,#IV:DIM,V:MAJ,I:MAJ,V:MAJ,I:MAJ,V:MAJ,I:MAJ,V:MAJ,I:MAJ,#V:DIM,VI:MIN,II:MIN,I:MAJ,V:MAJ,I:MAJ,V:MAJ,I:MAJ,V:MAJ,I:MAJ,V:MAJ,I:MAJ,II:MIN,V:MAJ,I:MAJ,V:MAJ,I:MAJ,V:MAJ,I:MAJ,V:MAJ,I:MAJ,V:MAJ,I:MAJ,VII:DIM,I:MAJ,V:MAJ,I:MAJ
MAJOR;I:MAJ,V:MAJ,I:MAJ,II:MIN,V:MAJ,I:MAJ
MAJOR;I:MAJ,V:MAJ,I:MAJ,V:MAJ,I:MAJ
MINOR;V:MAJ,I:MIN,V:MAJ,I:MIN
MINOR;V:MAJ,I:MIN,V:MAJ,I:MIN,II:DIM,II:MAJ,V:MAJ,I:MIN,V:MAJ,I:MIN,V:MAJ,I:MIN,V:MAJ,I:MIN,V:MAJ,I:MIN,V:MAJ,I:MIN,V:MAJ,I:MIN,V:MAJ,I:MIN,V:MAJ,I:MIN,II:MAJ,V:MAJ,I:MIN,V:MAJ,I:MIN,V:MAJ,I:MIN,V:MAJ,I:MIN,V:MAJ,I:MIN,V:MAJ,I:MIN,#III:DIM,IV:MIN,#III:DIM,IV:MIN,III:MAJ,II:DIM,I:MIN,#VII:DIM,VI:MAJ,V:MAJ,II:DIM,I:MIN,II:DIM,V:MAJ,I:MIN,V:MAJ,I:MIN,V:MAJ,I:MIN,V:MAJ,I:MAJ,IV:MIN,V:MAJ,I:MIN,II:MIN,II:MAJ,V:MAJ,I:MIN
MINOR;I:MIN,#VII:DIM,II:DIM,I:MIN
MAJOR;V:MAJ,I:MAJ,IV:MAJ,I:MAJ,II:MIN,V:MAJ,IV:MAJ,#IV:DIM,V:MAJ,I:MAJ,VI:MIN,#IV:DIM,V:MAJ,I:MAJ,V:MAJ,I:MAJ,V:MAJ,I:MAJ,V:MAJ,I:MAJ,V:MAJ,I:MAJ,V:MAJ,I:MAJ,V:MAJ,I:MAJ,V:MAJ,I:MAJ,V:MAJ
MINOR;IV:MIN,V:MAJ,II:DIM,V:MAJ,II:DIM,V:MAJ,#VII:DIM,I:MIN,V:MAJ
MINOR;V:MAJ,IV:MIN,V:MAJ,IV:MIN,V:MAJ,#VII:DIM,I:MIN,V:MAJ
MINOR;V:MAJ,II:DIM,V:MAJ,II:DIM,V:MAJ,#VII:DIM,I:MIN,V:MAJ,I:MIN,#VII:DIM,I:MIN
MAJOR;#IV:DIM,V:MAJ,#V:DIM,VI:MIN,VII:DIM,I:MAJ,#I:DIM,II:MIN,III:DIM,IV:MAJ,III:MAJ,IV:MAJ,#IV:MAJ,V:MAJ,I:MAJ,V:MAJ,I:MAJ,V:MAJ,I:MAJ,V:MAJ,I:MAJ,#V:DIM,VI:MIN,II:MIN,V:MAJ,I:MAJ,V:MAJ,I:MAJ,V:MAJ,I:MAJ,V:MAJ,I:MAJ,II:MIN,V:MAJ,I:MAJ,II:MIN,V:MAJ,I:MAJ,V:MAJ,I:MAJ,V:MAJ,I:MAJ,V:MAJ,I:MAJ,V:MAJ,I:MAJ,VII:DIM,I:MAJ,V:MAJ,I:MAJ
MAJOR;I:MAJ,V:MAJ,I:MAJ,V:MAJ,I:MAJ,V:MAJ,I:MAJ,II:MIN,#I:DIM,II:MIN,I:MAJ,V:MAJ,I:MIN,V:MAJ,#IV:DIM,V:MAJ,#IV:DIM,V:MAJ,I:MAJ,V:MAJ,I:MAJ,IV:MAJ,VI:MAJ,II:MAJ,V:MAJ,I:MAJ,II:MIN,V:MAJ,I:MAJ,V:MAJ,VI:MIN,III:MAJ,IV:MAJ,I:MAJ,#I:DIM,II:MIN,#V:DIM,VI:MIN,II:MAJ,V:MAJ,I:MAJ
MINOR;V:MAJ,I:MIN,#VII:DIM,I:MIN,#VII:DIM,I:MIN,II:DIM,V:MAJ,I:MIN
MAJOR;V:MAJ,I:MAJ
MINOR;V:MAJ,I:MIN,V:MAJ,I:MIN,V:MAJ,I:MIN,V:MAJ,I:MIN,V:MAJ,I:MIN,II:DIM,IV:MIN,#VII:DIM,V:MAJ,I:MIN
MAJOR;I:MAJ,VII:DIM,IV:MAJ,V:MAJ,I:MAJ,VII:DIM,IV:MAJ,V:MAJ
MINOR;#VII:DIM,VI:MAJ,V:MAJ,I:MIN,V:MIN,IV:MIN,I:MAJ,IV:MIN,#IV:MAJ,V:MAJ,I:MIN,V:MAJ,I:MIN,V:MAJ,II:DIM,V:MAJ,I:MIN,V:MAJ,I:MIN,V:MAJ,I:MIN,V:MAJ,#IV:DIM
MAJOR;V:MAJ,I:MAJ,V:MAJ,I:MAJ,V:MAJ,I:MAJ,V:MAJ,I:MAJ,II:MIN,#I:DIM,II:MIN,I:MAJ,V:MAJ,I:MIN,V:MAJ,#IV:DIM,V:MAJ,#IV:DIM,V:MAJ,I:MAJ,V:MAJ,I:MAJ,IV:MAJ,VI:MAJ,II:MAJ,V:MAJ,I:MAJ,II:MIN,V:MAJ,I:MAJ,V:MAJ,VI:MIN,III:MAJ,IV:MAJ,I:MAJ,#I:DIM,II:MIN,#V:DIM,VI:MIN,II:MAJ,V:MAJ,I:MAJ,IV:MAJ,I:MAJ,IV:MAJ,V:MAJ,I:MAJ,IV:MAJ,I:MAJ,IV:MAJ,V:MAJ,I:MAJ
MAJOR;I:MAJ,V:MAJ,I:MAJ,V:MAJ,I:MAJ,V:MAJ,I:MAJ,II:MIN,V:MAJ,I:MAJ,V:MAJ,I:MAJ,V:MAJ,I:MAJ,V:MAJ,I:MAJ,V:MAJ,I:MAJ,V:MAJ,I:MAJ,V:MAJ,I:MAJ,V:MAJ,I:MAJ,IV:MAJ,V:MAJ,IV:MAJ,I:MAJ,IV:MAJ,V:MAJ,VI:MIN,II:MIN,V:MAJ,I:MAJ,IV:MAJ,I:MAJ,IV:MAJ,I:MAJ,IV:MAJ,I:MAJ,IV:MAJ,I:MAJ,IV:MAJ,I:MAJ,II:MIN,V:MAJ,I:MAJ,IV:MAJ,I:MAJ,IV:MAJ,I:MAJ,IV:MAJ,I:MAJ,IV:MAJ,I:MAJ,IV:MAJ,I:MAJ,II:MIN,V:MAJ,I:MAJ,V:MAJ,I:MAJ,V:MAJ,I:MAJ
MAJOR;I:MAJ,II:MAJ,V:MAJ,I:MAJ,II:MAJ,VII:DIM,I:MAJ,IV:MAJ,II:MAJ,V:MAJ,III:MAJ,VI:MIN,V:MAJ,I:MAJ,#IV:DIM,V:MAJ,I:MAJ,V:MAJ,I:MAJ,V:MAJ,I:MAJ,V:MAJ,I:MAJ,V:MAJ,#I:DIM,II:MIN,V:MAJ,I:MAJ,IV:MAJ,I:MAJ,IV:MAJ,I:MAJ,IV:MAJ,I:MAJ,IV:MAJ,I:MAJ,#IV:DIM,V:MAJ,I:MAJ,IV:MAJ,II:MIN,#I:DIM,II:MIN,VII:DIM,I:MAJ,II:MIN,IV:MAJ,#IV:DIM,V:MAJ,I:MAJ,V:MAJ,I:MAJ,V:MAJ,I:MAJ,V:MAJ,I:MAJ,V:MAJ,I:MAJ,V:MAJ,VII:DIM,I:MAJ,VII:DIM,I:MAJ
MAJOR;I:MAJ,V:MAJ,VI:MIN,I:MAJ,V:MAJ,I:MAJ
MAJOR;I:MAJ,V:MAJ,I:MAJ,II:MIN,V:MAJ,I:MAJ,II:MIN,I:MAJ,V:MAJ,I:MAJ,VI:MAJ,II:MIN,V:MAJ,I:MAJ,V:MAJ,I:MAJ,V:MAJ,I:MAJ,V:MAJ,I:MAJ,V:MAJ,I:MAJ,V:MAJ,I:MAJ
MAJOR;I:MAJ,V:MAJ,I:MAJ,V:MAJ,I:MAJ,V:MAJ,I:MAJ,IV:MAJ,V:MAJ,IV:MAJ,I:MAJ,IV:MAJ,V:MAJ,VI:MIN,II:MIN,V:MAJ,I:MAJ
MAJOR;I:MAJ,V:MAJ,I:MAJ,V:MAJ,I:MAJ,IV:MAJ,VI:MAJ,II:MIN,I:MAJ,V:MAJ,I:DIM,II:MIN,V:MAJ,I:MAJ,V:MAJ,VI:MIN,V:MAJ,I:MAJ
MINOR;V:MAJ,I:MIN,#VII:DIM,II:DIM,V:MAJ,I:MIN
MAJOR;V:MAJ,I:MAJ,VII:DIM,IV:MAJ,V:MAJ,VII:DIM,I:MAJ
MINOR;V:MAJ,I:MIN,#VII:DIM,II:DIM,V:MAJ,I:MIN
MINOR;VI:MAJ,V:MAJ,I:MIN,V:MIN,IV:MAJ,#IV:MAJ,V:MAJ,I:MIN,V:MAJ,I:MIN,V:MAJ,I:MIN,V:MAJ,I:MIN,V:MAJ,I:MIN,V:MAJ,#VII:DIM,I:MIN
MAJOR;I:MAJ,V:MAJ,VII:DIM,I:MAJ
MINOR;I:MIN,#VII:DIM,IV:MIN,V:MAJ,I:MIN
MINOR;#VII:DIM,I:MIN,V:MAJ,I:MIN,II:DIM,#III:DIM,IV:MIN,II:MAJ,V:MAJ,#VII:DIM,I:MIN
MINOR;V:MAJ,I:MIN,II:DIM,I:MIN
MINOR;V:MAJ,I:MIN
MAJOR;V:MAJ,I:MAJ,II:MIN,I:MIN
MAJOR;V:MAJ,I:MAJ
MINOR;V:MAJ,#VII:DIM,I:MIN,II:DIM,I:MIN
MAJOR;II:MAJ,V:MAJ,I:MAJ,V:MAJ,VI:MIN,V:MAJ,I:MAJ,V:MAJ,VI:MIN,V:MAJ,#IV:DIM,V:MAJ,II:MAJ,V:MAJ,II:MAJ,V:MAJ,I:MAJ,V:MAJ,I:MAJ,V:MAJ,I:MAJ,V:MAJ,I:MAJ,II:MIN,V:MAJ,I:MAJ,V:MAJ,I:MAJ,V:MAJ,I:MAJ,V:MAJ,I:MAJ,V:MAJ,I:MAJ,V:MAJ,I:MAJ,V:MAJ,I:MAJ,V:MAJ,I:MAJ,IV:MAJ,V:MAJ,IV:MAJ,I:MAJ,IV:MAJ,V:MAJ,VI:MIN,II:MIN,V:MAJ,I:MAJ,IV:MAJ,I:MAJ,IV:MAJ,I:MAJ,IV:MAJ,I:MAJ,IV:MAJ,I:MAJ,IV:MAJ,I:MAJ,II:MIN,V:MAJ,I:MAJ,IV:MAJ,I:MAJ,IV:MAJ,I:MAJ,IV:MAJ,I:MAJ,IV:MAJ,I:MAJ,IV:MAJ,I:MAJ,II:MIN,V:MAJ,I:MAJ,V:MAJ,I:MAJ,V:MAJ,I:MAJ
MAJOR;I:MAJ,IV:MAJ,I:MAJ,IV:MAJ,I:MAJ,II:MIN,V:MAJ,I:MAJ,II:MIN,V:MAJ,I:MAJ,IV:MAJ,VII:DIM,III:MAJ,VI:MIN,II:MAJ,V:MAJ,I:MAJ,V:MAJ,I:MAJ,V:MAJ,VI:MIN,#IV:DIM,V:MAJ,VII:DIM,I:MAJ
MAJOR;V:MAJ,I:MAJ,V:MAJ,I:MAJ,IV:MAJ,VI:MAJ,II:MIN,V:MAJ,I:MAJ,II:MIN,I:MAJ,VII:DIM,VI:MIN,V:MAJ,#IV:DIM,V:MAJ,II:MAJ,V:MAJ,I:MAJ,IV:MAJ,#I:DIM,II:MIN,#II:DIM,I:MAJ,VII:DIM,I:MAJ,V:MAJ,I:MAJ,V:MAJ,VI:MIN,#IV:DIM,V:MAJ,I:MAJ,V:MAJ,I:MAJ,V:MAJ,I:MAJ,II:MIN,V:MAJ,I:MAJ,V:MAJ,I:MAJ,V:MAJ,I:MAJ,IV:MAJ,II:MIN,V:MAJ,I:MAJ,II:MIN,VII:DIM,I:MAJ,V:MAJ,I:MAJ,V:MAJ,I:MAJ,IV:MAJ,V:MAJ,I:MAJ,IV:MAJ,#II:DIM,I:MAJ,IV:MAJ,#II:DIM,I:MAJ,II:MIN,II:MAJ,V:MAJ,I:MAJ,V:MAJ,I:MAJ,II:MIN,#IV:DIM,V:MAJ,I:MAJ,V:MAJ,I:MAJ,V:MAJ,I:MAJ,V:MAJ,I:MAJ,V:MAJ,I:MAJ,V:MAJ,I:MAJ,V:MAJ,I:MAJ
MINOR;V:MAJ,#VII:DIM,I:MIN
MINOR;#VII:DIM,I:MIN
MINOR;#VII:DIM,I:MIN,V:MAJ,I:MIN,#VII:DIM,I:MIN,#VII:DIM,I:MIN
MAJOR;V:MAJ,I:MAJ,V:MAJ,I:MAJ
MAJOR;I:MAJ,V:MAJ,I:MAJ,V:MAJ,I:MAJ,IV:MAJ,I:MAJ,IV:MAJ,I:MAJ
MINOR;#VII:DIM,I:MIN
MINOR;#VII:DIM,I:MIN
MINOR;#VII:DIM,I:MIN,V:MAJ,I:MIN,#VII:DIM,I:MIN,#VII:DIM,I:MIN
MAJOR;V:MAJ,I:MAJ,V:MAJ,I:MAJ
MINOR;I:MIN,V:MAJ,I:MIN,V:MAJ,I:MIN,V:MAJ,I:MIN,V:MAJ,I:MIN,II:MAJ,V:MAJ,I:MAJ,#IV:DIM,V:MAJ,#VII:DIM,I:MIN,#IV:DIM,V:MAJ,I:MIN,V:MAJ,I:MIN,V:MAJ,I:MIN,V:MAJ,I:MIN
MAJOR;I:MAJ,V:MAJ,I:MAJ,V:MAJ,I:MAJ
MINOR;#IV:DIM,V:MAJ,I:MIN
MINOR;I:MIN,IV:MIN,II:MAJ,I:MIN,V:MAJ,I:MIN
MAJOR;V:MAJ,I:MAJ,IV:MAJ,VII:DIM,III:MAJ,VI:MIN,II:MAJ,V:MAJ,I:MAJ,V:MAJ,I:MAJ,V:MAJ,VI:MIN,#IV:DIM,V:MAJ,VII:DIM,V:MAJ,VII:DIM,V:MAJ,I:MAJ,IV:MAJ,I:MAJ,IV:MAJ,I:MAJ,IV:MAJ,VI:MAJ,II:MIN,V:MAJ,VI:MIN,#IV:DIM,V:MAJ,I:MAJ,II:MIN,I:MAJ,VII:DIM,VI:MIN,V:MAJ,#IV:DIM,V:MAJ,II:MAJ,V:MAJ,I:MIN,IV:MIN,II:MAJ,I:MIN,#I:DIM,II:MIN,V:MAJ,I:MIN,#IV:DIM,V:MAJ,I:MAJ,I:MIN,V:MAJ,II:MAJ,V:MAJ,I:MAJ,V:MAJ,I:MAJ,V:MAJ,I:MAJ,II:MIN,V:MAJ,I:MAJ,V:MAJ,I:MAJ,V:MAJ,I:MAJ,IV:MAJ,II:MIN,V:MAJ
MINOR;I:MIN,II:DIM,#VII:DIM,I:MIN,II:DIM,I:MIN,V:MAJ,I:MIN,V:MAJ,I:MIN,I:MAJ,IV:MIN,V:MAJ
MAJOR;I:MAJ,IV:MAJ,#II:DIM,I:MAJ,IV:MAJ,#II:DIM,I:MAJ,IV:MAJ,II:MIN,II:MAJ,V:MAJ,I:MAJ,V:MAJ,I:MAJ,IV:MAJ,#IV:DIM,V:MAJ,I:MAJ,IV:MAJ,I:MAJ,V:AUG,IV:MAJ,I:MAJ,II:MIN,I:MAJ,IV:MAJ,I:MAJ,V:AUG,IV:MAJ,I:MAJ,VII:DIM,I:MAJ,V:MAJ,I:MAJ,V:MAJ,I:MAJ,V:MAJ,I:MAJ,V:MAJ,I:MAJ,V:MAJ,I:MAJ,V:MAJ,I:MAJ
MAJOR;V:MAJ,I:MAJ,V:MAJ,I:MAJ,V:MAJ,VI:MIN,#I:DIM,II:MIN,#IV:DIM,V:MAJ,I:MAJ,V:MAJ,I:MAJ,V:MAJ,VI:MIN,II:MIN,V:MAJ,III:MIN,VI:MIN,IV:MAJ,I:MAJ,V:MAJ,III:DIM,IV:MAJ,I:MAJ,II:MIN,#IV:DIM,V:MAJ,#V:DIM,VI:MIN,II:MAJ,V:MAJ,I:MAJ,II:MIN,V:MAJ,I:MAJ,V:MAJ,I:MAJ,V:MAJ
MINOR;#VII:DIM,I:MIN,V:MAJ,I:MIN,V:MAJ,VI:MAJ,II:DIM,V:MAJ,I:MIN
MAJOR;V:MAJ,I:MAJ,V:MAJ
MINOR;#VII:DIM,I:MIN,#VII:DIM,I:MAJ,V:MAJ,I:MAJ,V:MIN,#VI:DIM,#IV:MAJ,V:MAJ,#IV:DIM,I:MAJ,#IV:DIM,V:MAJ,#IV:DIM,I:MIN,V:MAJ
MAJOR;I:MAJ,V:MAJ,I:MAJ,V:MAJ,VI:MIN,#I:DIM,II:MIN,#IV:DIM,V:MAJ,I:MAJ,V:MAJ,I:MAJ,V:MAJ,VI:MIN,II:MIN,V:MAJ,III:MIN,VI:MIN,IV:MAJ,I:MAJ,V:MAJ,III:DIM,IV:MAJ,I:MAJ,II:MIN,#IV:DIM,V:MAJ,#V:DIM,VI:MIN,II:MAJ,V:MAJ,I:MAJ,II:MIN,V:MAJ,I:MAJ,VII:DIM,I:MAJ,IV:MAJ,VII:DIM,I:MAJ,#I:DIM,II:MAJ,VII:DIM,I:MAJ,VII:DIM,I:MAJ,II:MIN,V:MAJ,I:MAJ
MAJOR;I:MAJ,II:MIN,V:MAJ,I:MAJ,IV:MAJ,V:MAJ,VI:MIN,IV:MAJ,#II:DIM,I:MAJ,VI:MAJ,II:MAJ,V:MAJ,I:MAJ,II:MIN,II:MAJ,V:MAJ,I:MAJ,II:MIN,V:MAJ,I:MAJ,IV:MAJ,V:MAJ,VI:MIN,IV:MAJ,#II:DIM,I:MAJ,IV:MAJ,II:MIN,V:MAJ,I:MAJ,IV:MAJ,VII:DIM,I:MAJ,VI:MIN,II:MIN,V:MAJ,I:MAJ,V:MAJ,II:MAJ,V:MAJ,I:MAJ,V:MAJ,I:MAJ,II:MIN,V:MAJ,I:MAJ,VI:MIN,II:MAJ,I:MAJ,V:MAJ,I:MAJ,V:MAJ,I:MAJ,V:MAJ,I:MAJ,IV:MAJ,I:MAJ,IV:MAJ,V:MAJ,VI:MIN,II:MIN,V:MAJ,I:MAJ,V:MAJ,I:MAJ,V:MAJ,I:MAJ,V:MAJ,I:MAJ,IV:MAJ,I:MAJ,IV:MAJ,V:MAJ,I:MAJ,II:MIN,V:MAJ,I:MAJ,V:MAJ,I:MAJ,V:MAJ,I:MAJ
MINOR;V:MAJ,I:MIN,V:MAJ,I:MIN,#VII:DIM,I:MIN
MAJOR;V:MAJ,VII:DIM,V:MAJ,VI:MIN,V:MAJ,I:MAJ,V:MAJ,VI:MIN,V:MAJ,I:MAJ,II:MIN,I:MAJ,IV:MAJ,II:MAJ,V:MAJ,III:MAJ,VI:MIN,V:MAJ,I:MAJ,II:MAJ,V:MAJ,#IV:DIM,V:MAJ,I:MAJ,V:MAJ,#IV:DIM,V:MAJ,I:MAJ,V:MAJ,VI:MIN,II:MIN,V:MAJ,I:MAJ,#IV:DIM,II:DIM,I:MAJ,I:MIN,V:MAJ,#IV:DIM,V:MAJ,#IV:DIM,V:MAJ,II:MAJ,V:MAJ,I:MAJ,V:MAJ,I:MAJ,V:MAJ,I:MAJ,V:MAJ,I:MAJ,V:MAJ,VI:MIN,#IV:DIM,V:MAJ,I:MAJ,II:MIN,V:MAJ,I:MAJ,I:MIN,V:MAJ,I:MIN,V:MAJ,I:MIN,V:MAJ,bVI:MAJ,I:MAJ,IV:MIN,#IV:MAJ,V:MAJ,I:MAJ,VI:MIN
MAJOR;IV:MAJ,II:MIN,V:MAJ,I:MAJ,V:MAJ,I:MAJ,V:MAJ,I:MAJ,V:MAJ,I:MAJ,V:MAJ,I:MAJ,II:MIN,V:MAJ,#V:DIM,VI:MIN,II:MAJ,V:MAJ,I:MAJ,II:MIN,V:MAJ,I:MAJ,IV:MAJ,V:MAJ,VI:MIN,IV:MAJ,#II:DIM,I:MAJ,VI:MAJ,II:MAJ,V:MAJ,I:MAJ,II:MIN,II:MAJ,V:MAJ,I:MAJ,II:MIN,V:MAJ,I:MAJ,IV:MAJ,V:MAJ,VI:MIN,IV:MAJ,#II:DIM,I:MAJ,IV:MAJ,II:MIN,V:MAJ,I:MAJ,IV:MAJ,VII:DIM,I:MAJ,VI:MIN,II:MIN,V:MAJ,I:MAJ
MINOR;I:MIN,IV:MIN,I:MIN,IV:MIN,I:MIN,II:MAJ,V:MAJ,I:MIN,II:DIM,II:MAJ,V:MAJ,#VI:DIM,V:MAJ,I:MIN,V:MAJ,#IV:DIM,V:MAJ,I:MIN,V:MAJ,I:MIN,V:MAJ,#VI:DIM,V:MAJ,I:MIN,V:MAJ,#VI:DIM,V:MAJ
MAJOR;I:MAJ,V:MAJ,I:MAJ,V:MAJ,I:MAJ,V:MAJ,I:MAJ,II:MIN,I:MAJ,IV:MAJ,V:MAJ,I:MAJ,V:MAJ,I:MAJ,II:MIN,I:MAJ,IV:MAJ,V:MAJ,I:MAJ,V:MAJ,I:MAJ,IV:MAJ,I:MAJ,IV:MAJ,V:MAJ,VII:DIM,I:MAJ,II:MIN,V:MAJ,I:MAJ,II:MIN,I:MAJ,IV:MAJ
MINOR;V:MAJ,VI:MAJ,#VI:DIM,V:MIN,V:MAJ,I:MIN
MINOR;V:MAJ,VI:MAJ,#VI:DIM,V:MIN,V:MAJ,I:MIN
MINOR;I:MAJ,IV:MIN,V:MAJ,IV:MIN,II:DIM,II:MAJ,V:MAJ,#VI:DIM,V:MAJ,I:MIN,V:MAJ,#IV:DIM,V:MAJ,I:MIN,V:MAJ,I:MIN,V:MAJ,#VI:DIM,V:MAJ,I:MIN,V:MAJ,#VI:DIM,V:MAJ,I:MIN,IV:MIN,I:MIN,IV:MIN,I:MIN,II:MAJ,V:MAJ,I:MIN,II:DIM,V:MAJ,VI:MAJ,II:MAJ,V:MAJ,I:MIN
MAJOR;I:MAJ,II:MIN,V:MAJ,I:MAJ,IV:MAJ,V:MAJ,VI:MIN,IV:MAJ,#II:DIM,I:MAJ,VI:MAJ,II:MAJ,V:MAJ,I:MAJ,II:MIN,II:MAJ,V:MAJ,I:MAJ,II:MIN,V:MAJ,I:MAJ,IV:MAJ,V:MAJ,VI:MIN,IV:MAJ,#II:DIM,I:MAJ,IV:MAJ,II:MIN,V:MAJ,I:MAJ,IV:MAJ,VII:DIM,I:MAJ,VI:MIN,II:MIN,V:MAJ,I:MAJ,V:MAJ,II:MAJ,V:MAJ,I:MAJ,V:MAJ,I:MAJ,II:MIN,V:MAJ,I:MAJ,VI:MIN,II:MAJ,I:MAJ,V:MAJ,I:MAJ,V:MAJ,I:MAJ,V:MAJ,I:MAJ,IV:MAJ,I:MAJ,IV:MAJ,V:MAJ,VI:MIN,II:MIN,V:MAJ,I:MAJ,V:MAJ,I:MAJ,V:MAJ,I:MAJ,V:MAJ,I:MAJ,IV:MAJ,I:MAJ,IV:MAJ,V:MAJ,I:MAJ,II:MIN,V:MAJ,I:MAJ,V:MAJ,I:MAJ,V:MAJ,I:MAJ
