MAJOR;V:MAJ,IV:MAJ,III:MIN,II:MIN,I:MAJ,IV:MAJ,I:MAJ,IV:MAJ,V:MAJ,I:MAJ,VI:MIN,V:MAJ,#IV:DIM,I:MAJ,IV:MAJ
MINOR;I:MIN,#VII:DIM,V:MAJ,I:MIN,#VII:DIM,I:MIN
MAJOR;#IV:DIM,II:MAJ,V:MAJ,I:MAJ,IV:MAJ,I:MAJ,IV:MAJ,V:MAJ,I:MAJ,VI:MIN,V:MAJ,I:MAJ,VI:MIN,III:MAJ,bVI:MAJ,bIII:MAJ
MAJOR;I:MIN,V:MAJ,I:MAJ
MAJOR;III:DIM,bII:MIN,bIV:MAJ,III:MAJ,VII:DIM,V:MAJ,I:MAJ,bVI:AUG,III:MIN,I:MAJ,III:DIM,bII:MIN,bIV:MAJ,III:MAJ,VII:DIM,V:MAJ,VII:DIM,I:MAJ
MAJOR;I:MAJ
MINOR;I:MIN
MINOR;I:MIN
MAJOR;VII:DIM,II:MAJ,VII:DIM,II:MAJ,V:MAJ,bIII:MAJ,V:MAJ,bIII:MAJ,V:MAJ,I:MAJ,IV:MAJ,I:MAJ,IV:MAJ,V:MAJ,I:MAJ,VI:MIN,V:MAJ,I:MAJ,VI:MIN
MINOR;I:MIN,V:MAJ,#VII:DIM,V:MAJ,I:MIN
MAJOR;V:MAJ,I:MAJ,IV:MIN,I:MAJ,IV:MAJ,V:MAJ,I:MAJ,VI:MIN,V:MAJ,I:MAJ,VI:MIN,#I:DIM,bIII:MAJ,I:MIN,#I:DIM,bV:MAJ,bIII:MIN,bII:MAJ,#V:DIM,III:MAJ,VI:MIN,II:MIN,V:MAJ,II:MIN,V:MAJ,I:MAJ
MAJOR;V:MAJ,IV:MAJ,II:MIN,I:MAJ,V:MAJ,I:MAJ
MAJOR;V:MAJ,I:MAJ
MAJOR;V:MAJ,IV:MAJ,II:MIN,I:MAJ,V:MAJ,I:MAJ
MAJOR;V:MAJ,I:MAJ,VI:MIN,II:MIN,I:MAJ,VI:MIN,II:MIN,I:MAJ,VI:MIN,II:MIN,I:MAJ,IV:MAJ,I:MAJ
MAJOR;I:MAJ,V:MAJ,I:MAJ,V:MAJ,I:MAJ,V:MAJ,I:MAJ,V:MAJ,I:MAJ,V:MAJ,I:MAJ,V:MAJ,I:MAJ,V:MAJ,I:MAJ,V:MAJ,I:MAJ,IV:MAJ,IV:MIN,IV:MAJ,IV:MIN
MAJOR;V:MAJ,I:MAJ,V:MAJ,I:MAJ,V:MAJ,I:MAJ,V:MAJ,I:MAJ
MAJOR;II:MAJ,V:MAJ,V:DIM,IV:MAJ,IV:MIN,V:MAJ,I:MAJ,V:MAJ,I:MAJ,V:MAJ,I:MAJ,V:MAJ,I:MAJ,#IV:MAJ,I:MAJ,#IV:MAJ,I:MAJ,IV:MAJ,I:MAJ,V:MAJ,I:MAJ,IV:MAJ,I:MAJ,V:MAJ,I:MAJ,V:MAJ,I:MAJ,V:MAJ,IV:MAJ,V:MAJ,I:MAJ,V:MAJ,I:MAJ,V:MAJ,I:MAJ
MAJOR;V:MAJ,I:MAJ,V:MAJ,I:MAJ,V:MAJ,IV:MAJ,I:MAJ,IV:MAJ,I:MAJ,V:MAJ,I:MAJ,V:MAJ,IV:MAJ,I:MAJ,IV:MAJ,I:MAJ,V:MAJ,I:MAJ,IV:MAJ,I:MAJ,V:MAJ,I:MAJ,IV:MAJ,I:MAJ,V:MAJ,I:MAJ,V:MAJ,I:MAJ,V:MAJ,IV:MAJ,I:MAJ,IV:MAJ,I:MAJ,V:MAJ,I:MAJ,V:MAJ,IV:MAJ,I:MAJ,IV:MAJ,I:MAJ,V:MAJ,I:MAJ,IV:MAJ,I:MAJ,V:MAJ,I:MAJ,IV:MAJ,I:MAJ,V:MAJ,I:MAJ
MAJOR;I:MAJ,V:MAJ,I:MAJ,V:MAJ,I:MAJ,V:MAJ,I:MAJ,IV:MAJ,I:MAJ,IV:MAJ,I:MAJ,IV:MAJ,I:MAJ,V:MAJ,I:MAJ,V:MAJ,I:MAJ,V:MAJ,I:MAJ,IV:MAJ,I:MAJ,IV:MAJ,I:MAJ,IV:MAJ
MAJOR;V:MAJ,I:MAJ,V:MAJ,I:MAJ,V:MAJ,IV:MAJ,I:MAJ,IV:MAJ,I:MAJ,V:MAJ,I:MAJ,V:MAJ,IV:MAJ,I:MAJ,IV:MAJ,I:MAJ,V:MAJ,I:MAJ,IV:MAJ,I:MAJ,V:MAJ,I:MAJ,IV:MAJ,I:MAJ,V:MAJ,I:MAJ,V:MAJ,I:MAJ,V:MAJ,IV:MAJ,I:MAJ,IV:MAJ,I:MAJ,V:MAJ,I:MAJ,V:MAJ,IV:MAJ,I:MAJ,IV:MAJ,I:MAJ,V:MAJ,I:MAJ,IV:MAJ,I:MAJ,V:MAJ,I:MAJ,IV:MAJ,I:MAJ,V:MAJ,I:MAJ
MAJOR;I:MAJ,V:MAJ,I:MAJ,V:MAJ,I:MAJ,V:MAJ,I:MAJ,IV:MAJ,I:MAJ,IV:MAJ,I:MAJ,IV:MAJ,I:MAJ,V:MAJ,I:MAJ,V:MAJ,I:MAJ,V:MAJ,I:MAJ,IV:MAJ,I:MAJ,IV:MAJ,I:MAJ,IV:MAJ
MAJOR;I:MAJ,V:MAJ,I:MAJ,V:MAJ,I:MAJ,IV:MAJ,I:MAJ,VI:DIM,II:MAJ,II:DIM,V:MAJ,I:MAJ,V:MAJ,I:MAJ,IV:MIN,I:MIN
MAJOR;VII:DIM,V:MAJ,I:MAJ,V:MAJ,I:MAJ,V:MAJ,I:MAJ,V:MAJ,I:MAJ
MAJOR;bII:MAJ,V:MAJ,I:MAJ,V:MAJ,I:MAJ,V:MAJ,I:MAJ,V:MAJ,I:MAJ
MAJOR;VI:DIM,II:MAJ,VI:DIM,II:MAJ,VI:DIM,#IV:DIM,II:MAJ,V:MAJ,I:MAJ,V:MAJ,I:MAJ,IV:MAJ,I:MAJ,VI:DIM,#IV:DIM,II:DIM,V:MAJ,I:MAJ,V:MAJ,I:MAJ,IV:MIN
MAJOR;V:MAJ,II:DIM,V:MAJ,I:MAJ,V:MAJ,I:MAJ,VI:MIN,V:MAJ,I:MAJ,V:MAJ,I:MAJ,VI:MIN
MAJOR;VII:DIM,V:MAJ,I:MAJ,V:MAJ,I:MAJ,VI:MIN,V:MAJ,I:MAJ,V:MAJ,I:MAJ,VI:MIN,V:MAJ,I:MAJ,VI:MAJ,I:MAJ,IV:MIN,I:MAJ,VI:MAJ,I:MAJ,IV:MIN,I:MAJ,VI:DIM,VII:MIN,V:DIM,VI:MIN,IV:DIM,V:MIN,#II:DIM,IV:MIN,#I:DIM,#II:MIN,VII:DIM,#I:MIN,VI:DIM,VII:MIN,V:DIM,VI:MIN,IV:DIM,V:MIN,#II:DIM,IV:MIN
MAJOR;II:DIM,V:MAJ,II:DIM,V:MAJ,II:DIM,V:MAJ,II:DIM,V:MAJ,II:DIM,V:MAJ,II:DIM,V:MAJ,I:MAJ,V:MAJ,I:MAJ,VII:DIM,IV:MIN,V:MAJ,II:MIN,V:MAJ,IV:MAJ,VI:MIN,II:MIN,I:MAJ,II:MIN,V:MAJ,IV:MAJ,VI:MIN,II:MIN,I:MAJ
MAJOR;II:MIN,V:MAJ,VII:DIM,V:MAJ,I:MAJ,V:MAJ,I:MAJ,IV:MAJ,V:MAJ,I:MAJ,V:MAJ,I:MAJ,#IV:DIM
MAJOR;V:MAJ,I:MAJ,V:MAJ,I:MAJ,IV:MAJ,V:MAJ,I:MAJ,V:MAJ,I:MAJ
MAJOR;II:DIM,V:MAJ,II:DIM,V:MAJ,II:DIM,VII:DIM,I:DIM,#I:DIM,II:DIM,#II:DIM,III:DIM,IV:DIM,#IV:DIM,V:DIM,#V:DIM,VI:DIM,#VI:DIM,VII:DIM,I:DIM,#I:DIM,II:DIM,#II:DIM,III:DIM,IV:DIM,#IV:DIM,V:DIM,#V:DIM,VI:DIM,#VI:DIM,V:MAJ
MAJOR;V:MAJ,I:MAJ,V:MAJ,I:MAJ,IV:MAJ,I:MAJ,#IV:DIM,II:DIM,bVI:MAJ,I:MAJ,V:MAJ,I:MAJ,V:MAJ,I:MAJ,#IV:DIM,II:DIM,V:MAJ,I:MAJ,#IV:DIM,II:DIM,V:MAJ,#IV:DIM,V:MAJ,II:MIN,V:MAJ,II:MIN,V:MAJ,I:MAJ,V:MAJ,I:MAJ,VI:MIN,II:MIN,V:MAJ,I:MAJ,V:MAJ,I:MAJ,VI:MIN,II:MIN,V:MAJ,I:MAJ,IV:MIN,VI:MAJ,I:MAJ,IV:MIN,I:MAJ,VI:MAJ,I:MAJ,IV:MIN,I:MAJ,V:MAJ,I:MAJ,V:MAJ,I:MAJ,III:MAJ,VI:MIN,VII:DIM,III:MIN,V:MAJ,I:MAJ,V:MAJ,I:MAJ,V:MAJ,I:MAJ,III:MAJ,VI:MIN,VII:DIM,III:MIN,V:MAJ,I:MAJ,IV:MAJ,I:MAJ,IV:MIN,I:MAJ,IV:MAJ,I:MAJ,II:MIN,I:MAJ,VI:MIN,IV:MAJ,I:MAJ,II:MIN,I:MAJ,VI:MIN,IV:MAJ,I:MAJ,II:MIN,I:MAJ,VI:MIN,IV:MAJ,I:MAJ,VI:MIN,II:MAJ,V:MAJ,I:MAJ
MINOR;VI:MAJ,#VI:MIN,III:MAJ,III:AUG,#VII:DIM,V:MAJ,I:MIN,V:MAJ,VI:MAJ,I:MIN,VI:MAJ,IV:MIN,#VII:DIM,bII:MAJ,V:DIM,bII:MAJ,#VII:DIM,VII:MIN,bII:AUG,bII:MAJ,#VII:DIM,bII:MAJ,#VII:DIM,V:MAJ,I:MIN,V:MAJ,VI:MAJ,I:MIN,VI:MAJ,IV:MIN,#VII:DIM,bII:MAJ,V:DIM,bII:MAJ,#VII:DIM,VII:MIN,bII:MAJ,#VII:DIM,bII:MAJ,#VII:DIM
MAJOR;VI:MAJ,I:MAJ,V:MAJ
MINOR;V:MAJ,#VII:DIM,I:MIN,IV:MIN,I:MAJ,I:MIN
MAJOR;V:MAJ,#V:DIM,VI:MIN,III:MAJ,VI:MIN,#I:DIM,II:MAJ
MAJOR;VII:DIM,V:MAJ,I:MAJ,bII:MAJ,II:MAJ,bIII:MAJ,bIV:MAJ,IV:MAJ,bV:MAJ,IV:MAJ,bIV:MAJ,bIII:MAJ,bIV:MAJ,bIII:MAJ,II:MAJ,bII:MAJ,I:MAJ,bII:MAJ,II:MAJ,bIII:MAJ,bIV:MAJ,IV:MAJ,bV:MAJ,IV:MAJ,bIV:MAJ,bIII:MAJ,bIV:MAJ,bIII:MAJ,II:MAJ,bII:MAJ
MAJOR;I:MAJ,bII:MAJ,II:MAJ,bIII:MAJ,III:MAJ,IV:MAJ,bV:MAJ,IV:MAJ,III:MAJ,bIII:MAJ,III:MAJ,bIII:MAJ,II:MAJ,bII:MAJ,I:MAJ,bII:MAJ,II:MAJ,bIII:MAJ,III:MAJ,IV:MAJ,bV:MAJ,IV:MAJ,III:MAJ,bIII:MAJ,III:MAJ,bIII:MAJ,II:MAJ,#I:MAJ
MAJOR;VII:DIM
MAJOR;II:MAJ
MAJOR;I:MAJ,III:MIN,I:MAJ,III:MIN,I:MAJ
MAJOR;V:MAJ,I:MAJ,III:MIN,I:MAJ,III:MIN,I:MAJ
MAJOR;V:MAJ,I:MAJ,IV:MIN
MINOR;V:MAJ,#VII:DIM,#IV:DIM,#III:DIM,#VII:DIM,#IV:DIM,#III:DIM,#VII:DIM,#IV:DIM,#III:DIM,#VII:DIM
MAJOR;I:MAJ,bII:MAJ,II:MAJ,V:AUG,I:MAJ
MINOR;III:AUG,I:MAJ,bII:MAJ,VII:MIN,III:AUG,#VII:DIM,#IV:DIM,#III:DIM,bII:MAJ,#III:DIM,bII:MAJ,#VII:DIM,#VII:MAJ,#III:MIN,#VII:DIM,V:MAJ,I:MIN,III:AUG,I:MIN,V:MAJ,VI:MAJ,I:MIN,III:AUG,I:MIN,VI:MAJ,IV:MIN,#VII:DIM,bII:MAJ,V:DIM,bII:MAJ,#VII:DIM,VII:MIN,bII:AUG,bII:MAJ,#VII:DIM,bII:MAJ,#VII:DIM,V:MAJ,I:MIN,III:AUG,I:MIN,V:MAJ,VI:MAJ,I:MIN,III:AUG,I:MIN,IV:MIN,#VII:DIM,bII:MAJ,#VII:DIM,bII:MAJ,bII:AUG,bII:MAJ,#VII:DIM,bII:MAJ,#VII:DIM,#III:DIM,bII:MAJ,IV:MIN,I:MAJ,bII:MAJ,I:MIN,bII:MAJ,#III:DIM,I:MAJ,VI:MAJ,V:MAJ,II:DIM,V:MAJ,#VII:DIM,I:MIN,#VII:DIM,I:MIN,V:MAJ,I:MIN,V:MAJ,I:MIN
MINOR;I:MIN,II:DIM,IV:MIN,#IV:MAJ,V:MAJ
MINOR;IV:MIN,I:MIN,V:MAJ,I:MIN,II:DIM,IV:MIN,#IV:MAJ,V:MAJ
MINOR;IV:MIN,I:MIN,V:MAJ,I:MIN
MINOR;I:MIN,#VII:DIM,V:MAJ,I:MIN,#VII:DIM
MINOR;V:MAJ,VI:MAJ,V:MAJ,VI:MAJ
MINOR;V:MAJ,#VII:DIM,IV:MIN,V:MAJ,II:DIM,V:MAJ,#VII:DIM
MINOR;#IV:MAJ,V:MAJ,#VII:DIM,I:MIN
MINOR;#IV:MAJ,V:MAJ,#VII:DIM,I:MIN
MINOR;V:MAJ,I:MIN,II:DIM,IV:MIN,#IV:MAJ,V:MAJ
MINOR;IV:MIN,V:MAJ,I:MIN,II:DIM,IV:MIN,#IV:MAJ,V:MAJ
MINOR;IV:MIN,V:MAJ,I:MIN,#IV:DIM,I:MIN,#VII:DIM,V:MAJ,I:MIN,#VII:DIM
MINOR;V:MAJ,#VII:DIM,V:MAJ,I:MIN,II:DIM,II:MIN,II:DIM,II:MAJ,II:DIM
MAJOR;I:MAJ,IV:MAJ,II:DIM,V:MAJ,I:MAJ,IV:MAJ,II:DIM,V:MAJ
MAJOR;I:MAJ,VII:DIM,V:MAJ,I:MAJ,VII:DIM,V:MAJ
MINOR;#IV:MAJ,V:MAJ,#VII:DIM,I:MIN
MINOR;#IV:MAJ,V:MAJ,#VII:DIM,I:MIN
MINOR;VI:MIN,#VII:DIM,V:MAJ,I:MIN,#III:DIM,bII:MAJ,#VII:DIM,I:MIN,#III:DIM,bII:MAJ,#VII:DIM,#IV:MAJ,#VII:DIM,IV:MIN,I:MIN
MAJOR;V:MAJ,I:MAJ,VI:MIN,#IV:DIM,V:MAJ,VII:DIM,V:MAJ,I:MAJ,VI:MIN
MINOR;II:MAJ,V:MAJ,II:MAJ,II:MIN
MAJOR;II:MAJ,II:AUG,V:MAJ,I:MAJ,VI:MIN,#IV:DIM,V:MAJ,VII:DIM,V:MAJ,I:MAJ,VI:MIN
MAJOR;II:MAJ,V:MAJ,I:MAJ,VI:MIN,#IV:DIM,IV:MAJ,I:MAJ,II:MAJ,VII:DIM,V:MAJ,I:MAJ,VI:MIN,#IV:DIM,IV:MAJ,I:MAJ
MINOR;II:DIM,#VII:DIM,I:MIN,VI:MAJ,#IV:MAJ,IV:MIN,I:MIN,I:MAJ,I:MIN,#IV:DIM,VII:DIM,V:MAJ,I:MIN,VI:MAJ,#IV:MAJ,IV:MIN,I:MIN,I:MAJ,I:MIN
MAJOR;VII:DIM,I:MAJ
MINOR;bII:MAJ,#VII:DIM,II:DIM,bII:MAJ,#VII:DIM,II:DIM
MINOR;bII:MAJ,#VII:DIM,II:DIM,bII:MAJ,#VII:DIM
MINOR;#VII:DIM,V:MAJ
MAJOR;V:MAJ,#V:DIM,II:MIN,V:MIN,#V:DIM,III:MAJ,IV:MAJ,II:DIM,VII:DIM,I:MAJ
MAJOR;I:MAJ,IV:MIN
MINOR;V:MAJ,I:MIN,#VII:DIM
MAJOR;V:MAJ,I:MAJ,IV:MIN,bII:MAJ,VII:DIM,I:MAJ,IV:MIN,bII:MAJ,II:DIM
MAJOR;VII:DIM,V:MAJ,I:MAJ,VII:DIM,V:MAJ,#I:DIM
MAJOR;I:MAJ,VII:DIM,V:MAJ
MAJOR;III:DIM,I:MAJ,VII:DIM,V:MAJ,I:MAJ,VII:DIM,V:MAJ
MINOR;#VII:DIM
MINOR;#VII:DIM
MAJOR;VII:DIM,#II:DIM,III:DIM,IV:DIM,#IV:DIM,#II:DIM,II:DIM,#I:DIM,I:DIM,VII:DIM
MINOR;V:MAJ
MINOR;#VII:DIM,V:MAJ,I:MIN,V:MIN
MAJOR;VII:DIM,II:DIM,VII:DIM,IV:MIN,VII:DIM,V:MAJ,I:MAJ,VI:MIN,#IV:DIM,V:MAJ,VII:DIM,V:MAJ,I:MAJ,VI:MIN
MINOR;II:MAJ,V:MAJ,II:MAJ
MAJOR;II:MAJ,V:MAJ,I:MAJ,VI:MIN,#IV:DIM,V:MAJ,VII:DIM,V:MAJ,I:MAJ,VI:MIN
MINOR;II:MAJ,V:MAJ,II:MAJ,#IV:MAJ,II:MAJ,V:MAJ
MAJOR;II:MIN,VI:MIN,II:DIM,V:MAJ,I:MAJ
MAJOR;II:MIN,VI:MIN,II:DIM,V:MAJ,I:MAJ,bVI:MAJ,I:MAJ
MAJOR;V:MAJ,IV:MIN,bII:MAJ,bVII:MAJ,V:MAJ,I:MAJ,VI:MIN,#IV:DIM,V:MAJ,II:DIM,V:MAJ,I:MAJ,VI:MIN,II:MAJ,V:MAJ,I:MAJ,VI:MIN,#IV:DIM,V:MAJ,VII:DIM,V:MAJ,I:MAJ,VI:MIN
MINOR;II:MAJ,V:MAJ
MAJOR;II:MIN,VI:MIN,II:DIM,IV:MIN,V:MAJ,I:MAJ
MAJOR;II:MIN,VI:MIN,II:DIM,IV:MIN,V:MAJ,I:MAJ,bVI:MAJ,bVI:AUG,I:MAJ,bVI:MAJ,bVI:AUG,I:MAJ,I:AUG,III:MAJ,I:MAJ,I:AUG
MAJOR;V:MAJ,I:MAJ,V:MAJ,VI:MIN,III:MAJ,#I:DIM,#IV:DIM,VII:DIM,I:MAJ
MAJOR;II:MAJ,V:MAJ
MAJOR;V:MAJ,V:AUG,I:MAJ,I:DIM,bVI:MAJ,bII:MAJ,V:MAJ,I:MAJ,I:DIM,bVI:MAJ,bII:MIN,V:MAJ,I:MAJ,#IV:MAJ,I:MAJ,#IV:MAJ,I:MAJ,#IV:MAJ,I:MAJ,V:MAJ,#IV:MAJ,I:MAJ,bII:MAJ,I:MAJ
MAJOR;V:MAJ,I:MAJ,IV:MAJ,V:MAJ,I:MAJ,IV:MAJ,V:MAJ,I:MAJ,IV:MAJ,V:MAJ,I:MAJ,IV:MAJ,V:MAJ,I:MAJ,VI:MIN,IV:MAJ,I:MAJ,VI:MIN,IV:MAJ
MAJOR;V:MAJ,I:MAJ,IV:MAJ,V:MAJ,I:MAJ,IV:MAJ,V:MAJ,I:MAJ,IV:MAJ,V:MAJ,I:MAJ,IV:MAJ,V:MAJ,I:MAJ,VI:MIN
MAJOR;II:MIN,V:MAJ,III:MIN,II:MIN,V:MAJ,I:MAJ,II:MIN,V:MAJ,I:MAJ,IV:MAJ,II:MIN,V:MAJ,I:MAJ,II:MIN,V:MAJ,I:MAJ,IV:MAJ,II:MIN,V:MAJ,I:MAJ,VI:MIN,II:MAJ,II:MIN,II:MAJ,II:MIN,II:MAJ,II:MIN,II:MAJ,II:MIN,V:MAJ,II:MIN,V:MAJ,II:MIN,V:MAJ,II:MIN,V:MAJ,I:MAJ,IV:MAJ,I:MAJ,IV:MAJ,VI:MAJ,II:MIN,VI:MAJ,II:MIN,IV:MAJ,bVII:MAJ,IV:MAJ,bVII:MAJ,IV:MAJ,bVII:MAJ,II:MIN,V:MAJ,II:MIN,V:MAJ,II:MIN,V:MAJ,I:MAJ,II:MIN,V:MAJ,I:MAJ,IV:MAJ,II:MIN,V:MAJ,I:MAJ,II:MIN,V:MAJ,I:MAJ,IV:MAJ,II:MIN,V:MAJ,I:MAJ,V:MAJ,IV:MAJ,V:MAJ,I:MAJ,VI:MIN,II:MIN,V:MAJ,I:MAJ,V:MAJ,IV:MAJ,V:MAJ,I:MAJ,VI:MIN,II:MIN,V:MAJ,I:MAJ
MAJOR;II:MIN,V:MAJ,II:MIN,V:MAJ,II:MIN,V:MAJ,II:MIN,V:MAJ
MAJOR;#IV:MAJ,I:MAJ,IV:MAJ,I:MAJ,IV:MAJ,II:MAJ
MAJOR;V:MAJ,III:MIN,I:MAJ
MAJOR;II:MIN,V:MAJ,II:MIN,V:MAJ,II:MIN,V:MAJ,II:MIN,V:MAJ
MAJOR;#IV:MAJ,I:MAJ,IV:MAJ,I:MAJ,IV:MAJ,II:MAJ
MAJOR;V:MAJ,III:MIN,I:MAJ,V:MAJ,I:MAJ,V:MAJ,I:MAJ,V:MAJ,I:MAJ,V:MAJ,I:MAJ,V:MAJ,I:MAJ,V:MAJ,I:MAJ,V:MAJ,I:MAJ,VI:MIN,IV:MAJ,I:MAJ,VI:MIN,IV:MAJ,#I:MAJ,V:MAJ,I:MAJ,V:MAJ,IV:MAJ,V:MAJ,I:MAJ
MINOR;I:MIN,#IV:DIM,I:MIN,V:MAJ,I:MIN,#IV:DIM,I:MIN,V:MAJ,I:MIN,V:MAJ,I:MIN,V:MAJ,I:MIN,V:MAJ,I:MIN,V:MAJ,I:MIN,V:MAJ,I:MIN,V:MAJ,II:MAJ,V:MAJ,II:MAJ,V:MAJ,II:MAJ,I:MIN,II:MAJ,V:MAJ,II:MAJ,V:MAJ,II:MAJ,I:MIN,V:MAJ,I:MIN,V:MAJ,I:MIN,V:MAJ,I:MIN,V:MAJ,I:MIN,V:MAJ,I:MIN,V:MAJ,I:MIN,V:MAJ,I:MIN,V:MAJ,I:MIN,V:MAJ,I:MIN,V:MAJ,I:MIN,V:MAJ
MINOR;V:MAJ,I:MIN,V:MAJ,VI:MAJ,II:DIM,V:MAJ,I:MIN,V:MIN,VI:MAJ,#IV:MAJ,V:MAJ,I:MAJ,IV:MAJ,V:MAJ,I:MAJ,I:MIN,II:DIM,II:MAJ,V:MAJ,II:MAJ,V:MAJ
MINOR;I:MIN,#IV:DIM,I:MIN,V:MAJ,I:MIN,#IV:DIM,I:MIN,V:MAJ,I:MIN,V:MAJ,I:MIN,V:MAJ,I:MIN,V:MAJ,I:MIN,V:MAJ,I:MIN,V:MAJ,I:MIN,V:MAJ,II:MAJ,V:MAJ,II:MAJ,I:MIN,II:MAJ,V:MAJ,II:MAJ,I:MIN,V:MAJ,I:MIN,V:MAJ,I:MIN,V:MAJ,I:MIN,V:MAJ,I:MIN,V:MAJ,I:MIN,V:MAJ,I:MIN,V:MAJ,I:MIN,V:MAJ,I:MIN,V:MAJ,I:MIN,V:MAJ,I:MIN,V:MAJ
MINOR;V:MAJ,I:MIN,V:MAJ,VI:MAJ,II:MAJ,V:MAJ,I:MIN,V:MIN,#VI:DIM,#IV:MAJ,V:MAJ
MAJOR;I:MAJ,IV:MAJ,V:MAJ,I:MAJ
MINOR;V:MAJ,I:MIN,II:DIM,II:MAJ,V:MAJ
MINOR;I:MIN,II:DIM,II:MAJ,V:MAJ
MINOR;I:MIN,IV:MIN,II:DIM,I:MIN,IV:MIN,II:DIM
MAJOR;VII:DIM,I:MAJ,IV:MAJ,V:MAJ,I:MAJ,#I:DIM,bII:MAJ
MINOR;V:MAJ,I:MIN,II:MAJ,I:MIN,II:MAJ,I:MIN,IV:MAJ,II:MAJ,I:MIN
MAJOR;II:MIN,I:MAJ,VII:DIM,I:MAJ,II:MIN,VII:DIM,I:MAJ,II:MIN,VII:DIM,I:MAJ,II:MIN,VII:DIM,#IV:DIM
MAJOR;V:MAJ,I:MAJ
MAJOR;VII:DIM,II:MAJ,VII:DIM,V:MAJ,VII:DIM,I:MAJ,VII:DIM,I:MAJ,VII:DIM,#IV:DIM
MAJOR;I:MAJ,V:MAJ,I:MAJ
MAJOR;I:MAJ,V:MAJ,I:MAJ,V:MAJ,IV:MAJ,V:MAJ,I:MAJ
MAJOR;I:MAJ,II:MIN,V:MAJ,I:MAJ,#I:DIM,II:MIN,V:MAJ,I:MAJ,#I:DIM,II:MIN,V:MAJ,I:MAJ,III:MAJ,VI:MIN
MAJOR;IV:MIN,V:MAJ,I:MAJ
MINOR;I:MIN,#I:DIM,II:DIM,V:MAJ,I:MIN,#I:DIM,II:DIM,V:MAJ,I:MIN,#III:DIM,#VI:DIM
MINOR;I:MIN,I:DIM,VI:DIM
MINOR;#IV:MAJ,V:MAJ
MAJOR;II:MAJ,#IV:DIM,II:MAJ,V:MAJ,#I:DIM,VII:DIM,V:MAJ,I:MAJ,III:MIN,V:MAJ,IV:MAJ,III:MIN,V:MAJ,I:MAJ
MAJOR;I:MAJ,II:MIN,V:MAJ,I:MAJ,#I:DIM,II:MIN,V:MAJ,I:MAJ,#I:DIM,II:MIN,V:MAJ
MAJOR;I:MAJ
MINOR;I:MIN,IV:MIN,I:MIN,IV:MIN,I:MIN
MAJOR;bbIII:MAJ,VI:DIM,VI:MIN,III:MAJ,VII:DIM,bI:MIN,bII:DIM,bII:MIN,VI:MAJ,#I:DIM,VI:MAJ,II:MIN,II:MAJ,V:MAJ,#IV:DIM,II:MIN,V:MAJ,#IV:DIM,II:MIN,V:MAJ,VII:DIM,V:MAJ,I:MAJ,V:MAJ,VII:DIM,I:MAJ,bVI:MAJ,IV:MAJ,II:MIN,IV:MAJ,II:MIN,V:MAJ,I:MAJ
MAJOR;V:MAJ,II:MIN,VI:MIN,I:MAJ,V:MAJ,II:MIN,VI:MIN,I:MAJ,V:MAJ,I:MAJ,VII:MAJ,III:MAJ,II:MIN,I:MIN,bV:MAJ,bbVII:MAJ,bIV:MAJ,V:MAJ,IV:MAJ,II:MIN,V:MAJ,IV:MAJ,II:MIN,V:MAJ,II:MIN,V:MAJ,II:MIN,V:MAJ,II:MIN,V:MAJ,II:MIN,V:MAJ,II:MIN,I:MAJ,V:MAJ,II:MIN,V:MAJ,I:MAJ,II:MIN,IV:MAJ,V:MAJ,IV:MAJ,II:MIN,I:MAJ,V:MAJ,II:MIN,V:MAJ,I:MAJ
MAJOR;V:MAJ,VII:DIM,II:MIN,I:MAJ,V:MAJ,I:MAJ
MAJOR;I:MAJ,V:MAJ,IV:MAJ,V:MAJ,I:MAJ,IV:MAJ
MAJOR;II:DIM,V:MAJ,I:MAJ,V:MAJ,I:MAJ,V:MAJ
MAJOR;V:MAJ,I:MAJ,V:MAJ,IV:MAJ,I:MAJ,V:MAJ
MINOR;#VII:DIM,I:MIN
MAJOR;IV:MAJ,V:MAJ,VII:DIM,V:MAJ,I:MAJ,V:MAJ
MAJOR;V:MAJ,I:MAJ,V:MAJ
MAJOR;V:MAJ,#I:DIM,#IV:DIM,II:MAJ,#IV:DIM,V:MAJ,I:MAJ,V:MAJ,I:MAJ,V:MAJ,IV:MAJ,II:MIN,I:MAJ,IV:MAJ,V:MAJ,I:MAJ,IV:MAJ,II:MIN
MAJOR;II:DIM,V:MAJ,I:MAJ,V:MAJ,I:MAJ,V:MAJ
MAJOR;V:MAJ,I:MAJ,V:MAJ,IV:MAJ,II:MIN,I:MAJ,IV:MAJ,V:MAJ,#I:DIM,bVII:MAJ,IV:MAJ
MAJOR;I:MAJ,V:MAJ
MAJOR;I:MAJ,VI:MIN,II:MIN,IV:MAJ,I:MAJ,VI:MIN,II:MIN,IV:MAJ,VII:DIM
MAJOR;I:MAJ,V:MAJ,I:MAJ,II:MIN,IV:MAJ,V:MAJ,IV:MAJ,I:MAJ,V:MAJ,I:MAJ,II:MIN
MAJOR;II:MIN,bVII:MAJ,II:MIN,V:MAJ,I:MAJ,IV:MAJ,I:MAJ,IV:MAJ,I:MAJ,VI:MIN,I:MAJ,VI:MIN,I:MAJ,VI:MIN,I:MAJ
MINOR;#VII:DIM,V:MAJ,VI:MAJ,V:MAJ,III:MAJ,II:DIM,I:MIN,V:MAJ,#IV:DIM,V:MAJ,VI:MAJ,V:MAJ,III:MAJ,II:DIM,I:MIN,V:MAJ,#IV:DIM,V:MAJ,VI:MAJ,V:MAJ,III:MAJ,II:DIM,I:MIN,V:MAJ,#IV:DIM,V:MAJ,VI:MAJ,V:MAJ,III:MAJ,II:DIM,I:MIN,V:MAJ,#IV:DIM,V:MAJ,VI:MAJ,#VII:DIM,III:MAJ,II:DIM,I:MIN,#VII:DIM,#IV:DIM,V:MAJ,VI:MAJ,#VII:DIM,III:MAJ,II:DIM,I:MIN,#VII:DIM,#IV:DIM,V:MAJ,I:MIN,#VII:DIM,VI:MAJ,V:MAJ,I:MIN,#VII:DIM,I:MIN,V:MAJ,I:MIN,#VII:DIM,VI:MAJ,V:MAJ,I:MIN,#VII:DIM,I:MIN,V:MAJ,I:MIN,V:MAJ,I:MIN,V:MAJ,I:MIN,V:MAJ,I:MIN,V:MAJ,I:MIN,V:MAJ,I:MIN
MAJOR;V:MAJ,I:MAJ,V:MAJ,I:MAJ
MAJOR;I:MAJ
MINOR;#VII:DIM,I:MIN,V:MAJ,I:MIN
MINOR;bII:MAJ,V:MAJ,I:MIN,V:MAJ,I:MIN,V:MAJ,I:MIN
MAJOR;V:MAJ,I:MAJ,V:MAJ,I:MAJ
MAJOR;I:MAJ
MINOR;#VII:DIM,I:MIN,V:MAJ,I:MIN
MINOR;bII:MAJ,V:MAJ,I:MIN,I:MAJ,IV:MIN,VII:MAJ,III:MAJ,bII:MAJ,V:MAJ,I:MIN,I:MAJ,IV:MIN,VII:MAJ,III:MAJ,bII:MAJ,V:MAJ,I:MIN,I:MAJ,IV:MIN,VII:MAJ,III:MAJ,bII:MAJ,V:MAJ,I:MIN,I:MAJ,IV:MIN,VII:MAJ,III:MAJ,bII:MAJ,V:MAJ,I:MIN,V:MIN,IV:MIN,V:MAJ,#VII:DIM,I:MIN,V:MAJ,I:MIN,I:MAJ,IV:MIN,VII:MAJ,III:MAJ,bII:MAJ,V:MAJ,I:MIN,V:MIN,IV:MIN,V:MAJ,#VII:DIM,I:MIN,V:MAJ,I:MIN,I:MAJ,IV:MIN,VII:MAJ,III:MAJ,bII:MAJ,V:MAJ,I:MIN,#III:DIM,IV:MIN,#III:DIM,IV:MIN,#III:DIM,IV:MIN,V:MAJ,I:MIN,#III:DIM,IV:MIN,#III:DIM,IV:MIN,#III:DIM,IV:MIN,V:MAJ,I:MIN,#III:DIM,IV:MIN,#III:DIM,IV:MIN,#III:DIM,IV:MIN,V:MAJ,I:MIN,#III:DIM,IV:MIN,#III:DIM,IV:MIN,#III:DIM,IV:MIN,V:MAJ,I:MIN,V:MAJ,I:MIN
MAJOR;V:MAJ,I:MAJ,V:MAJ,I:MAJ
MAJOR;I:MAJ
MINOR;#VII:DIM,I:MIN,V:MAJ,I:MIN
MINOR;bII:MAJ,V:MAJ,I:MIN,V:MAJ,I:MIN,V:MAJ,I:MIN
MAJOR;V:MAJ,I:MAJ,V:MAJ,I:MAJ
MAJOR;I:MAJ
MINOR;#VII:DIM,I:MIN,V:MAJ,I:MIN
MINOR;bII:MAJ,V:MAJ,I:MIN,#VII:DIM,VI:MAJ,V:MAJ,I:MIN,#VII:DIM,I:MIN,V:MAJ,I:MIN,#VII:DIM,VI:MAJ,V:MAJ,I:MIN,#VII:DIM,I:MIN,#IV:MAJ,V:MAJ,I:MIN,V:MAJ,I:MIN,V:MAJ,I:MIN,V:MAJ,I:MIN
MAJOR;V:MAJ,I:MAJ,V:MAJ,I:MAJ,IV:MAJ,VII:DIM,V:MAJ,I:MAJ,V:MAJ,I:MAJ,II:MIN,V:MAJ,I:MAJ,IV:MAJ,I:MAJ,IV:MAJ,VI:MAJ,#I:DIM,II:MIN,II:DIM,V:MAJ,I:MAJ,IV:MAJ,I:MAJ,IV:MAJ,VI:MAJ,#I:DIM,II:MIN,V:MAJ,VII:DIM,#IV:DIM,bIII:MAJ,VII:DIM,I:MIN,#IV:DIM,II:MAJ
MAJOR;I:MAJ,V:MAJ,I:MAJ
MAJOR;VII:DIM,V:MAJ,#I:DIM,V:MIN,#I:DIM,V:MIN,VI:MIN,III:DIM,#II:DIM,II:DIM,#I:DIM,I:DIM,VII:DIM,V:DIM,#IV:DIM,IV:DIM,III:DIM,#II:DIM,V:DIM,VII:DIM,I:DIM,#I:DIM,II:DIM,#II:DIM,III:DIM,IV:DIM,#IV:MAJ,VI:MAJ,#IV:MAJ,VI:MAJ,#IV:MAJ,VI:MAJ,#IV:MAJ,VI:MAJ,#IV:MAJ,VI:MAJ,#IV:MAJ,VI:MAJ,#IV:MAJ,VI:MAJ,#IV:MAJ,VI:MAJ,I:MAJ,bVII:MAJ,VI:MAJ,#I:DIM,II:MIN,III:MIN,II:MIN,I:MAJ,VII:MAJ,V:MAJ,I:MAJ,V:MAJ,VII:DIM,V:MAJ,VII:DIM,V:MAJ,I:MAJ,IV:MAJ,II:MIN,V:MAJ,I:MAJ,V:MAJ,bVI:MAJ,VI:MAJ,bVII:MAJ,VII:MAJ,bVII:MAJ,VI:MAJ,bVI:MAJ,V:MAJ,#IV:MAJ,V:MAJ,I:MAJ,VI:MIN,V:MAJ,I:MAJ,IV:MAJ,I:MAJ,V:MAJ,I:MAJ,bVI:MAJ,VI:MAJ,bVII:MAJ,VII:MAJ,I:MAJ,bII:MAJ,I:MAJ,bII:MAJ,II:MAJ,#IV:MAJ,I:MAJ,IV:MAJ,I:MAJ,IV:MAJ,VI:MAJ,II:MIN,II:MAJ,#I:MAJ,II:MAJ,#II:MAJ,III:MAJ,#III:MAJ,III:MAJ,#II:MAJ,II:MAJ,#I:MAJ,I:MAJ,VII:MAJ,I:MAJ,#I:MAJ,II:MAJ,#II:MAJ,II:MAJ,#I:MAJ,I:MAJ,VII:MAJ,#VI:MAJ,VI:MAJ,bVII:MAJ,VII:MAJ,I:MAJ,#I:MAJ,II:MAJ,#II:MAJ,III:MAJ,IV:MAJ,#IV:MAJ,V:MAJ,#V:MAJ,VI:MAJ,#V:MAJ,V:MAJ,#IV:MAJ,IV:MAJ,III:MAJ,#II:MAJ,II:MAJ,#I:MAJ,I:MAJ,VII:MAJ,bVII:MAJ,VI:MAJ
MAJOR;V:MAJ,bVI:MAJ,V:MAJ,bVI:MAJ,V:MAJ,bVI:MAJ,V:MAJ,bVI:MAJ,I:MAJ,V:MAJ,VII:DIM,III:DIM
MAJOR;II:MIN,#IV:MAJ,#IV:DIM,I:MAJ,V:MAJ,VII:DIM,#I:DIM,#IV:DIM,VII:DIM,#I:DIM,#IV:DIM,#IV:MAJ,II:DIM,V:MAJ,I:MIN,VI:MAJ,V:MAJ,I:MAJ,V:MAJ,I:MAJ,II:MIN,I:MAJ,IV:MAJ,III:MIN,#II:DIM,V:MAJ,I:MAJ,V:MAJ,III:MIN,I:MAJ,IV:MAJ,II:DIM,V:MAJ,I:MAJ,V:MAJ,I:MAJ,II:MIN,I:MAJ,IV:MAJ,III:MIN,#II:DIM,V:MAJ,I:MAJ,V:MAJ,III:MIN,I:MAJ,IV:MAJ,II:DIM,V:MAJ,I:MAJ
MAJOR;VI:MIN,V:MAJ,I:MAJ,V:MAJ,VI:MIN,I:MAJ,V:MAJ,VI:MIN,V:MAJ,I:MAJ,V:MAJ,VI:MIN,I:MAJ
MINOR;V:MAJ,#IV:DIM,#VII:DIM,I:MIN,II:DIM,II:MAJ,V:MAJ,I:MIN,V:MAJ,I:MIN,V:MAJ,#IV:DIM,#VII:DIM,I:MIN,II:DIM,II:MAJ,V:MAJ,I:MIN,V:MAJ,I:MIN,V:MAJ,I:MIN
MAJOR;II:DIM,I:MAJ,#V:DIM,VI:MIN,#IV:DIM,bIII:MAJ,VII:DIM,I:MAJ,I:MIN,II:DIM,bII:MAJ,VII:DIM,V:MAJ,I:MAJ,V:MAJ,I:MAJ,V:MAJ,I:MAJ,V:MAJ,I:MAJ,V:MAJ,I:MAJ,III:MAJ,VI:MAJ,I:MAJ,IV:MAJ,bVI:MAJ,bII:MAJ,V:MAJ,I:MAJ,III:MAJ,VI:MAJ,I:MAJ,IV:MAJ,bVI:MAJ,bII:MAJ,V:MAJ,I:MAJ,III:MAJ,VI:MAJ,I:MAJ,IV:MAJ,bVI:MAJ,bII:MAJ,V:MAJ,I:MAJ,IV:MIN,I:MAJ
